Date,Temperature,Humidity,Wind_Speed,City
2015-01-01,16.3,68,6.6,Delhi
2015-01-02,15.3,83,7.0,Delhi
2015-01-03,15.6,84,5.1,Delhi
2015-01-04,14.4,78,10.2,Delhi
2015-01-05,14.3,74,18.7,Delhi
2015-01-06,15.1,75,12.7,Delhi
2015-01-07,13.8,79,6.9,Delhi
2015-01-08,13.0,80,6.9,Delhi
2015-01-09,12.4,83,6.4,Delhi
2015-01-10,11.9,81,9.4,Delhi
2015-01-11,11.7,84,8.4,Delhi
2015-01-12,11.3,87,4.7,Delhi
2015-01-13,11.2,87,8.3,Delhi
2015-01-14,12.9,85,12.1,Delhi
2015-01-15,12.0,84,5.6,Delhi
2015-01-16,13.3,78,7.2,Delhi
2015-01-17,13.8,79,7.9,Delhi
2015-01-18,13.7,76,6.9,Delhi
2015-01-19,13.1,75,5.6,Delhi
2015-01-20,12.7,79,8.5,Delhi
2015-01-21,12.6,81,11.7,Delhi
2015-01-22,12.8,87,9.9,Delhi
2015-01-23,14.1,83,5.9,Delhi
2015-01-24,14.4,80,8.2,Delhi
2015-01-25,13.7,75,6.8,Delhi
2015-01-26,13.3,74,6.4,Delhi
2015-01-27,12.9,69,10.4,Delhi
2015-01-28,11.4,74,11.6,Delhi
2015-01-29,11.0,68,10.2,Delhi
2015-01-30,11.8,66,12.0,Delhi
2015-01-31,13.1,65,11.8,Delhi
2015-02-01,13.9,74,8.2,Delhi
2015-02-02,15.8,75,14.7,Delhi
2015-02-03,17.0,78,11.8,Delhi
2015-02-04,13.9,86,10.7,Delhi
2015-02-05,14.1,76,11.1,Delhi
2015-02-06,13.5,72,5.9,Delhi
2015-02-07,14.8,69,5.8,Delhi
2015-02-08,15.3,73,6.5,Delhi
2015-02-09,15.8,71,9.7,Delhi
2015-02-10,15.1,67,10.3,Delhi
2015-02-11,14.8,64,7.7,Delhi
2015-02-12,15.2,69,8.5,Delhi
2015-02-13,16.7,63,10.5,Delhi
2015-02-14,18.8,63,6.3,Delhi
2015-02-15,18.4,71,4.9,Delhi
2015-02-16,19.8,70,14.0,Delhi
2015-02-17,20.4,74,10.8,Delhi
2015-02-18,19.7,77,7.2,Delhi
2015-02-19,20.1,78,11.9,Delhi
2015-02-20,21.2,74,10.6,Delhi
2015-02-21,20.7,75,11.3,Delhi
2015-02-22,20.6,69,15.9,Delhi
2015-02-23,20.2,77,6.7,Delhi
2015-02-24,21.0,79,7.8,Delhi
2015-02-25,21.5,79,10.5,Delhi
2015-02-26,18.7,69,7.5,Delhi
2015-02-27,17.0,68,9.0,Delhi
2015-02-28,18.2,56,9.4,Delhi
2015-03-01,17.1,83,20.8,Delhi
2015-03-02,16.3,93,15.7,Delhi
2015-03-03,15.7,86,5.7,Delhi
2015-03-04,15.2,72,9.6,Delhi
2015-03-05,16.5,70,5.6,Delhi
2015-03-06,18.2,70,7.3,Delhi
2015-03-07,18.3,76,6.8,Delhi
2015-03-08,18.3,79,10.6,Delhi
2015-03-09,16.6,70,11.8,Delhi
2015-03-10,16.1,69,10.6,Delhi
2015-03-11,17.4,70,9.2,Delhi
2015-03-12,18.5,67,8.6,Delhi
2015-03-13,19.0,76,5.9,Delhi
2015-03-14,20.0,79,8.2,Delhi
2015-03-15,18.2,88,12.3,Delhi
2015-03-16,18.2,87,11.7,Delhi
2015-03-17,19.3,76,11.7,Delhi
2015-03-18,18.9,70,13.2,Delhi
2015-03-19,19.2,69,8.1,Delhi
2015-03-20,20.3,67,9.0,Delhi
2015-03-21,22.0,69,7.4,Delhi
2015-03-22,23.2,63,11.5,Delhi
2015-03-23,24.0,62,10.6,Delhi
2015-03-24,24.2,64,7.0,Delhi
2015-03-25,25.2,61,6.4,Delhi
2015-03-26,26.8,58,5.3,Delhi
2015-03-27,27.3,56,7.3,Delhi
2015-03-28,25.6,52,6.1,Delhi
2015-03-29,25.7,52,13.6,Delhi
2015-03-30,22.2,75,17.5,Delhi
2015-03-31,23.0,70,8.1,Delhi
2015-04-01,24.3,66,6.9,Delhi
2015-04-02,26.6,56,9.1,Delhi
2015-04-03,23.5,72,9.2,Delhi
2015-04-04,20.9,83,5.4,Delhi
2015-04-05,22.4,68,5.1,Delhi
2015-04-06,23.8,58,6.9,Delhi
2015-04-07,22.3,67,6.0,Delhi
2015-04-08,23.5,62,6.7,Delhi
2015-04-09,24.0,57,10.9,Delhi
2015-04-10,25.4,51,10.1,Delhi
2015-04-11,26.1,49,5.0,Delhi
2015-04-12,24.4,56,8.0,Delhi
2015-04-13,23.6,70,10.5,Delhi
2015-04-14,24.2,70,9.3,Delhi
2015-04-15,25.6,63,8.4,Delhi
2015-04-16,26.1,62,7.6,Delhi
2015-04-17,27.4,56,10.4,Delhi
2015-04-18,29.6,46,8.8,Delhi
2015-04-19,31.3,39,6.7,Delhi
2015-04-20,31.5,38,11.1,Delhi
2015-04-21,31.0,36,9.8,Delhi
2015-04-22,30.3,27,11.8,Delhi
2015-04-23,30.7,24,7.4,Delhi
2015-04-24,31.4,27,7.2,Delhi
2015-04-25,29.8,36,16.4,Delhi
2015-04-26,28.6,49,17.8,Delhi
2015-04-27,29.6,50,14.5,Delhi
2015-04-28,29.9,50,11.2,Delhi
2015-04-29,29.9,46,8.9,Delhi
2015-04-30,30.6,46,14.2,Delhi
2015-05-01,30.4,40,11.1,Delhi
2015-05-02,30.2,29,9.1,Delhi
2015-05-03,30.3,25,6.9,Delhi
2015-05-04,30.6,28,7.1,Delhi
2015-05-05,31.7,28,8.8,Delhi
2015-05-06,32.7,27,8.8,Delhi
2015-05-07,33.7,25,11.6,Delhi
2015-05-08,34.7,18,11.5,Delhi
2015-05-09,34.1,23,6.5,Delhi
2015-05-10,33.6,25,9.1,Delhi
2015-05-11,32.9,34,6.2,Delhi
2015-05-12,31.2,48,8.1,Delhi
2015-05-13,30.1,60,6.7,Delhi
2015-05-14,29.6,58,6.1,Delhi
2015-05-15,29.8,50,8.3,Delhi
2015-05-16,30.1,55,4.7,Delhi
2015-05-17,31.6,47,7.0,Delhi
2015-05-18,34.6,39,7.5,Delhi
2015-05-19,34.1,31,9.6,Delhi
2015-05-20,33.5,31,11.5,Delhi
2015-05-21,33.6,27,11.1,Delhi
2015-05-22,34.5,23,11.9,Delhi
2015-05-23,34.6,22,11.2,Delhi
2015-05-24,35.1,23,8.2,Delhi
2015-05-25,35.3,21,10.7,Delhi
2015-05-26,35.4,18,10.3,Delhi
2015-05-27,34.0,17,11.0,Delhi
2015-05-28,34.1,21,7.7,Delhi
2015-05-29,35.1,26,10.1,Delhi
2015-05-30,35.0,27,9.8,Delhi
2015-05-31,34.8,25,10.6,Delhi
2015-06-01,33.3,30,6.8,Delhi
2015-06-02,32.1,35,6.4,Delhi
2015-06-03,31.2,42,11.2,Delhi
2015-06-04,30.8,48,9.1,Delhi
2015-06-05,32.8,40,8.7,Delhi
2015-06-06,33.1,35,10.8,Delhi
2015-06-07,34.3,31,8.8,Delhi
2015-06-08,35.5,28,9.0,Delhi
2015-06-09,36.3,25,18.1,Delhi
2015-06-10,36.3,33,18.9,Delhi
2015-06-11,35.8,34,15.0,Delhi
2015-06-12,35.4,37,13.3,Delhi
2015-06-13,34.1,38,9.7,Delhi
2015-06-14,29.0,69,6.2,Delhi
2015-06-15,29.4,69,6.1,Delhi
2015-06-16,31.9,60,5.5,Delhi
2015-06-17,32.7,58,5.1,Delhi
2015-06-18,34.1,46,5.2,Delhi
2015-06-19,34.5,48,8.3,Delhi
2015-06-20,32.8,58,17.0,Delhi
2015-06-21,32.1,62,11.8,Delhi
2015-06-22,32.0,62,10.5,Delhi
2015-06-23,33.1,56,8.3,Delhi
2015-06-24,31.1,70,7.4,Delhi
2015-06-25,26.1,92,7.9,Delhi
2015-06-26,29.8,70,10.6,Delhi
2015-06-27,31.5,66,13.3,Delhi
2015-06-28,32.4,64,8.9,Delhi
2015-06-29,30.5,67,15.0,Delhi
2015-06-30,28.8,68,8.0,Delhi
2015-07-01,30.1,70,5.3,Delhi
2015-07-02,30.8,68,7.0,Delhi
2015-07-03,32.1,64,12.5,Delhi
2015-07-04,31.8,64,13.6,Delhi
2015-07-05,31.5,68,12.3,Delhi
2015-07-06,29.7,77,8.2,Delhi
2015-07-07,27.6,84,7.4,Delhi
2015-07-08,28.2,84,6.0,Delhi
2015-07-09,27.8,87,4.7,Delhi
2015-07-10,26.5,93,7.3,Delhi
2015-07-11,24.9,91,12.5,Delhi
2015-07-12,25.4,89,10.9,Delhi
2015-07-13,27.9,80,7.0,Delhi
2015-07-14,29.5,77,13.4,Delhi
2015-07-15,30.9,70,15.4,Delhi
2015-07-16,30.3,69,11.7,Delhi
2015-07-17,28.1,86,8.0,Delhi
2015-07-18,29.0,83,5.7,Delhi
2015-07-19,28.7,84,6.0,Delhi
2015-07-20,27.5,88,7.5,Delhi
2015-07-21,28.8,81,9.7,Delhi
2015-07-22,29.0,82,10.1,Delhi
2015-07-23,29.4,76,12.5,Delhi
2015-07-24,28.8,80,9.8,Delhi
2015-07-25,28.7,81,12.1,Delhi
2015-07-26,28.2,77,24.3,Delhi
2015-07-27,27.6,75,15.6,Delhi
2015-07-28,27.7,75,13.3,Delhi
2015-07-29,27.4,74,17.0,Delhi
2015-07-30,27.6,79,13.7,Delhi
2015-07-31,27.8,76,11.4,Delhi
2015-08-01,26.8,84,6.7,Delhi
2015-08-02,27.7,83,3.4,Delhi
2015-08-03,28.8,81,6.3,Delhi
2015-08-04,29.1,80,5.6,Delhi
2015-08-05,28.5,87,4.9,Delhi
2015-08-06,28.0,87,3.4,Delhi
2015-08-07,27.7,89,6.3,Delhi
2015-08-08,25.7,94,6.3,Delhi
2015-08-09,26.0,93,6.4,Delhi
2015-08-10,27.5,88,4.4,Delhi
2015-08-11,27.2,91,8.4,Delhi
2015-08-12,28.3,83,7.9,Delhi
2015-08-13,29.1,83,5.2,Delhi
2015-08-14,28.7,85,5.7,Delhi
2015-08-15,27.9,88,5.2,Delhi
2015-08-16,27.3,89,3.5,Delhi
2015-08-17,28.7,83,4.6,Delhi
2015-08-18,28.9,84,7.5,Delhi
2015-08-19,29.0,78,12.4,Delhi
2015-08-20,29.2,71,13.6,Delhi
2015-08-21,28.6,73,9.7,Delhi
2015-08-22,27.9,76,8.1,Delhi
2015-08-23,28.2,82,5.1,Delhi
2015-08-24,28.7,76,9.8,Delhi
2015-08-25,29.6,71,12.8,Delhi
2015-08-26,30.0,72,10.5,Delhi
2015-08-27,29.6,79,4.8,Delhi
2015-08-28,29.3,82,5.7,Delhi
2015-08-29,30.1,78,6.8,Delhi
2015-08-30,30.1,75,8.5,Delhi
2015-08-31,30.1,68,10.8,Delhi
2015-09-01,29.5,63,11.7,Delhi
2015-09-02,29.0,59,11.6,Delhi
2015-09-03,29.1,57,10.3,Delhi
2015-09-04,29.7,61,7.2,Delhi
2015-09-05,28.8,60,11.0,Delhi
2015-09-06,28.7,57,9.9,Delhi
2015-09-07,29.1,55,10.7,Delhi
2015-09-08,29.2,58,10.9,Delhi
2015-09-09,29.4,56,11.3,Delhi
2015-09-10,29.1,60,9.0,Delhi
2015-09-11,29.0,61,7.6,Delhi
2015-09-12,28.9,69,6.8,Delhi
2015-09-13,29.9,69,5.7,Delhi
2015-09-14,30.5,62,6.2,Delhi
2015-09-15,30.2,63,6.6,Delhi
2015-09-16,30.2,66,7.5,Delhi
2015-09-17,29.7,72,6.8,Delhi
2015-09-18,29.3,72,10.1,Delhi
2015-09-19,28.0,84,7.2,Delhi
2015-09-20,28.8,83,7.2,Delhi
2015-09-21,28.1,85,6.8,Delhi
2015-09-22,28.5,79,11.9,Delhi
2015-09-23,27.0,75,12.2,Delhi
2015-09-24,26.9,67,14.0,Delhi
2015-09-25,26.5,67,11.2,Delhi
2015-09-26,27.0,66,8.1,Delhi
2015-09-27,27.8,64,7.4,Delhi
2015-09-28,26.8,66,7.9,Delhi
2015-09-29,26.5,63,8.9,Delhi
2015-09-30,26.5,57,10.9,Delhi
2015-10-01,26.2,60,7.6,Delhi
2015-10-02,26.5,57,8.5,Delhi
2015-10-03,27.4,57,7.6,Delhi
2015-10-04,28.0,57,5.5,Delhi
2015-10-05,28.3,55,6.0,Delhi
2015-10-06,28.3,53,7.6,Delhi
2015-10-07,28.3,56,7.8,Delhi
2015-10-08,28.4,54,9.5,Delhi
2015-10-09,28.3,50,9.0,Delhi
2015-10-10,28.4,40,10.4,Delhi
2015-10-11,28.2,46,9.3,Delhi
2015-10-12,27.8,52,5.8,Delhi
2015-10-13,27.4,69,10.0,Delhi
2015-10-14,26.5,74,8.2,Delhi
2015-10-15,26.6,70,6.4,Delhi
2015-10-16,27.1,68,6.4,Delhi
2015-10-17,27.4,66,7.0,Delhi
2015-10-18,27.9,63,5.4,Delhi
2015-10-19,27.7,64,6.8,Delhi
2015-10-20,27.4,55,6.9,Delhi
2015-10-21,26.2,53,7.2,Delhi
2015-10-22,24.9,48,8.8,Delhi
2015-10-23,24.2,49,8.6,Delhi
2015-10-24,25.0,51,5.4,Delhi
2015-10-25,25.6,52,11.4,Delhi
2015-10-26,25.0,57,9.6,Delhi
2015-10-27,24.0,54,6.2,Delhi
2015-10-28,20.5,72,7.2,Delhi
2015-10-29,20.9,65,5.8,Delhi
2015-10-30,21.4,71,5.5,Delhi
2015-10-31,22.2,66,4.8,Delhi
2015-11-01,23.5,64,4.7,Delhi
2015-11-02,23.5,65,4.5,Delhi
2015-11-03,23.2,67,5.5,Delhi
2015-11-04,23.4,65,4.5,Delhi
2015-11-05,23.0,67,9.8,Delhi
2015-11-06,23.1,68,5.3,Delhi
2015-11-07,22.4,73,4.2,Delhi
2015-11-08,22.9,73,6.8,Delhi
2015-11-09,23.0,69,6.3,Delhi
2015-11-10,22.7,66,6.6,Delhi
2015-11-11,22.2,54,10.8,Delhi
2015-11-12,22.1,52,10.5,Delhi
2015-11-13,22.6,59,8.9,Delhi
2015-11-14,23.2,58,8.9,Delhi
2015-11-15,23.1,56,4.9,Delhi
2015-11-16,22.9,53,9.2,Delhi
2015-11-17,20.4,44,10.4,Delhi
2015-11-18,19.0,47,8.4,Delhi
2015-11-19,19.6,53,5.5,Delhi
2015-11-20,19.3,62,5.7,Delhi
2015-11-21,19.5,60,5.6,Delhi
2015-11-22,19.1,62,6.0,Delhi
2015-11-23,18.8,62,5.3,Delhi
2015-11-24,19.4,56,8.5,Delhi
2015-11-25,19.6,50,11.4,Delhi
2015-11-26,19.9,50,6.5,Delhi
2015-11-27,19.3,69,7.3,Delhi
2015-11-28,19.9,68,9.6,Delhi
2015-11-29,19.6,67,5.6,Delhi
2015-11-30,20.9,72,5.4,Delhi
2015-12-01,20.7,69,6.3,Delhi
2015-12-02,19.6,64,7.0,Delhi
2015-12-03,18.2,65,9.9,Delhi
2015-12-04,18.5,63,10.6,Delhi
2015-12-05,17.8,67,4.8,Delhi
2015-12-06,18.3,67,4.9,Delhi
2015-12-07,18.5,71,6.1,Delhi
2015-12-08,18.6,70,6.2,Delhi
2015-12-09,18.3,72,9.6,Delhi
2015-12-10,19.3,73,9.0,Delhi
2015-12-11,17.7,65,7.8,Delhi
2015-12-12,14.7,65,9.8,Delhi
2015-12-13,14.2,63,8.5,Delhi
2015-12-14,13.7,53,10.7,Delhi
2015-12-15,13.6,52,11.0,Delhi
2015-12-16,12.9,57,6.2,Delhi
2015-12-17,13.2,63,6.9,Delhi
2015-12-18,13.3,62,9.6,Delhi
2015-12-19,13.6,60,8.5,Delhi
2015-12-20,13.2,62,5.6,Delhi
2015-12-21,13.2,63,5.2,Delhi
2015-12-22,13.4,68,4.3,Delhi
2015-12-23,13.0,67,7.6,Delhi
2015-12-24,12.9,59,12.0,Delhi
2015-12-25,12.1,53,10.6,Delhi
2015-12-26,13.7,49,11.7,Delhi
2015-12-27,15.5,55,11.8,Delhi
2015-12-28,17.1,54,13.4,Delhi
2015-12-29,17.1,54,13.2,Delhi
2015-12-30,16.3,61,7.7,Delhi
2015-12-31,15.3,66,7.4,Delhi
2016-01-01,14.9,68,6.1,Delhi
2016-01-02,14.4,66,7.8,Delhi
2016-01-03,15.0,63,10.2,Delhi
2016-01-04,16.1,66,6.0,Delhi
2016-01-05,18.1,69,5.6,Delhi
2016-01-06,18.3,75,7.9,Delhi
2016-01-07,17.8,75,5.8,Delhi
2016-01-08,17.1,75,9.1,Delhi
2016-01-09,15.7,63,13.0,Delhi
2016-01-10,15.6,68,7.8,Delhi
2016-01-11,16.2,72,5.9,Delhi
2016-01-12,16.5,71,9.5,Delhi
2016-01-13,16.0,76,6.3,Delhi
2016-01-14,14.4,77,5.3,Delhi
2016-01-15,13.3,75,8.8,Delhi
2016-01-16,13.1,74,10.3,Delhi
2016-01-17,12.8,77,4.3,Delhi
2016-01-18,12.6,78,5.0,Delhi
2016-01-19,12.6,75,6.2,Delhi
2016-01-20,12.2,73,7.6,Delhi
2016-01-21,11.6,75,8.9,Delhi
2016-01-22,11.5,76,6.1,Delhi
2016-01-23,12.4,77,5.9,Delhi
2016-01-24,12.2,78,6.6,Delhi
2016-01-25,10.8,80,6.9,Delhi
2016-01-26,13.0,75,4.3,Delhi
2016-01-27,15.7,74,5.2,Delhi
2016-01-28,15.8,72,8.0,Delhi
2016-01-29,17.1,72,5.5,Delhi
2016-01-30,19.4,73,5.7,Delhi
2016-01-31,17.4,77,10.7,Delhi
2016-02-01,15.2,65,10.0,Delhi
2016-02-02,14.2,58,9.6,Delhi
2016-02-03,14.5,53,12.4,Delhi
2016-02-04,14.8,52,11.0,Delhi
2016-02-05,14.8,58,8.6,Delhi
2016-02-06,15.8,59,7.9,Delhi
2016-02-07,15.4,74,9.0,Delhi
2016-02-08,15.0,74,7.5,Delhi
2016-02-09,15.9,69,8.3,Delhi
2016-02-10,16.3,67,6.1,Delhi
2016-02-11,17.6,56,9.8,Delhi
2016-02-12,16.6,65,5.4,Delhi
2016-02-13,16.1,62,10.0,Delhi
2016-02-14,15.9,65,9.4,Delhi
2016-02-15,15.7,60,7.7,Delhi
2016-02-16,15.9,55,7.2,Delhi
2016-02-17,18.0,54,7.8,Delhi
2016-02-18,20.5,61,7.9,Delhi
2016-02-19,22.7,66,5.7,Delhi
2016-02-20,21.8,75,7.0,Delhi
2016-02-21,19.3,65,14.7,Delhi
2016-02-22,18.8,52,15.9,Delhi
2016-02-23,19.1,54,10.0,Delhi
2016-02-24,18.6,58,6.1,Delhi
2016-02-25,19.6,59,8.3,Delhi
2016-02-26,20.7,59,6.5,Delhi
2016-02-27,20.6,60,5.5,Delhi
2016-02-28,21.5,61,6.0,Delhi
2016-02-29,21.9,62,6.9,Delhi
2016-03-01,22.5,62,4.6,Delhi
2016-03-02,23.3,62,5.4,Delhi
2016-03-03,23.5,60,6.7,Delhi
2016-03-04,23.8,51,8.1,Delhi
2016-03-05,22.4,59,12.1,Delhi
2016-03-06,20.2,75,9.9,Delhi
2016-03-07,21.3,69,6.6,Delhi
2016-03-08,21.7,66,8.9,Delhi
2016-03-09,21.5,63,8.9,Delhi
2016-03-10,22.5,62,8.5,Delhi
2016-03-11,23.3,65,9.3,Delhi
2016-03-12,21.2,77,10.7,Delhi
2016-03-13,21.2,71,11.9,Delhi
2016-03-14,20.7,77,7.4,Delhi
2016-03-15,20.8,66,7.3,Delhi
2016-03-16,20.8,56,11.4,Delhi
2016-03-17,22.8,56,9.6,Delhi
2016-03-18,23.8,59,9.9,Delhi
2016-03-19,24.0,60,6.3,Delhi
2016-03-20,24.7,56,7.2,Delhi
2016-03-21,23.9,45,15.2,Delhi
2016-03-22,22.5,36,19.8,Delhi
2016-03-23,23.5,39,13.7,Delhi
2016-03-24,25.0,47,6.6,Delhi
2016-03-25,26.5,50,7.9,Delhi
2016-03-26,25.2,53,13.0,Delhi
2016-03-27,24.7,45,11.1,Delhi
2016-03-28,24.5,41,9.5,Delhi
2016-03-29,25.2,42,9.9,Delhi
2016-03-30,26.5,45,6.1,Delhi
2016-03-31,28.0,40,6.9,Delhi
2016-04-01,29.2,39,10.9,Delhi
2016-04-02,29.9,41,7.4,Delhi
2016-04-03,31.2,44,6.7,Delhi
2016-04-04,30.1,34,8.8,Delhi
2016-04-05,29.0,37,11.7,Delhi
2016-04-06,28.4,30,7.6,Delhi
2016-04-07,27.1,37,11.1,Delhi
2016-04-08,27.1,38,6.2,Delhi
2016-04-09,28.9,27,8.2,Delhi
2016-04-10,29.5,29,8.7,Delhi
2016-04-11,28.3,33,15.6,Delhi
2016-04-12,28.0,33,17.5,Delhi
2016-04-13,29.7,30,17.0,Delhi
2016-04-14,31.0,29,12.0,Delhi
2016-04-15,31.9,31,9.6,Delhi
2016-04-16,32.7,30,10.1,Delhi
2016-04-17,33.1,26,7.8,Delhi
2016-04-18,32.5,32,7.2,Delhi
2016-04-19,31.4,37,6.1,Delhi
2016-04-20,31.6,26,12.3,Delhi
2016-04-21,31.9,23,16.1,Delhi
2016-04-22,31.8,25,7.5,Delhi
2016-04-23,29.6,24,11.7,Delhi
2016-04-24,28.8,21,10.2,Delhi
2016-04-25,30.0,19,9.3,Delhi
2016-04-26,30.6,23,6.9,Delhi
2016-04-27,31.0,22,8.4,Delhi
2016-04-28,31.5,19,10.5,Delhi
2016-04-29,31.3,19,9.8,Delhi
2016-04-30,31.2,21,8.3,Delhi
2016-05-01,32.8,20,10.7,Delhi
2016-05-02,34.4,19,7.1,Delhi
2016-05-03,32.2,32,10.3,Delhi
2016-05-04,30.9,48,12.9,Delhi
2016-05-05,29.4,50,13.0,Delhi
2016-05-06,29.2,54,5.5,Delhi
2016-05-07,30.8,41,6.6,Delhi
2016-05-08,30.9,45,10.3,Delhi
2016-05-09,32.1,42,13.3,Delhi
2016-05-10,32.2,46,13.1,Delhi
2016-05-11,31.7,51,10.8,Delhi
2016-05-12,32.5,49,6.7,Delhi
2016-05-13,34.6,30,7.3,Delhi
2016-05-14,34.9,30,6.9,Delhi
2016-05-15,34.9,29,7.3,Delhi
2016-05-16,35.2,25,10.0,Delhi
2016-05-17,35.2,22,10.6,Delhi
2016-05-18,35.3,23,6.9,Delhi
2016-05-19,34.8,36,13.7,Delhi
2016-05-20,34.7,43,14.5,Delhi
2016-05-21,34.0,53,14.7,Delhi
2016-05-22,34.6,47,10.3,Delhi
2016-05-23,33.6,52,10.1,Delhi
2016-05-24,31.7,59,10.6,Delhi
2016-05-25,31.7,53,7.9,Delhi
2016-05-26,33.0,49,6.7,Delhi
2016-05-27,34.8,37,12.0,Delhi
2016-05-28,34.0,37,13.4,Delhi
2016-05-29,31.2,54,12.7,Delhi
2016-05-30,28.8,68,10.5,Delhi
2016-05-31,31.7,57,7.7,Delhi
2016-06-01,33.8,48,8.2,Delhi
2016-06-02,34.9,37,9.6,Delhi
2016-06-03,34.2,42,7.2,Delhi
2016-06-04,35.3,45,8.5,Delhi
2016-06-05,34.4,55,13.1,Delhi
2016-06-06,34.2,53,12.7,Delhi
2016-06-07,34.2,52,12.4,Delhi
2016-06-08,33.9,51,10.6,Delhi
2016-06-09,34.4,51,11.2,Delhi
2016-06-10,34.4,50,7.8,Delhi
2016-06-11,34.2,50,10.1,Delhi
2016-06-12,33.3,53,9.6,Delhi
2016-06-13,34.4,47,11.4,Delhi
2016-06-14,32.3,61,10.1,Delhi
2016-06-15,31.7,65,6.6,Delhi
2016-06-16,32.4,61,14.6,Delhi
2016-06-17,32.6,62,11.2,Delhi
2016-06-18,31.5,67,12.4,Delhi
2016-06-19,32.3,64,12.5,Delhi
2016-06-20,32.8,63,13.3,Delhi
2016-06-21,30.9,72,13.1,Delhi
2016-06-22,30.9,69,8.0,Delhi
2016-06-23,32.8,63,6.5,Delhi
2016-06-24,33.8,58,7.8,Delhi
2016-06-25,34.2,59,12.6,Delhi
2016-06-26,32.4,65,12.0,Delhi
2016-06-27,32.1,67,9.5,Delhi
2016-06-28,30.1,77,9.6,Delhi
2016-06-29,32.1,70,9.2,Delhi
2016-06-30,33.1,66,7.0,Delhi
2016-07-01,31.8,73,10.8,Delhi
2016-07-02,27.8,86,8.4,Delhi
2016-07-03,26.9,91,7.8,Delhi
2016-07-04,28.8,81,4.2,Delhi
2016-07-05,31.0,75,5.5,Delhi
2016-07-06,30.0,79,7.4,Delhi
2016-07-07,30.3,76,8.7,Delhi
2016-07-08,30.8,76,6.1,Delhi
2016-07-09,30.6,76,7.8,Delhi
2016-07-10,31.1,75,5.6,Delhi
2016-07-11,29.3,82,9.4,Delhi
2016-07-12,29.0,83,9.8,Delhi
2016-07-13,29.5,80,7.8,Delhi
2016-07-14,29.0,86,4.3,Delhi
2016-07-15,28.0,89,5.8,Delhi
2016-07-16,26.5,95,5.3,Delhi
2016-07-17,26.0,94,9.1,Delhi
2016-07-18,28.2,85,8.1,Delhi
2016-07-19,29.7,78,11.6,Delhi
2016-07-20,30.8,70,12.0,Delhi
2016-07-21,31.2,69,10.4,Delhi
2016-07-22,30.9,73,6.0,Delhi
2016-07-23,28.8,81,9.7,Delhi
2016-07-24,28.8,83,6.0,Delhi
2016-07-25,29.2,84,4.8,Delhi
2016-07-26,28.0,87,12.2,Delhi
2016-07-27,27.3,86,12.1,Delhi
2016-07-28,26.7,89,7.1,Delhi
2016-07-29,25.8,94,6.5,Delhi
2016-07-30,26.6,90,6.4,Delhi
2016-07-31,26.8,89,5.9,Delhi
2016-08-01,26.9,89,9.9,Delhi
2016-08-02,27.5,86,10.8,Delhi
2016-08-03,29.2,79,9.8,Delhi
2016-08-04,29.6,79,9.6,Delhi
2016-08-05,30.1,80,7.8,Delhi
2016-08-06,28.6,85,11.9,Delhi
2016-08-07,28.9,80,9.8,Delhi
2016-08-08,29.0,81,11.3,Delhi
2016-08-09,27.8,85,11.1,Delhi
2016-08-10,27.3,88,11.1,Delhi
2016-08-11,26.9,90,7.5,Delhi
2016-08-12,27.3,89,5.0,Delhi
2016-08-13,27.8,88,3.5,Delhi
2016-08-14,27.7,89,6.5,Delhi
2016-08-15,29.0,80,11.1,Delhi
2016-08-16,29.5,73,13.5,Delhi
2016-08-17,28.1,76,6.8,Delhi
2016-08-18,27.8,87,4.7,Delhi
2016-08-19,29.0,82,6.1,Delhi
2016-08-20,28.7,80,13.6,Delhi
2016-08-21,27.9,78,12.0,Delhi
2016-08-22,27.9,79,9.7,Delhi
2016-08-23,28.5,82,7.5,Delhi
2016-08-24,27.3,85,14.1,Delhi
2016-08-25,28.4,85,7.4,Delhi
2016-08-26,28.9,82,4.6,Delhi
2016-08-27,28.4,86,8.4,Delhi
2016-08-28,29.0,84,7.5,Delhi
2016-08-29,27.5,89,5.3,Delhi
2016-08-30,27.1,88,3.3,Delhi
2016-08-31,26.8,91,6.1,Delhi
2016-09-01,27.0,88,5.9,Delhi
2016-09-02,28.2,80,10.7,Delhi
2016-09-03,28.2,74,15.5,Delhi
2016-09-04,28.2,73,13.7,Delhi
2016-09-05,28.0,72,14.6,Delhi
2016-09-06,28.3,70,15.6,Delhi
2016-09-07,28.3,68,12.9,Delhi
2016-09-08,28.5,68,12.1,Delhi
2016-09-09,28.8,68,12.4,Delhi
2016-09-10,29.0,65,13.3,Delhi
2016-09-11,28.9,64,11.5,Delhi
2016-09-12,28.8,65,11.3,Delhi
2016-09-13,29.0,70,6.5,Delhi
2016-09-14,27.9,79,6.5,Delhi
2016-09-15,28.7,75,4.7,Delhi
2016-09-16,29.1,73,5.7,Delhi
2016-09-17,28.7,73,4.3,Delhi
2016-09-18,28.7,76,6.6,Delhi
2016-09-19,29.0,74,3.8,Delhi
2016-09-20,30.0,67,5.3,Delhi
2016-09-21,29.6,72,10.2,Delhi
2016-09-22,27.0,84,13.1,Delhi
2016-09-23,27.4,78,5.0,Delhi
2016-09-24,28.1,78,6.0,Delhi
2016-09-25,27.6,76,6.0,Delhi
2016-09-26,28.2,75,5.7,Delhi
2016-09-27,28.5,75,6.1,Delhi
2016-09-28,29.1,70,5.7,Delhi
2016-09-29,29.0,74,5.7,Delhi
2016-09-30,29.1,72,4.3,Delhi
2016-10-01,29.8,71,5.7,Delhi
2016-10-02,29.7,73,6.2,Delhi
2016-10-03,29.3,77,4.9,Delhi
2016-10-04,29.1,78,4.0,Delhi
2016-10-05,28.0,81,5.3,Delhi
2016-10-06,28.2,78,4.4,Delhi
2016-10-07,28.5,72,6.3,Delhi
2016-10-08,28.3,65,7.7,Delhi
2016-10-09,28.1,64,5.7,Delhi
2016-10-10,27.3,58,7.0,Delhi
2016-10-11,26.6,52,9.3,Delhi
2016-10-12,26.4,50,9.5,Delhi
2016-10-13,26.1,47,9.2,Delhi
2016-10-14,25.3,47,7.3,Delhi
2016-10-15,25.4,53,7.3,Delhi
2016-10-16,25.5,52,7.6,Delhi
2016-10-17,25.7,52,7.4,Delhi
2016-10-18,24.8,52,7.2,Delhi
2016-10-19,24.9,53,6.7,Delhi
2016-10-20,25.5,42,9.4,Delhi
2016-10-21,25.9,43,10.9,Delhi
2016-10-22,25.9,46,11.3,Delhi
2016-10-23,25.3,49,11.5,Delhi
2016-10-24,25.2,49,9.7,Delhi
2016-10-25,25.3,49,10.4,Delhi
2016-10-26,24.9,55,7.2,Delhi
2016-10-27,23.9,55,8.8,Delhi
2016-10-28,23.7,49,7.7,Delhi
2016-10-29,23.8,50,5.7,Delhi
2016-10-30,23.3,62,6.4,Delhi
2016-10-31,23.6,62,5.6,Delhi
2016-11-01,22.7,64,6.0,Delhi
2016-11-02,23.1,64,6.2,Delhi
2016-11-03,23.1,63,5.7,Delhi
2016-11-04,22.6,63,6.7,Delhi
2016-11-05,22.5,62,8.4,Delhi
2016-11-06,22.3,60,7.1,Delhi
2016-11-07,22.1,57,9.5,Delhi
2016-11-08,22.4,50,12.9,Delhi
2016-11-09,21.7,51,9.5,Delhi
2016-11-10,21.0,59,7.1,Delhi
2016-11-11,21.0,64,7.4,Delhi
2016-11-12,21.7,60,7.6,Delhi
2016-11-13,21.9,58,4.9,Delhi
2016-11-14,21.9,61,4.7,Delhi
2016-11-15,21.4,52,6.7,Delhi
2016-11-16,20.1,52,8.7,Delhi
2016-11-17,20.1,50,12.5,Delhi
2016-11-18,20.1,55,10.4,Delhi
2016-11-19,19.6,58,7.0,Delhi
2016-11-20,19.7,62,6.4,Delhi
2016-11-21,20.4,60,7.1,Delhi
2016-11-22,20.6,53,9.9,Delhi
2016-11-23,20.7,58,10.5,Delhi
2016-11-24,20.0,56,10.2,Delhi
2016-11-25,21.3,43,17.8,Delhi
2016-11-26,22.0,39,17.4,Delhi
2016-11-27,21.5,42,14.8,Delhi
2016-11-28,21.0,41,12.6,Delhi
2016-11-29,18.7,55,6.2,Delhi
2016-11-30,19.1,71,8.1,Delhi
2016-12-01,19.9,75,6.0,Delhi
2016-12-02,19.3,72,5.8,Delhi
2016-12-03,18.2,62,6.6,Delhi
2016-12-04,17.7,59,7.5,Delhi
2016-12-05,18.0,63,8.1,Delhi
2016-12-06,18.2,68,5.8,Delhi
2016-12-07,18.2,72,4.8,Delhi
2016-12-08,17.8,73,4.2,Delhi
2016-12-09,18.2,71,4.4,Delhi
2016-12-10,18.6,74,7.8,Delhi
2016-12-11,19.2,71,5.7,Delhi
2016-12-12,18.7,68,7.0,Delhi
2016-12-13,18.1,72,7.3,Delhi
2016-12-14,17.4,69,9.3,Delhi
2016-12-15,16.4,61,11.4,Delhi
2016-12-16,15.3,64,7.6,Delhi
2016-12-17,15.3,66,8.0,Delhi
2016-12-18,15.0,64,8.4,Delhi
2016-12-19,15.3,63,11.1,Delhi
2016-12-20,17.2,57,16.7,Delhi
2016-12-21,17.3,52,14.8,Delhi
2016-12-22,16.5,60,7.5,Delhi
2016-12-23,16.7,68,3.2,Delhi
2016-12-24,16.1,73,9.6,Delhi
2016-12-25,16.2,78,9.1,Delhi
2016-12-26,16.1,73,11.5,Delhi
2016-12-27,15.7,63,10.2,Delhi
2016-12-28,15.8,68,6.3,Delhi
2016-12-29,15.8,76,8.7,Delhi
2016-12-30,16.0,80,9.1,Delhi
2016-12-31,15.6,79,9.3,Delhi
2017-01-01,15.7,80,9.1,Delhi
2017-01-02,15.5,82,7.0,Delhi
2017-01-03,16.1,75,5.2,Delhi
2017-01-04,16.6,74,5.8,Delhi
2017-01-05,16.7,78,6.6,Delhi
2017-01-06,16.8,77,10.8,Delhi
2017-01-07,14.6,87,10.7,Delhi
2017-01-08,13.6,81,8.0,Delhi
2017-01-09,13.0,72,9.5,Delhi
2017-01-10,11.0,60,10.9,Delhi
2017-01-11,9.7,58,10.7,Delhi
2017-01-12,10.1,64,8.9,Delhi
2017-01-13,10.5,66,9.2,Delhi
2017-01-14,11.3,64,7.5,Delhi
2017-01-15,13.8,63,6.7,Delhi
2017-01-16,14.5,62,11.6,Delhi
2017-01-17,10.7,76,9.7,Delhi
2017-01-18,11.5,73,8.8,Delhi
2017-01-19,12.9,66,13.5,Delhi
2017-01-20,12.0,68,12.3,Delhi
2017-01-21,13.2,66,9.5,Delhi
2017-01-22,15.7,73,8.0,Delhi
2017-01-23,16.3,71,9.2,Delhi
2017-01-24,16.9,71,6.7,Delhi
2017-01-25,18.4,75,12.9,Delhi
2017-01-26,16.3,90,11.8,Delhi
2017-01-27,14.7,81,12.9,Delhi
2017-01-28,14.2,82,10.0,Delhi
2017-01-29,14.9,82,12.4,Delhi
2017-01-30,14.8,84,7.3,Delhi
2017-01-31,15.6,84,6.9,Delhi
2017-02-01,14.7,81,9.0,Delhi
2017-02-02,14.7,79,6.3,Delhi
2017-02-03,14.7,82,6.9,Delhi
2017-02-04,16.8,79,14.6,Delhi
2017-02-05,17.7,79,13.0,Delhi
2017-02-06,16.2,78,10.7,Delhi
2017-02-07,14.3,73,11.4,Delhi
2017-02-08,14.8,73,8.2,Delhi
2017-02-09,14.7,72,10.9,Delhi
2017-02-10,14.5,68,12.4,Delhi
2017-02-11,14.0,70,8.1,Delhi
2017-02-12,15.0,72,7.6,Delhi
2017-02-13,15.8,68,9.3,Delhi
2017-02-14,16.4,65,10.5,Delhi
2017-02-15,17.6,65,9.7,Delhi
2017-02-16,19.9,61,12.7,Delhi
2017-02-17,20.1,64,12.0,Delhi
2017-02-18,20.6,66,10.2,Delhi
2017-02-19,21.5,62,8.9,Delhi
2017-02-20,22.4,63,7.6,Delhi
2017-02-21,19.4,64,10.3,Delhi
2017-02-22,18.9,57,8.9,Delhi
2017-02-23,17.9,44,13.8,Delhi
2017-02-24,18.3,37,17.7,Delhi
2017-02-25,19.3,39,16.9,Delhi
2017-02-26,18.8,46,13.2,Delhi
2017-02-27,19.4,48,11.2,Delhi
2017-02-28,22.0,47,5.6,Delhi
2017-03-01,22.2,56,7.3,Delhi
2017-03-02,20.3,62,7.4,Delhi
2017-03-03,19.7,46,10.3,Delhi
2017-03-04,18.4,43,11.4,Delhi
2017-03-05,18.8,43,13.4,Delhi
2017-03-06,19.4,43,11.9,Delhi
2017-03-07,20.5,46,8.0,Delhi
2017-03-08,20.5,50,11.3,Delhi
2017-03-09,19.1,64,9.6,Delhi
2017-03-10,17.1,77,11.1,Delhi
2017-03-11,16.1,76,10.0,Delhi
2017-03-12,15.9,63,9.6,Delhi
2017-03-13,16.2,53,11.7,Delhi
2017-03-14,17.5,53,8.2,Delhi
2017-03-15,18.9,54,9.7,Delhi
2017-03-16,20.3,52,8.3,Delhi
2017-03-17,19.8,56,11.4,Delhi
2017-03-18,20.5,50,8.8,Delhi
2017-03-19,21.5,55,7.8,Delhi
2017-03-20,21.8,56,11.7,Delhi
2017-03-21,23.5,48,11.9,Delhi
2017-03-22,25.5,48,12.3,Delhi
2017-03-23,25.8,50,7.8,Delhi
2017-03-24,26.0,47,12.2,Delhi
2017-03-25,25.4,41,12.8,Delhi
2017-03-26,26.7,38,15.1,Delhi
2017-03-27,28.4,40,16.9,Delhi
2017-03-28,28.9,43,12.0,Delhi
2017-03-29,29.7,39,14.2,Delhi
2017-03-30,29.8,36,13.6,Delhi
2017-03-31,30.0,39,10.8,Delhi
2017-04-01,29.8,35,12.9,Delhi
2017-04-02,29.4,29,13.4,Delhi
2017-04-03,29.1,31,10.6,Delhi
2017-04-04,29.0,32,10.5,Delhi
2017-04-05,28.3,41,20.4,Delhi
2017-04-06,28.7,40,17.5,Delhi
2017-04-07,26.4,40,10.2,Delhi
2017-04-08,25.5,24,10.2,Delhi
2017-04-09,25.6,22,17.4,Delhi
2017-04-10,25.9,22,20.5,Delhi
2017-04-11,28.1,24,19.1,Delhi
2017-04-12,29.5,26,15.6,Delhi
2017-04-13,30.3,27,8.8,Delhi
2017-04-14,30.9,28,8.6,Delhi
2017-04-15,31.3,27,10.2,Delhi
2017-04-16,31.0,31,8.7,Delhi
2017-04-17,31.9,38,10.7,Delhi
2017-04-18,32.7,35,8.8,Delhi
2017-04-19,33.7,20,11.2,Delhi
2017-04-20,33.7,25,9.7,Delhi
2017-04-21,33.3,38,10.8,Delhi
2017-04-22,32.5,47,8.6,Delhi
2017-04-23,31.4,38,10.8,Delhi
2017-04-24,30.4,31,11.6,Delhi
2017-04-25,30.5,24,13.3,Delhi
2017-04-26,29.9,23,10.3,Delhi
2017-04-27,30.6,24,8.4,Delhi
2017-04-28,30.4,29,9.5,Delhi
2017-04-29,30.8,30,7.1,Delhi
2017-04-30,30.0,34,12.1,Delhi
2017-05-01,29.9,31,7.4,Delhi
2017-05-02,31.9,22,5.7,Delhi
2017-05-03,31.6,25,8.9,Delhi
2017-05-04,31.6,25,12.9,Delhi
2017-05-05,31.7,26,10.4,Delhi
2017-05-06,33.2,24,9.2,Delhi
2017-05-07,34.5,23,8.6,Delhi
2017-05-08,34.2,23,8.1,Delhi
2017-05-09,33.7,32,13.4,Delhi
2017-05-10,32.3,44,14.5,Delhi
2017-05-11,33.6,38,10.6,Delhi
2017-05-12,33.1,37,9.1,Delhi
2017-05-13,33.6,33,9.4,Delhi
2017-05-14,35.0,23,9.9,Delhi
2017-05-15,35.2,22,9.6,Delhi
2017-05-16,33.8,28,11.8,Delhi
2017-05-17,31.1,40,8.0,Delhi
2017-05-18,31.5,43,9.5,Delhi
2017-05-19,33.1,38,8.3,Delhi
2017-05-20,33.1,31,8.0,Delhi
2017-05-21,32.4,34,9.5,Delhi
2017-05-22,30.7,44,7.1,Delhi
2017-05-23,31.5,42,9.4,Delhi
2017-05-24,33.0,40,8.8,Delhi
2017-05-25,33.5,39,8.0,Delhi
2017-05-26,35.4,33,10.5,Delhi
2017-05-27,32.9,46,15.7,Delhi
2017-05-28,32.4,51,16.8,Delhi
2017-05-29,29.9,57,13.8,Delhi
2017-05-30,30.0,61,7.3,Delhi
2017-05-31,30.9,57,12.4,Delhi
2017-06-01,31.4,55,7.4,Delhi
2017-06-02,32.6,43,8.9,Delhi
2017-06-03,35.2,35,12.2,Delhi
2017-06-04,37.3,26,16.4,Delhi
2017-06-05,37.9,29,19.3,Delhi
2017-06-06,36.8,36,16.4,Delhi
2017-06-07,31.7,57,13.0,Delhi
2017-06-08,31.4,57,6.4,Delhi
2017-06-09,31.0,55,6.4,Delhi
2017-06-10,32.2,51,6.4,Delhi
2017-06-11,32.1,46,7.0,Delhi
2017-06-12,32.8,42,10.6,Delhi
2017-06-13,33.7,37,9.8,Delhi
2017-06-14,34.4,35,12.2,Delhi
2017-06-15,32.9,48,10.6,Delhi
2017-06-16,31.0,49,6.6,Delhi
2017-06-17,30.5,61,7.2,Delhi
2017-06-18,30.8,66,8.7,Delhi
2017-06-19,31.4,65,11.7,Delhi
2017-06-20,29.7,70,5.6,Delhi
2017-06-21,28.7,71,10.0,Delhi
2017-06-22,29.1,68,8.3,Delhi
2017-06-23,29.3,71,7.5,Delhi
2017-06-24,31.6,60,4.5,Delhi
2017-06-25,33.1,58,8.2,Delhi
2017-06-26,33.5,60,11.5,Delhi
2017-06-27,32.9,62,11.6,Delhi
2017-06-28,29.4,80,12.7,Delhi
2017-06-29,27.8,85,12.6,Delhi
2017-06-30,27.8,86,7.8,Delhi
2017-07-01,28.6,85,5.8,Delhi
2017-07-02,27.9,86,9.3,Delhi
2017-07-03,29.2,82,6.1,Delhi
2017-07-04,30.8,75,14.9,Delhi
2017-07-05,30.8,71,12.3,Delhi
2017-07-06,30.1,72,8.5,Delhi
2017-07-07,29.9,75,9.2,Delhi
2017-07-08,31.0,72,8.0,Delhi
2017-07-09,32.2,64,11.0,Delhi
2017-07-10,32.0,60,13.5,Delhi
2017-07-11,30.4,69,9.8,Delhi
2017-07-12,28.2,78,12.1,Delhi
2017-07-13,29.2,72,12.9,Delhi
2017-07-14,29.7,73,13.5,Delhi
2017-07-15,29.5,76,12.7,Delhi
2017-07-16,29.8,79,9.4,Delhi
2017-07-17,29.7,80,8.3,Delhi
2017-07-18,30.2,79,6.6,Delhi
2017-07-19,31.5,73,6.3,Delhi
2017-07-20,29.4,78,11.0,Delhi
2017-07-21,29.7,76,12.2,Delhi
2017-07-22,28.4,79,18.3,Delhi
2017-07-23,28.0,82,17.9,Delhi
2017-07-24,27.6,84,15.1,Delhi
2017-07-25,27.7,83,13.8,Delhi
2017-07-26,28.7,80,10.5,Delhi
2017-07-27,29.4,75,11.9,Delhi
2017-07-28,29.1,76,14.2,Delhi
2017-07-29,28.9,77,17.1,Delhi
2017-07-30,28.5,80,9.2,Delhi
2017-07-31,27.3,87,7.2,Delhi
2017-08-01,26.8,90,10.5,Delhi
2017-08-02,28.2,83,9.8,Delhi
2017-08-03,28.9,77,14.0,Delhi
2017-08-04,29.1,74,11.0,Delhi
2017-08-05,29.8,72,6.9,Delhi
2017-08-06,29.5,79,6.9,Delhi
2017-08-07,28.4,87,5.4,Delhi
2017-08-08,28.6,86,4.9,Delhi
2017-08-09,27.9,89,5.4,Delhi
2017-08-10,28.8,81,11.6,Delhi
2017-08-11,30.2,70,18.5,Delhi
2017-08-12,30.0,69,20.6,Delhi
2017-08-13,29.8,71,15.4,Delhi
2017-08-14,29.7,69,8.1,Delhi
2017-08-15,29.8,71,9.4,Delhi
2017-08-16,30.4,67,12.6,Delhi
2017-08-17,31.1,64,12.8,Delhi
2017-08-18,31.1,65,10.8,Delhi
2017-08-19,28.2,83,13.4,Delhi
2017-08-20,29.6,74,13.1,Delhi
2017-08-21,29.2,78,11.8,Delhi
2017-08-22,28.8,81,8.3,Delhi
2017-08-23,28.0,86,8.3,Delhi
2017-08-24,28.6,84,5.9,Delhi
2017-08-25,28.1,86,5.6,Delhi
2017-08-26,27.6,88,4.9,Delhi
2017-08-27,28.6,83,6.3,Delhi
2017-08-28,27.4,84,13.6,Delhi
2017-08-29,27.9,80,15.0,Delhi
2017-08-30,28.2,81,14.9,Delhi
2017-08-31,26.4,90,10.0,Delhi
2017-09-01,26.5,88,10.0,Delhi
2017-09-02,25.7,88,9.8,Delhi
2017-09-03,27.5,80,6.4,Delhi
2017-09-04,28.6,78,10.3,Delhi
2017-09-05,28.5,77,10.1,Delhi
2017-09-06,28.7,76,7.3,Delhi
2017-09-07,27.4,84,6.6,Delhi
2017-09-08,28.2,81,6.2,Delhi
2017-09-09,28.7,76,8.2,Delhi
2017-09-10,29.8,73,5.9,Delhi
2017-09-11,29.7,72,6.9,Delhi
2017-09-12,29.4,71,7.2,Delhi
2017-09-13,29.8,69,6.5,Delhi
2017-09-14,29.5,73,6.1,Delhi
2017-09-15,29.3,69,7.8,Delhi
2017-09-16,28.7,71,6.0,Delhi
2017-09-17,28.7,69,9.8,Delhi
2017-09-18,29.1,65,9.5,Delhi
2017-09-19,29.5,74,5.8,Delhi
2017-09-20,30.0,67,5.2,Delhi
2017-09-21,29.1,72,10.7,Delhi
2017-09-22,25.6,85,11.7,Delhi
2017-09-23,24.3,91,10.6,Delhi
2017-09-24,25.3,83,11.3,Delhi
2017-09-25,27.5,76,10.0,Delhi
2017-09-26,28.3,71,6.5,Delhi
2017-09-27,28.4,66,6.4,Delhi
2017-09-28,28.6,64,6.2,Delhi
2017-09-29,29.0,64,6.8,Delhi
2017-09-30,28.8,63,7.6,Delhi
2017-10-01,28.4,59,6.7,Delhi
2017-10-02,29.0,57,7.0,Delhi
2017-10-03,28.1,59,7.9,Delhi
2017-10-04,28.1,62,7.7,Delhi
2017-10-05,28.1,65,8.5,Delhi
2017-10-06,27.9,56,8.9,Delhi
2017-10-07,27.7,52,6.8,Delhi
2017-10-08,27.4,62,6.4,Delhi
2017-10-09,27.9,63,7.7,Delhi
2017-10-10,27.9,60,6.9,Delhi
2017-10-11,27.9,59,7.2,Delhi
2017-10-12,28.2,55,6.8,Delhi
2017-10-13,28.1,48,7.3,Delhi
2017-10-14,28.0,51,7.5,Delhi
2017-10-15,28.0,52,6.6,Delhi
2017-10-16,27.9,52,7.5,Delhi
2017-10-17,26.5,51,9.3,Delhi
2017-10-18,26.2,62,7.8,Delhi
2017-10-19,27.3,63,6.6,Delhi
2017-10-20,28.0,58,7.1,Delhi
2017-10-21,27.1,53,8.5,Delhi
2017-10-22,27.0,49,8.3,Delhi
2017-10-23,26.5,55,6.7,Delhi
2017-10-24,25.5,51,10.2,Delhi
2017-10-25,25.1,46,7.0,Delhi
2017-10-26,24.7,51,7.2,Delhi
2017-10-27,24.0,60,6.4,Delhi
2017-10-28,24.7,61,6.8,Delhi
2017-10-29,23.9,61,6.5,Delhi
2017-10-30,23.4,63,6.4,Delhi
2017-10-31,24.0,63,4.8,Delhi
2017-11-01,24.4,61,7.8,Delhi
2017-11-02,23.9,69,6.5,Delhi
2017-11-03,23.4,70,6.6,Delhi
2017-11-04,22.9,73,7.4,Delhi
2017-11-05,23.9,67,4.8,Delhi
2017-11-06,23.7,64,6.3,Delhi
2017-11-07,22.9,71,6.2,Delhi
2017-11-08,22.9,68,7.1,Delhi
2017-11-09,22.2,72,7.8,Delhi
2017-11-10,22.1,68,7.8,Delhi
2017-11-11,21.3,69,7.5,Delhi
2017-11-12,21.0,70,7.5,Delhi
2017-11-13,20.9,70,6.4,Delhi
2017-11-14,21.1,66,11.9,Delhi
2017-11-15,20.8,64,9.1,Delhi
2017-11-16,20.0,66,8.6,Delhi
2017-11-17,19.9,69,9.4,Delhi
2017-11-18,20.2,67,10.7,Delhi
2017-11-19,19.0,52,12.7,Delhi
2017-11-20,17.0,50,11.6,Delhi
2017-11-21,16.5,51,11.8,Delhi
2017-11-22,16.7,51,11.8,Delhi
2017-11-23,16.6,47,11.6,Delhi
2017-11-24,16.9,47,9.9,Delhi
2017-11-25,17.0,52,9.7,Delhi
2017-11-26,17.0,61,8.4,Delhi
2017-11-27,17.3,56,11.1,Delhi
2017-11-28,17.4,58,8.8,Delhi
2017-11-29,17.8,63,7.3,Delhi
2017-11-30,17.4,66,7.0,Delhi
2017-12-01,17.1,60,5.8,Delhi
2017-12-02,17.3,57,5.2,Delhi
2017-12-03,17.4,53,4.4,Delhi
2017-12-04,16.6,61,6.4,Delhi
2017-12-05,17.3,60,6.4,Delhi
2017-12-06,17.5,51,8.4,Delhi
2017-12-07,17.4,37,11.3,Delhi
2017-12-08,16.7,37,11.8,Delhi
2017-12-09,16.7,46,7.2,Delhi
2017-12-10,17.0,60,5.4,Delhi
2017-12-11,17.2,67,7.0,Delhi
2017-12-12,16.5,84,5.6,Delhi
2017-12-13,14.3,83,6.2,Delhi
2017-12-14,13.6,71,9.0,Delhi
2017-12-15,13.0,70,12.5,Delhi
2017-12-16,12.7,63,15.1,Delhi
2017-12-17,13.7,51,17.0,Delhi
2017-12-18,15.6,46,17.8,Delhi
2017-12-19,14.7,59,11.2,Delhi
2017-12-20,15.3,74,7.6,Delhi
2017-12-21,16.2,79,8.0,Delhi
2017-12-22,16.3,66,14.9,Delhi
2017-12-23,15.7,59,14.0,Delhi
2017-12-24,15.6,65,5.4,Delhi
2017-12-25,15.1,70,8.8,Delhi
2017-12-26,14.4,72,9.8,Delhi
2017-12-27,15.2,66,6.9,Delhi
2017-12-28,14.9,71,7.9,Delhi
2017-12-29,14.1,76,8.1,Delhi
2017-12-30,14.1,76,6.7,Delhi
2017-12-31,12.9,75,6.8,Delhi
2018-01-01,13.1,66,5.9,Delhi
2018-01-02,13.4,69,5.8,Delhi
2018-01-03,12.2,74,7.7,Delhi
2018-01-04,11.8,74,7.0,Delhi
2018-01-05,12.3,74,6.8,Delhi
2018-01-06,12.0,76,7.4,Delhi
2018-01-07,11.9,69,12.0,Delhi
2018-01-08,12.1,70,10.8,Delhi
2018-01-09,12.1,71,9.6,Delhi
2018-01-10,13.3,68,14.3,Delhi
2018-01-11,13.9,63,14.7,Delhi
2018-01-12,14.8,58,10.9,Delhi
2018-01-13,14.0,69,8.1,Delhi
2018-01-14,13.5,69,9.8,Delhi
2018-01-15,13.9,63,12.0,Delhi
2018-01-16,14.6,57,12.1,Delhi
2018-01-17,13.6,74,10.3,Delhi
2018-01-18,15.1,76,7.4,Delhi
2018-01-19,15.6,74,9.1,Delhi
2018-01-20,14.5,64,11.9,Delhi
2018-01-21,14.1,57,6.8,Delhi
2018-01-22,14.1,67,7.8,Delhi
2018-01-23,13.4,79,11.9,Delhi
2018-01-24,12.7,82,7.6,Delhi
2018-01-25,13.1,79,11.6,Delhi
2018-01-26,12.5,80,8.5,Delhi
2018-01-27,12.1,77,9.0,Delhi
2018-01-28,12.8,75,9.1,Delhi
2018-01-29,13.8,74,10.6,Delhi
2018-01-30,16.3,68,16.7,Delhi
2018-01-31,17.6,64,18.4,Delhi
2018-02-01,17.4,67,10.9,Delhi
2018-02-02,16.8,72,7.8,Delhi
2018-02-03,16.3,60,9.1,Delhi
2018-02-04,14.4,59,11.0,Delhi
2018-02-05,14.8,56,8.0,Delhi
2018-02-06,16.0,52,11.5,Delhi
2018-02-07,14.4,53,12.4,Delhi
2018-02-08,13.8,60,9.2,Delhi
2018-02-09,14.4,60,9.1,Delhi
2018-02-10,16.7,51,6.2,Delhi
2018-02-11,16.2,57,11.4,Delhi
2018-02-12,15.8,79,16.6,Delhi
2018-02-13,15.4,79,7.8,Delhi
2018-02-14,15.5,66,14.8,Delhi
2018-02-15,16.8,64,15.6,Delhi
2018-02-16,17.7,66,11.8,Delhi
2018-02-17,18.0,67,11.7,Delhi
2018-02-18,17.6,59,9.7,Delhi
2018-02-19,17.4,58,7.6,Delhi
2018-02-20,19.4,60,8.2,Delhi
2018-02-21,21.4,58,6.9,Delhi
2018-02-22,21.7,63,7.8,Delhi
2018-02-23,21.9,69,6.3,Delhi
2018-02-24,21.1,73,8.5,Delhi
2018-02-25,21.0,68,9.8,Delhi
2018-02-26,20.5,63,16.8,Delhi
2018-02-27,21.5,62,11.4,Delhi
2018-02-28,21.6,67,8.2,Delhi
2018-03-01,21.4,65,9.0,Delhi
2018-03-02,23.1,58,8.8,Delhi
2018-03-03,22.6,60,7.7,Delhi
2018-03-04,21.5,59,10.6,Delhi
2018-03-05,20.4,57,10.0,Delhi
2018-03-06,20.3,53,12.5,Delhi
2018-03-07,21.1,52,11.6,Delhi
2018-03-08,22.3,53,5.2,Delhi
2018-03-09,22.9,52,8.8,Delhi
2018-03-10,23.1,48,12.4,Delhi
2018-03-11,23.3,52,11.6,Delhi
2018-03-12,23.7,53,10.8,Delhi
2018-03-13,25.4,49,9.0,Delhi
2018-03-14,25.8,37,8.7,Delhi
2018-03-15,23.8,42,9.8,Delhi
2018-03-16,22.7,48,9.7,Delhi
2018-03-17,21.9,40,12.3,Delhi
2018-03-18,22.7,41,11.3,Delhi
2018-03-19,23.6,41,8.5,Delhi
2018-03-20,24.3,49,6.5,Delhi
2018-03-21,23.6,56,10.7,Delhi
2018-03-22,23.0,56,8.3,Delhi
2018-03-23,23.0,54,9.4,Delhi
2018-03-24,24.3,48,10.8,Delhi
2018-03-25,25.0,44,12.8,Delhi
2018-03-26,26.0,42,13.6,Delhi
2018-03-27,26.3,40,9.8,Delhi
2018-03-28,27.9,37,9.4,Delhi
2018-03-29,27.2,34,13.4,Delhi
2018-03-30,26.8,34,14.4,Delhi
2018-03-31,25.7,47,11.9,Delhi
2018-04-01,26.5,45,10.7,Delhi
2018-04-02,28.0,45,8.5,Delhi
2018-04-03,28.7,44,9.0,Delhi
2018-04-04,29.2,43,8.3,Delhi
2018-04-05,28.6,49,6.4,Delhi
2018-04-06,27.9,52,6.9,Delhi
2018-04-07,26.9,54,10.6,Delhi
2018-04-08,26.7,55,13.0,Delhi
2018-04-09,25.6,62,10.3,Delhi
2018-04-10,26.7,58,8.6,Delhi
2018-04-11,25.3,63,12.8,Delhi
2018-04-12,25.4,61,6.1,Delhi
2018-04-13,26.2,43,8.5,Delhi
2018-04-14,27.2,34,10.4,Delhi
2018-04-15,28.8,35,8.8,Delhi
2018-04-16,29.2,36,10.5,Delhi
2018-04-17,29.4,35,8.9,Delhi
2018-04-18,29.4,28,15.5,Delhi
2018-04-19,30.0,28,11.5,Delhi
2018-04-20,30.3,27,16.2,Delhi
2018-04-21,27.0,34,12.4,Delhi
2018-04-22,27.5,25,15.0,Delhi
2018-04-23,28.3,23,13.6,Delhi
2018-04-24,30.1,20,10.1,Delhi
2018-04-25,31.8,20,10.2,Delhi
2018-04-26,32.5,20,9.1,Delhi
2018-04-27,30.9,43,13.5,Delhi
2018-04-28,30.7,44,13.3,Delhi
2018-04-29,30.8,43,9.8,Delhi
2018-04-30,31.0,42,11.3,Delhi
2018-05-01,30.5,52,17.7,Delhi
2018-05-02,29.8,54,17.1,Delhi
2018-05-03,28.7,58,16.1,Delhi
2018-05-04,29.0,55,13.5,Delhi
2018-05-05,30.3,48,7.7,Delhi
2018-05-06,31.0,38,10.4,Delhi
2018-05-07,30.5,37,8.6,Delhi
2018-05-08,27.2,46,9.1,Delhi
2018-05-09,28.1,44,7.2,Delhi
2018-05-10,30.2,38,8.3,Delhi
2018-05-11,32.5,36,9.2,Delhi
2018-05-12,32.3,42,9.6,Delhi
2018-05-13,29.6,56,11.7,Delhi
2018-05-14,30.0,52,8.0,Delhi
2018-05-15,31.2,50,8.4,Delhi
2018-05-16,31.9,42,8.1,Delhi
2018-05-17,32.7,30,8.2,Delhi
2018-05-18,32.5,32,6.9,Delhi
2018-05-19,32.1,38,6.5,Delhi
2018-05-20,32.9,28,10.2,Delhi
2018-05-21,33.7,17,11.7,Delhi
2018-05-22,35.5,18,9.8,Delhi
2018-05-23,34.5,26,10.2,Delhi
2018-05-24,33.8,30,9.2,Delhi
2018-05-25,34.6,25,9.3,Delhi
2018-05-26,34.9,17,9.2,Delhi
2018-05-27,35.3,19,10.8,Delhi
2018-05-28,34.8,28,9.2,Delhi
2018-05-29,34.0,33,12.6,Delhi
2018-05-30,32.8,49,14.3,Delhi
2018-05-31,34.3,45,11.1,Delhi
2018-06-01,33.9,48,18.0,Delhi
2018-06-02,33.0,49,15.6,Delhi
2018-06-03,32.9,53,13.3,Delhi
2018-06-04,34.9,45,16.0,Delhi
2018-06-05,35.3,45,16.1,Delhi
2018-06-06,33.4,55,12.3,Delhi
2018-06-07,34.1,53,8.3,Delhi
2018-06-08,34.8,52,16.1,Delhi
2018-06-09,31.5,69,14.0,Delhi
2018-06-10,31.5,68,6.6,Delhi
2018-06-11,34.0,52,11.1,Delhi
2018-06-12,35.5,40,13.5,Delhi
2018-06-13,36.4,38,16.8,Delhi
2018-06-14,36.0,37,19.8,Delhi
2018-06-15,35.5,36,17.8,Delhi
2018-06-16,34.9,41,14.1,Delhi
2018-06-17,31.7,58,10.4,Delhi
2018-06-18,31.1,55,8.2,Delhi
2018-06-19,32.6,51,8.5,Delhi
2018-06-20,34.9,45,5.7,Delhi
2018-06-21,35.4,42,7.4,Delhi
2018-06-22,36.5,38,5.8,Delhi
2018-06-23,35.9,39,8.5,Delhi
2018-06-24,35.6,39,9.2,Delhi
2018-06-25,36.3,36,13.2,Delhi
2018-06-26,32.9,52,9.3,Delhi
2018-06-27,29.2,78,9.0,Delhi
2018-06-28,28.6,81,14.5,Delhi
2018-06-29,29.4,76,16.6,Delhi
2018-06-30,29.6,79,8.5,Delhi
2018-07-01,30.7,75,10.8,Delhi
2018-07-02,30.6,72,12.0,Delhi
2018-07-03,30.6,68,8.6,Delhi
2018-07-04,29.1,78,8.9,Delhi
2018-07-05,30.8,71,6.0,Delhi
2018-07-06,31.1,67,8.2,Delhi
2018-07-07,31.7,65,7.8,Delhi
2018-07-08,32.9,61,6.3,Delhi
2018-07-09,32.9,64,9.6,Delhi
2018-07-10,32.8,67,11.8,Delhi
2018-07-11,31.8,72,9.6,Delhi
2018-07-12,29.6,80,7.9,Delhi
2018-07-13,29.1,82,8.3,Delhi
2018-07-14,28.5,85,8.6,Delhi
2018-07-15,29.4,83,9.4,Delhi
2018-07-16,29.1,85,9.3,Delhi
2018-07-17,30.4,80,9.3,Delhi
2018-07-18,30.1,80,9.8,Delhi
2018-07-19,30.1,80,6.5,Delhi
2018-07-20,29.4,84,4.2,Delhi
2018-07-21,28.4,89,5.5,Delhi
2018-07-22,27.4,91,4.9,Delhi
2018-07-23,28.8,86,6.5,Delhi
2018-07-24,30.0,78,5.0,Delhi
2018-07-25,28.8,85,6.6,Delhi
2018-07-26,26.9,91,7.1,Delhi
2018-07-27,26.8,90,6.6,Delhi
2018-07-28,28.1,83,12.6,Delhi
2018-07-29,29.0,82,9.2,Delhi
2018-07-30,29.2,79,10.4,Delhi
2018-07-31,29.7,76,11.9,Delhi
2018-08-01,29.9,74,12.5,Delhi
2018-08-02,30.5,70,12.0,Delhi
2018-08-03,30.4,67,13.1,Delhi
2018-08-04,30.4,66,12.4,Delhi
2018-08-05,29.1,72,11.8,Delhi
2018-08-06,26.8,86,5.7,Delhi
2018-08-07,26.6,91,4.9,Delhi
2018-08-08,27.9,86,8.4,Delhi
2018-08-09,29.2,82,8.6,Delhi
2018-08-10,29.5,83,5.7,Delhi
2018-08-11,29.8,78,13.7,Delhi
2018-08-12,28.8,79,9.2,Delhi
2018-08-13,29.1,77,5.2,Delhi
2018-08-14,29.3,79,6.3,Delhi
2018-08-15,29.0,84,7.4,Delhi
2018-08-16,29.1,85,6.9,Delhi
2018-08-17,29.4,83,10.1,Delhi
2018-08-18,29.2,84,7.2,Delhi
2018-08-19,28.9,87,6.0,Delhi
2018-08-20,29.2,86,5.3,Delhi
2018-08-21,29.5,85,6.6,Delhi
2018-08-22,29.3,84,5.7,Delhi
2018-08-23,28.3,88,7.6,Delhi
2018-08-24,28.6,83,10.1,Delhi
2018-08-25,28.5,79,12.5,Delhi
2018-08-26,28.6,80,8.4,Delhi
2018-08-27,27.5,89,4.2,Delhi
2018-08-28,27.6,88,7.4,Delhi
2018-08-29,28.0,89,5.9,Delhi
2018-08-30,29.0,85,6.2,Delhi
2018-08-31,29.5,81,8.8,Delhi
2018-09-01,28.3,86,5.1,Delhi
2018-09-02,26.7,90,4.7,Delhi
2018-09-03,26.7,90,4.2,Delhi
2018-09-04,26.7,91,4.8,Delhi
2018-09-05,27.7,85,8.4,Delhi
2018-09-06,28.0,83,6.4,Delhi
2018-09-07,27.9,88,6.8,Delhi
2018-09-08,27.4,86,13.1,Delhi
2018-09-09,27.0,83,14.1,Delhi
2018-09-10,27.5,83,7.0,Delhi
2018-09-11,27.8,84,8.4,Delhi
2018-09-12,28.5,76,14.8,Delhi
2018-09-13,28.5,71,13.6,Delhi
2018-09-14,27.8,71,9.4,Delhi
2018-09-15,27.9,70,8.6,Delhi
2018-09-16,28.0,68,9.0,Delhi
2018-09-17,28.1,71,7.8,Delhi
2018-09-18,27.6,69,8.9,Delhi
2018-09-19,27.7,69,8.8,Delhi
2018-09-20,28.4,70,5.4,Delhi
2018-09-21,27.2,78,13.2,Delhi
2018-09-22,24.9,88,17.1,Delhi
2018-09-23,25.4,89,20.6,Delhi
2018-09-24,24.6,92,15.6,Delhi
2018-09-25,25.2,85,13.2,Delhi
2018-09-26,26.0,81,8.5,Delhi
2018-09-27,27.0,77,5.5,Delhi
2018-09-28,27.7,74,5.0,Delhi
2018-09-29,27.2,74,5.5,Delhi
2018-09-30,26.6,73,10.0,Delhi
2018-10-01,26.6,72,8.9,Delhi
2018-10-02,27.5,68,6.9,Delhi
2018-10-03,26.9,65,5.5,Delhi
2018-10-04,26.4,71,5.0,Delhi
2018-10-05,26.4,72,5.2,Delhi
2018-10-06,25.8,64,8.3,Delhi
2018-10-07,25.3,67,7.1,Delhi
2018-10-08,26.1,67,4.3,Delhi
2018-10-09,26.2,72,9.1,Delhi
2018-10-10,25.3,78,11.9,Delhi
2018-10-11,24.1,80,10.2,Delhi
2018-10-12,23.7,71,6.5,Delhi
2018-10-13,23.2,66,7.9,Delhi
2018-10-14,23.2,61,9.9,Delhi
2018-10-15,24.4,58,6.7,Delhi
2018-10-16,24.8,68,7.3,Delhi
2018-10-17,25.0,68,7.1,Delhi
2018-10-18,24.8,71,9.3,Delhi
2018-10-19,25.3,60,6.4,Delhi
2018-10-20,24.4,56,7.0,Delhi
2018-10-21,23.4,54,8.8,Delhi
2018-10-22,22.5,49,9.6,Delhi
2018-10-23,23.0,48,7.7,Delhi
2018-10-24,23.4,57,6.0,Delhi
2018-10-25,23.2,59,6.7,Delhi
2018-10-26,22.7,63,7.3,Delhi
2018-10-27,23.3,61,7.3,Delhi
2018-10-28,23.0,63,8.2,Delhi
2018-10-29,22.8,64,7.5,Delhi
2018-10-30,23.7,63,4.5,Delhi
2018-10-31,23.8,63,4.8,Delhi
2018-11-01,23.2,65,4.8,Delhi
2018-11-02,23.5,67,7.1,Delhi
2018-11-03,23.5,64,15.5,Delhi
2018-11-04,22.3,61,8.9,Delhi
2018-11-05,20.2,62,9.4,Delhi
2018-11-06,20.0,50,13.2,Delhi
2018-11-07,19.1,40,9.1,Delhi
2018-11-08,20.1,49,4.3,Delhi
2018-11-09,20.4,60,5.6,Delhi
2018-11-10,20.8,63,4.7,Delhi
2018-11-11,21.8,61,4.8,Delhi
2018-11-12,21.5,68,6.0,Delhi
2018-11-13,22.1,69,6.7,Delhi
2018-11-14,21.5,72,7.3,Delhi
2018-11-15,20.7,72,9.4,Delhi
2018-11-16,19.1,61,14.5,Delhi
2018-11-17,18.5,64,10.4,Delhi
2018-11-18,19.8,64,7.0,Delhi
2018-11-19,20.8,63,10.6,Delhi
2018-11-20,20.5,72,7.1,Delhi
2018-11-21,19.7,62,10.0,Delhi
2018-11-22,19.6,58,5.9,Delhi
2018-11-23,19.3,57,12.9,Delhi
2018-11-24,19.3,53,14.9,Delhi
2018-11-25,17.8,60,8.1,Delhi
2018-11-26,18.5,66,8.6,Delhi
2018-11-27,19.5,69,6.7,Delhi
2018-11-28,19.6,72,5.1,Delhi
2018-11-29,18.6,72,8.5,Delhi
2018-11-30,18.3,69,9.6,Delhi
2018-12-01,17.4,67,9.0,Delhi
2018-12-02,17.8,58,5.3,Delhi
2018-12-03,17.7,61,5.0,Delhi
2018-12-04,17.3,66,6.0,Delhi
2018-12-05,16.7,69,6.5,Delhi
2018-12-06,17.0,67,5.7,Delhi
2018-12-07,15.9,70,9.7,Delhi
2018-12-08,15.4,70,7.3,Delhi
2018-12-09,15.9,67,6.0,Delhi
2018-12-10,15.5,72,8.0,Delhi
2018-12-11,15.5,68,6.1,Delhi
2018-12-12,14.6,76,8.7,Delhi
2018-12-13,14.3,75,7.6,Delhi
2018-12-14,14.0,70,8.6,Delhi
2018-12-15,13.8,68,10.8,Delhi
2018-12-16,13.4,67,8.7,Delhi
2018-12-17,13.0,69,8.4,Delhi
2018-12-18,12.9,66,10.3,Delhi
2018-12-19,12.8,68,9.1,Delhi
2018-12-20,12.4,68,7.3,Delhi
2018-12-21,12.1,69,8.8,Delhi
2018-12-22,11.9,70,6.5,Delhi
2018-12-23,12.3,70,7.9,Delhi
2018-12-24,13.2,66,7.3,Delhi
2018-12-25,12.2,66,11.0,Delhi
2018-12-26,11.9,63,8.0,Delhi
2018-12-27,12.1,63,6.6,Delhi
2018-12-28,11.5,67,12.6,Delhi
2018-12-29,11.2,64,9.9,Delhi
2018-12-30,13.2,61,4.8,Delhi
2018-12-31,12.3,70,9.2,Delhi
2019-01-01,12.7,71,7.1,Delhi
2019-01-02,14.1,71,6.9,Delhi
2019-01-03,13.4,70,9.9,Delhi
2019-01-04,12.6,70,7.5,Delhi
2019-01-05,13.4,69,11.9,Delhi
2019-01-06,13.0,77,8.7,Delhi
2019-01-07,12.4,77,8.3,Delhi
2019-01-08,12.2,75,10.2,Delhi
2019-01-09,12.6,69,12.8,Delhi
2019-01-10,12.7,66,8.7,Delhi
2019-01-11,12.9,68,6.9,Delhi
2019-01-12,13.9,67,5.9,Delhi
2019-01-13,14.5,72,7.5,Delhi
2019-01-14,12.5,58,15.0,Delhi
2019-01-15,11.5,56,13.2,Delhi
2019-01-16,11.7,67,6.6,Delhi
2019-01-17,12.7,71,7.5,Delhi
2019-01-18,12.0,72,8.7,Delhi
2019-01-19,14.4,67,7.1,Delhi
2019-01-20,17.8,67,5.0,Delhi
2019-01-21,16.2,80,14.8,Delhi
2019-01-22,14.8,86,14.2,Delhi
2019-01-23,13.2,84,6.4,Delhi
2019-01-24,13.7,81,8.1,Delhi
2019-01-25,12.1,79,8.3,Delhi
2019-01-26,11.3,66,10.3,Delhi
2019-01-27,10.1,66,11.7,Delhi
2019-01-28,10.6,61,12.8,Delhi
2019-01-29,11.1,60,12.5,Delhi
2019-01-30,11.5,68,9.4,Delhi
2019-01-31,13.0,69,11.4,Delhi
2019-02-01,14.2,74,9.2,Delhi
2019-02-02,12.9,80,10.2,Delhi
2019-02-03,12.6,81,8.7,Delhi
2019-02-04,14.2,73,6.6,Delhi
2019-02-05,15.9,75,7.0,Delhi
2019-02-06,17.1,84,12.2,Delhi
2019-02-07,15.7,89,20.9,Delhi
2019-02-08,12.7,71,9.1,Delhi
2019-02-09,12.5,68,13.0,Delhi
2019-02-10,12.4,72,7.4,Delhi
2019-02-11,13.2,73,6.5,Delhi
2019-02-12,15.2,75,5.2,Delhi
2019-02-13,16.5,73,7.0,Delhi
2019-02-14,16.3,83,14.8,Delhi
2019-02-15,15.9,85,6.9,Delhi
2019-02-16,14.4,85,8.2,Delhi
2019-02-17,14.6,79,11.7,Delhi
2019-02-18,16.3,71,11.2,Delhi
2019-02-19,16.9,77,6.3,Delhi
2019-02-20,17.0,82,12.5,Delhi
2019-02-21,19.3,75,11.2,Delhi
2019-02-22,17.9,72,15.2,Delhi
2019-02-23,15.1,64,14.6,Delhi
2019-02-24,15.4,66,9.1,Delhi
2019-02-25,15.5,65,7.6,Delhi
2019-02-26,15.6,67,11.7,Delhi
2019-02-27,13.5,79,7.5,Delhi
2019-02-28,13.1,70,9.4,Delhi
2019-03-01,13.9,66,9.5,Delhi
2019-03-02,15.0,73,6.0,Delhi
2019-03-03,15.9,80,8.8,Delhi
2019-03-04,16.9,80,7.9,Delhi
2019-03-05,16.1,71,10.5,Delhi
2019-03-06,16.7,63,10.7,Delhi
2019-03-07,17.1,62,8.2,Delhi
2019-03-08,18.6,58,7.9,Delhi
2019-03-09,18.2,65,11.6,Delhi
2019-03-10,17.7,54,9.3,Delhi
2019-03-11,20.0,55,14.6,Delhi
2019-03-12,19.6,57,10.9,Delhi
2019-03-13,18.3,63,6.9,Delhi
2019-03-14,17.2,72,11.1,Delhi
2019-03-15,17.9,65,11.0,Delhi
2019-03-16,18.1,57,10.5,Delhi
2019-03-17,20.1,49,9.1,Delhi
2019-03-18,20.7,49,7.0,Delhi
2019-03-19,21.7,50,8.7,Delhi
2019-03-20,23.3,47,14.4,Delhi
2019-03-21,22.8,49,10.5,Delhi
2019-03-22,22.0,40,13.2,Delhi
2019-03-23,22.4,38,15.7,Delhi
2019-03-24,24.1,45,12.9,Delhi
2019-03-25,21.7,62,11.5,Delhi
2019-03-26,22.3,57,11.2,Delhi
2019-03-27,23.6,52,9.5,Delhi
2019-03-28,26.0,52,8.2,Delhi
2019-03-29,27.9,50,7.0,Delhi
2019-03-30,27.0,54,7.4,Delhi
2019-03-31,26.5,41,14.1,Delhi
2019-04-01,25.5,33,13.7,Delhi
2019-04-02,25.5,39,8.6,Delhi
2019-04-03,26.3,39,9.4,Delhi
2019-04-04,28.0,40,8.2,Delhi
2019-04-05,29.4,41,7.1,Delhi
2019-04-06,28.8,47,9.3,Delhi
2019-04-07,28.2,54,10.1,Delhi
2019-04-08,26.9,54,11.2,Delhi
2019-04-09,28.4,47,8.1,Delhi
2019-04-10,29.2,43,7.9,Delhi
2019-04-11,30.4,36,8.3,Delhi
2019-04-12,29.6,36,10.0,Delhi
2019-04-13,29.9,38,12.0,Delhi
2019-04-14,30.6,34,14.0,Delhi
2019-04-15,31.1,31,11.5,Delhi
2019-04-16,26.2,49,12.6,Delhi
2019-04-17,21.8,73,11.6,Delhi
2019-04-18,22.5,67,5.6,Delhi
2019-04-19,24.5,53,9.0,Delhi
2019-04-20,26.4,47,7.3,Delhi
2019-04-21,28.7,39,9.3,Delhi
2019-04-22,30.1,40,9.4,Delhi
2019-04-23,32.1,34,8.5,Delhi
2019-04-24,32.7,35,10.9,Delhi
2019-04-25,33.0,36,11.1,Delhi
2019-04-26,33.0,33,12.6,Delhi
2019-04-27,33.5,22,18.9,Delhi
2019-04-28,33.3,20,15.8,Delhi
2019-04-29,33.6,19,10.5,Delhi
2019-04-30,34.2,20,12.0,Delhi
2019-05-01,33.0,25,8.9,Delhi
2019-05-02,31.5,33,13.4,Delhi
2019-05-03,31.0,33,9.7,Delhi
2019-05-04,31.1,22,13.8,Delhi
2019-05-05,31.1,19,14.1,Delhi
2019-05-06,32.2,21,10.8,Delhi
2019-05-07,32.3,20,13.3,Delhi
2019-05-08,34.0,18,13.5,Delhi
2019-05-09,34.2,19,17.1,Delhi
2019-05-10,34.6,20,16.8,Delhi
2019-05-11,32.3,29,13.1,Delhi
2019-05-12,31.9,30,10.8,Delhi
2019-05-13,32.4,30,8.3,Delhi
2019-05-14,30.1,42,8.0,Delhi
2019-05-15,30.3,45,7.3,Delhi
2019-05-16,30.2,46,8.9,Delhi
2019-05-17,28.3,57,7.2,Delhi
2019-05-18,27.4,60,11.9,Delhi
2019-05-19,30.1,43,10.8,Delhi
2019-05-20,31.9,34,11.1,Delhi
2019-05-21,32.6,31,10.6,Delhi
2019-05-22,32.8,35,9.9,Delhi
2019-05-23,33.1,37,8.3,Delhi
2019-05-24,30.8,45,12.4,Delhi
2019-05-25,31.1,39,15.3,Delhi
2019-05-26,31.6,34,11.5,Delhi
2019-05-27,33.7,27,12.0,Delhi
2019-05-28,33.5,20,12.4,Delhi
2019-05-29,34.7,20,10.5,Delhi
2019-05-30,35.6,21,9.0,Delhi
2019-05-31,36.8,20,10.8,Delhi
2019-06-01,35.6,29,10.3,Delhi
2019-06-02,35.5,40,13.8,Delhi
2019-06-03,34.6,46,15.5,Delhi
2019-06-04,34.8,42,14.4,Delhi
2019-06-05,35.5,39,9.4,Delhi
2019-06-06,35.6,37,11.2,Delhi
2019-06-07,34.1,42,8.6,Delhi
2019-06-08,35.5,33,8.1,Delhi
2019-06-09,36.9,24,8.1,Delhi
2019-06-10,37.2,23,7.9,Delhi
2019-06-11,37.4,23,10.4,Delhi
2019-06-12,34.6,44,11.6,Delhi
2019-06-13,35.4,38,12.2,Delhi
2019-06-14,36.0,29,15.2,Delhi
2019-06-15,36.5,22,14.5,Delhi
2019-06-16,33.8,43,20.4,Delhi
2019-06-17,33.5,47,19.0,Delhi
2019-06-18,30.5,55,8.7,Delhi
2019-06-19,31.0,53,7.5,Delhi
2019-06-20,31.8,48,7.1,Delhi
2019-06-21,33.3,47,6.3,Delhi
2019-06-22,34.7,38,8.9,Delhi
2019-06-23,34.0,49,14.3,Delhi
2019-06-24,31.5,60,10.5,Delhi
2019-06-25,32.1,62,5.4,Delhi
2019-06-26,34.8,48,8.6,Delhi
2019-06-27,34.6,40,11.8,Delhi
2019-06-28,35.5,38,13.3,Delhi
2019-06-29,36.3,36,12.9,Delhi
2019-06-30,36.8,35,11.7,Delhi
2019-07-01,36.0,42,6.8,Delhi
2019-07-02,35.7,46,9.1,Delhi
2019-07-03,33.7,56,11.5,Delhi
2019-07-04,33.0,60,10.4,Delhi
2019-07-05,31.0,72,5.9,Delhi
2019-07-06,31.0,69,7.9,Delhi
2019-07-07,31.1,69,4.6,Delhi
2019-07-08,31.9,68,5.3,Delhi
2019-07-09,30.7,72,8.7,Delhi
2019-07-10,31.0,74,9.1,Delhi
2019-07-11,33.4,57,15.2,Delhi
2019-07-12,33.4,51,13.6,Delhi
2019-07-13,34.1,47,19.6,Delhi
2019-07-14,32.9,52,15.9,Delhi
2019-07-15,29.7,72,10.0,Delhi
2019-07-16,26.6,89,9.2,Delhi
2019-07-17,27.2,85,6.8,Delhi
2019-07-18,27.5,82,5.0,Delhi
2019-07-19,29.4,79,4.6,Delhi
2019-07-20,30.0,80,6.7,Delhi
2019-07-21,29.7,81,7.8,Delhi
2019-07-22,30.4,80,6.3,Delhi
2019-07-23,31.6,77,6.2,Delhi
2019-07-24,31.5,74,9.2,Delhi
2019-07-25,27.6,86,6.6,Delhi
2019-07-26,27.2,87,10.4,Delhi
2019-07-27,26.6,90,13.5,Delhi
2019-07-28,28.1,86,14.2,Delhi
2019-07-29,29.2,79,14.4,Delhi
2019-07-30,28.9,78,12.4,Delhi
2019-07-31,29.0,78,9.7,Delhi
2019-08-01,29.3,82,9.2,Delhi
2019-08-02,28.7,85,7.1,Delhi
2019-08-03,28.3,88,8.2,Delhi
2019-08-04,28.9,87,4.3,Delhi
2019-08-05,29.2,86,5.7,Delhi
2019-08-06,27.9,89,8.6,Delhi
2019-08-07,28.2,88,5.6,Delhi
2019-08-08,30.1,78,9.2,Delhi
2019-08-09,29.3,75,21.4,Delhi
2019-08-10,28.8,80,18.8,Delhi
2019-08-11,29.5,79,7.9,Delhi
2019-08-12,29.3,80,9.3,Delhi
2019-08-13,29.1,84,9.0,Delhi
2019-08-14,28.3,88,4.0,Delhi
2019-08-15,29.0,82,14.0,Delhi
2019-08-16,27.9,84,17.3,Delhi
2019-08-17,26.1,90,20.7,Delhi
2019-08-18,26.8,87,10.1,Delhi
2019-08-19,28.0,84,5.0,Delhi
2019-08-20,28.5,82,9.6,Delhi
2019-08-21,29.3,78,9.9,Delhi
2019-08-22,28.6,84,6.3,Delhi
2019-08-23,29.2,82,3.5,Delhi
2019-08-24,29.1,83,5.8,Delhi
2019-08-25,27.5,88,8.2,Delhi
2019-08-26,28.8,83,8.6,Delhi
2019-08-27,29.8,80,6.3,Delhi
2019-08-28,30.4,78,8.4,Delhi
2019-08-29,30.1,80,9.1,Delhi
2019-08-30,30.1,81,5.1,Delhi
2019-08-31,30.5,78,5.4,Delhi
2019-09-01,28.6,86,10.0,Delhi
2019-09-02,29.5,83,4.2,Delhi
2019-09-03,30.2,80,5.1,Delhi
2019-09-04,29.0,85,8.9,Delhi
2019-09-05,29.4,82,7.8,Delhi
2019-09-06,29.7,81,7.8,Delhi
2019-09-07,28.8,85,9.1,Delhi
2019-09-08,29.1,83,6.3,Delhi
2019-09-09,30.1,78,4.9,Delhi
2019-09-10,30.6,74,5.5,Delhi
2019-09-11,31.2,73,5.8,Delhi
2019-09-12,30.2,79,13.4,Delhi
2019-09-13,29.8,77,10.8,Delhi
2019-09-14,28.7,79,12.1,Delhi
2019-09-15,28.1,83,8.3,Delhi
2019-09-16,29.3,81,5.4,Delhi
2019-09-17,29.2,80,7.8,Delhi
2019-09-18,28.5,80,11.2,Delhi
2019-09-19,26.9,80,12.7,Delhi
2019-09-20,27.0,83,7.0,Delhi
2019-09-21,27.8,80,6.1,Delhi
2019-09-22,27.1,83,8.7,Delhi
2019-09-23,26.7,81,8.0,Delhi
2019-09-24,27.0,80,8.6,Delhi
2019-09-25,27.2,81,11.3,Delhi
2019-09-26,27.6,76,15.9,Delhi
2019-09-27,26.6,78,13.0,Delhi
2019-09-28,25.5,83,12.8,Delhi
2019-09-29,25.0,84,11.7,Delhi
2019-09-30,25.3,83,7.9,Delhi
2019-10-01,25.1,85,7.5,Delhi
2019-10-02,26.5,80,5.3,Delhi
2019-10-03,27.5,73,4.5,Delhi
2019-10-04,26.1,72,8.2,Delhi
2019-10-05,26.1,66,10.4,Delhi
2019-10-06,26.4,62,8.2,Delhi
2019-10-07,26.3,62,10.9,Delhi
2019-10-08,26.4,57,7.0,Delhi
2019-10-09,25.5,61,6.3,Delhi
2019-10-10,26.4,59,5.9,Delhi
2019-10-11,26.6,54,5.7,Delhi
2019-10-12,27.3,57,6.6,Delhi
2019-10-13,27.7,52,6.8,Delhi
2019-10-14,27.0,58,7.5,Delhi
2019-10-15,27.1,62,6.2,Delhi
2019-10-16,27.6,58,6.3,Delhi
2019-10-17,27.0,61,7.4,Delhi
2019-10-18,26.4,65,8.9,Delhi
2019-10-19,25.5,67,5.8,Delhi
2019-10-20,25.7,49,9.3,Delhi
2019-10-21,25.0,51,10.8,Delhi
2019-10-22,24.4,48,12.0,Delhi
2019-10-23,24.4,54,8.5,Delhi
2019-10-24,24.2,65,6.7,Delhi
2019-10-25,24.4,63,7.2,Delhi
2019-10-26,24.5,61,6.2,Delhi
2019-10-27,24.5,58,9.2,Delhi
2019-10-28,24.1,59,7.5,Delhi
2019-10-29,24.4,65,5.6,Delhi
2019-10-30,25.4,64,7.7,Delhi
2019-10-31,24.3,66,7.9,Delhi
2019-11-01,24.8,65,6.7,Delhi
2019-11-02,24.4,69,9.3,Delhi
2019-11-03,23.8,71,9.1,Delhi
2019-11-04,23.7,63,12.6,Delhi
2019-11-05,22.9,57,12.5,Delhi
2019-11-06,23.3,59,7.8,Delhi
2019-11-07,22.1,71,9.7,Delhi
2019-11-08,21.9,74,7.1,Delhi
2019-11-09,21.8,60,11.2,Delhi
2019-11-10,20.8,60,9.5,Delhi
2019-11-11,20.3,59,8.4,Delhi
2019-11-12,19.6,62,8.2,Delhi
2019-11-13,20.7,67,7.0,Delhi
2019-11-14,21.4,69,6.6,Delhi
2019-11-15,21.0,72,9.0,Delhi
2019-11-16,21.9,64,14.0,Delhi
2019-11-17,21.7,61,18.4,Delhi
2019-11-18,19.9,64,12.6,Delhi
2019-11-19,19.4,66,9.3,Delhi
2019-11-20,19.1,65,5.8,Delhi
2019-11-21,19.6,67,7.1,Delhi
2019-11-22,20.6,65,6.6,Delhi
2019-11-23,20.6,62,10.6,Delhi
2019-11-24,20.7,64,11.1,Delhi
2019-11-25,20.0,67,6.6,Delhi
2019-11-26,20.1,67,9.5,Delhi
2019-11-27,19.7,68,7.1,Delhi
2019-11-28,18.3,83,13.4,Delhi
2019-11-29,17.7,82,6.1,Delhi
2019-11-30,17.0,78,8.8,Delhi
2019-12-01,15.5,74,8.5,Delhi
2019-12-02,15.4,70,9.8,Delhi
2019-12-03,15.1,66,10.8,Delhi
2019-12-04,15.3,72,6.4,Delhi
2019-12-05,15.4,74,6.6,Delhi
2019-12-06,15.4,82,6.5,Delhi
2019-12-07,16.0,79,5.7,Delhi
2019-12-08,15.7,79,6.9,Delhi
2019-12-09,15.3,73,6.2,Delhi
2019-12-10,15.1,70,7.4,Delhi
2019-12-11,15.7,71,6.1,Delhi
2019-12-12,15.6,78,13.3,Delhi
2019-12-13,15.1,87,12.3,Delhi
2019-12-14,13.0,85,5.0,Delhi
2019-12-15,13.2,80,8.1,Delhi
2019-12-16,12.4,80,10.2,Delhi
2019-12-17,11.8,80,10.1,Delhi
2019-12-18,11.9,78,9.4,Delhi
2019-12-19,11.5,80,5.4,Delhi
2019-12-20,13.0,79,5.1,Delhi
2019-12-21,13.4,81,6.2,Delhi
2019-12-22,12.5,84,10.1,Delhi
2019-12-23,11.8,82,10.5,Delhi
2019-12-24,9.6,90,6.2,Delhi
2019-12-25,8.7,87,9.7,Delhi
2019-12-26,8.4,84,11.2,Delhi
2019-12-27,7.3,88,7.2,Delhi
2019-12-28,6.7,90,6.5,Delhi
2019-12-29,7.3,86,5.2,Delhi
2019-12-30,6.9,89,6.8,Delhi
2019-12-31,7.6,78,6.8,Delhi
2020-01-01,10.0,79,8.1,Delhi
2020-01-02,12.9,79,8.6,Delhi
2020-01-03,14.0,78,6.5,Delhi
2020-01-04,13.4,82,5.4,Delhi
2020-01-05,13.3,74,9.1,Delhi
2020-01-06,13.5,76,6.7,Delhi
2020-01-07,14.0,83,9.8,Delhi
2020-01-08,12.8,92,9.2,Delhi
2020-01-09,10.5,78,12.0,Delhi
2020-01-10,10.1,77,11.7,Delhi
2020-01-11,10.3,77,9.3,Delhi
2020-01-12,11.8,78,8.4,Delhi
2020-01-13,14.6,83,10.5,Delhi
2020-01-14,14.0,86,8.6,Delhi
2020-01-15,12.4,83,8.6,Delhi
2020-01-16,12.4,90,7.7,Delhi
2020-01-17,13.0,88,7.6,Delhi
2020-01-18,12.5,89,6.3,Delhi
2020-01-19,11.7,82,9.3,Delhi
2020-01-20,12.1,84,8.2,Delhi
2020-01-21,12.9,86,5.8,Delhi
2020-01-22,12.5,82,10.1,Delhi
2020-01-23,12.5,66,17.9,Delhi
2020-01-24,12.8,60,17.7,Delhi
2020-01-25,11.8,74,7.7,Delhi
2020-01-26,13.6,79,7.0,Delhi
2020-01-27,14.0,77,8.2,Delhi
2020-01-28,14.2,83,13.2,Delhi
2020-01-29,13.3,82,6.6,Delhi
2020-01-30,12.6,77,11.2,Delhi
2020-01-31,12.1,74,9.3,Delhi
2020-02-01,12.3,74,7.7,Delhi
2020-02-02,11.7,76,10.1,Delhi
2020-02-03,12.0,74,8.3,Delhi
2020-02-04,13.0,74,8.1,Delhi
2020-02-05,12.9,74,10.3,Delhi
2020-02-06,11.7,75,8.2,Delhi
2020-02-07,12.7,71,6.7,Delhi
2020-02-08,12.4,75,8.5,Delhi
2020-02-09,12.8,75,8.0,Delhi
2020-02-10,13.2,73,9.1,Delhi
2020-02-11,13.5,73,8.6,Delhi
2020-02-12,15.9,68,13.2,Delhi
2020-02-13,19.2,57,18.9,Delhi
2020-02-14,18.5,51,21.6,Delhi
2020-02-15,17.5,47,16.4,Delhi
2020-02-16,17.1,60,10.2,Delhi
2020-02-17,17.5,56,10.8,Delhi
2020-02-18,17.0,48,13.4,Delhi
2020-02-19,18.2,54,14.9,Delhi
2020-02-20,20.0,62,20.1,Delhi
2020-02-21,16.2,84,18.2,Delhi
2020-02-22,17.8,79,8.8,Delhi
2020-02-23,17.5,82,7.2,Delhi
2020-02-24,17.6,78,8.0,Delhi
2020-02-25,18.0,74,9.2,Delhi
2020-02-26,18.6,74,6.6,Delhi
2020-02-27,19.1,76,8.1,Delhi
2020-02-28,20.3,74,15.8,Delhi
2020-02-29,18.7,82,14.8,Delhi
2020-03-01,19.1,80,8.6,Delhi
2020-03-02,19.7,78,6.2,Delhi
2020-03-03,19.6,70,7.8,Delhi
2020-03-04,19.2,72,8.6,Delhi
2020-03-05,18.2,79,13.9,Delhi
2020-03-06,16.4,86,18.2,Delhi
2020-03-07,15.9,85,10.7,Delhi
2020-03-08,16.5,79,7.2,Delhi
2020-03-09,17.0,67,14.0,Delhi
2020-03-10,17.1,68,6.4,Delhi
2020-03-11,18.7,74,14.3,Delhi
2020-03-12,19.6,67,13.2,Delhi
2020-03-13,18.7,65,8.3,Delhi
2020-03-14,16.4,82,10.2,Delhi
2020-03-15,16.3,78,5.5,Delhi
2020-03-16,18.0,75,9.6,Delhi
2020-03-17,18.9,71,10.7,Delhi
2020-03-18,20.4,67,11.0,Delhi
2020-03-19,20.8,71,7.7,Delhi
2020-03-20,21.2,69,8.1,Delhi
2020-03-21,21.7,70,5.3,Delhi
2020-03-22,22.0,68,8.1,Delhi
2020-03-23,22.5,61,5.6,Delhi
2020-03-24,23.6,64,7.4,Delhi
2020-03-25,23.8,62,10.1,Delhi
2020-03-26,23.5,61,12.7,Delhi
2020-03-27,21.4,74,10.7,Delhi
2020-03-28,21.3,69,10.5,Delhi
2020-03-29,21.9,59,14.5,Delhi
2020-03-30,21.9,55,12.1,Delhi
2020-03-31,22.7,56,11.4,Delhi
2020-04-01,23.9,56,7.4,Delhi
2020-04-02,23.3,53,14.7,Delhi
2020-04-03,22.4,44,12.0,Delhi
2020-04-04,23.2,48,11.8,Delhi
2020-04-05,24.0,53,9.0,Delhi
2020-04-06,26.2,46,10.0,Delhi
2020-04-07,25.0,46,13.7,Delhi
2020-04-08,24.9,46,11.9,Delhi
2020-04-09,24.4,46,10.6,Delhi
2020-04-10,25.7,47,8.4,Delhi
2020-04-11,27.7,42,8.1,Delhi
2020-04-12,28.0,42,11.3,Delhi
2020-04-13,29.3,41,10.9,Delhi
2020-04-14,30.1,41,8.7,Delhi
2020-04-15,30.4,38,10.2,Delhi
2020-04-16,30.3,36,10.2,Delhi
2020-04-17,29.6,34,12.7,Delhi
2020-04-18,29.0,38,13.8,Delhi
2020-04-19,27.9,43,9.8,Delhi
2020-04-20,26.8,45,7.6,Delhi
2020-04-21,26.1,51,8.4,Delhi
2020-04-22,27.5,41,7.8,Delhi
2020-04-23,28.9,38,10.1,Delhi
2020-04-24,28.9,41,7.0,Delhi
2020-04-25,28.5,43,8.1,Delhi
2020-04-26,26.9,58,14.5,Delhi
2020-04-27,25.4,69,16.4,Delhi
2020-04-28,26.4,64,9.0,Delhi
2020-04-29,28.6,55,7.2,Delhi
2020-04-30,29.4,51,10.8,Delhi
2020-05-01,30.5,54,10.7,Delhi
2020-05-02,29.3,57,18.4,Delhi
2020-05-03,27.7,64,13.7,Delhi
2020-05-04,27.2,66,7.0,Delhi
2020-05-05,28.8,50,7.7,Delhi
2020-05-06,28.6,45,7.5,Delhi
2020-05-07,28.6,44,10.3,Delhi
2020-05-08,30.7,40,9.4,Delhi
2020-05-09,31.6,41,9.9,Delhi
2020-05-10,29.6,54,13.2,Delhi
2020-05-11,29.1,57,11.2,Delhi
2020-05-12,29.4,55,10.0,Delhi
2020-05-13,29.7,55,7.7,Delhi
2020-05-14,30.5,53,7.3,Delhi
2020-05-15,31.4,41,12.2,Delhi
2020-05-16,31.5,33,12.4,Delhi
2020-05-17,31.8,32,8.8,Delhi
2020-05-18,31.4,30,10.2,Delhi
2020-05-19,32.1,22,7.8,Delhi
2020-05-20,30.8,26,12.7,Delhi
2020-05-21,32.2,26,13.7,Delhi
2020-05-22,34.0,26,6.4,Delhi
2020-05-23,34.6,28,8.8,Delhi
2020-05-24,35.6,25,12.6,Delhi
2020-05-25,35.7,22,12.8,Delhi
2020-05-26,36.9,19,11.0,Delhi
2020-05-27,36.5,21,9.9,Delhi
2020-05-28,33.0,41,19.6,Delhi
2020-05-29,30.1,58,20.7,Delhi
2020-05-30,28.2,61,12.1,Delhi
2020-05-31,26.8,69,7.6,Delhi
2020-06-01,27.8,67,6.5,Delhi
2020-06-02,29.0,62,6.5,Delhi
2020-06-03,29.9,58,6.2,Delhi
2020-06-04,29.6,57,7.1,Delhi
2020-06-05,29.0,60,8.2,Delhi
2020-06-06,29.5,58,7.6,Delhi
2020-06-07,30.6,59,8.4,Delhi
2020-06-08,30.8,60,6.9,Delhi
2020-06-09,33.0,51,6.5,Delhi
2020-06-10,33.7,52,7.5,Delhi
2020-06-11,33.5,53,6.4,Delhi
2020-06-12,33.8,52,9.0,Delhi
2020-06-13,33.6,55,9.0,Delhi
2020-06-14,33.6,56,8.6,Delhi
2020-06-15,34.3,47,8.7,Delhi
2020-06-16,33.8,48,9.4,Delhi
2020-06-17,33.9,52,11.5,Delhi
2020-06-18,34.6,50,10.1,Delhi
2020-06-19,34.9,53,11.2,Delhi
2020-06-20,33.7,54,12.0,Delhi
2020-06-21,33.4,54,9.0,Delhi
2020-06-22,31.9,61,7.2,Delhi
2020-06-23,31.5,64,14.3,Delhi
2020-06-24,30.3,72,11.7,Delhi
2020-06-25,31.9,66,5.5,Delhi
2020-06-26,32.4,65,10.0,Delhi
2020-06-27,33.7,57,13.6,Delhi
2020-06-28,35.0,51,13.9,Delhi
2020-06-29,34.4,54,12.8,Delhi
2020-06-30,32.2,63,12.2,Delhi
2020-07-01,33.4,59,8.4,Delhi
2015-01-01,21.7,79,9.9,Bengaluru
2015-01-02,21.8,75,7.6,Bengaluru
2015-01-03,21.5,71,8.4,Bengaluru
2015-01-04,21.3,70,8.1,Bengaluru
2015-01-05,21.8,69,9.7,Bengaluru
2015-01-06,21.2,68,7.2,Bengaluru
2015-01-07,21.3,64,5.6,Bengaluru
2015-01-08,21.1,68,6.7,Bengaluru
2015-01-09,20.9,67,7.4,Bengaluru
2015-01-10,20.5,59,8.9,Bengaluru
2015-01-11,18.6,54,9.1,Bengaluru
2015-01-12,18.8,58,9.1,Bengaluru
2015-01-13,18.8,58,8.6,Bengaluru
2015-01-14,19.0,57,8.3,Bengaluru
2015-01-15,19.4,58,8.1,Bengaluru
2015-01-16,20.1,61,9.0,Bengaluru
2015-01-17,21.2,64,8.5,Bengaluru
2015-01-18,21.3,61,8.1,Bengaluru
2015-01-19,21.2,61,9.6,Bengaluru
2015-01-20,20.9,63,9.3,Bengaluru
2015-01-21,20.3,64,10.7,Bengaluru
2015-01-22,20.6,57,8.3,Bengaluru
2015-01-23,21.4,65,11.9,Bengaluru
2015-01-24,21.2,70,10.5,Bengaluru
2015-01-25,22.0,59,10.8,Bengaluru
2015-01-26,19.8,57,12.1,Bengaluru
2015-01-27,20.0,65,12.4,Bengaluru
2015-01-28,20.8,66,9.1,Bengaluru
2015-01-29,21.8,64,9.1,Bengaluru
2015-01-30,22.3,65,9.8,Bengaluru
2015-01-31,21.8,59,11.8,Bengaluru
2015-02-01,21.1,61,9.8,Bengaluru
2015-02-02,21.0,61,13.5,Bengaluru
2015-02-03,20.2,61,12.0,Bengaluru
2015-02-04,20.6,58,11.9,Bengaluru
2015-02-05,21.3,49,9.7,Bengaluru
2015-02-06,21.1,49,10.5,Bengaluru
2015-02-07,21.5,55,9.8,Bengaluru
2015-02-08,21.7,53,9.6,Bengaluru
2015-02-09,21.3,54,10.7,Bengaluru
2015-02-10,20.5,59,9.1,Bengaluru
2015-02-11,21.4,59,7.6,Bengaluru
2015-02-12,22.4,58,7.3,Bengaluru
2015-02-13,22.8,55,8.2,Bengaluru
2015-02-14,23.5,51,8.3,Bengaluru
2015-02-15,23.5,47,8.2,Bengaluru
2015-02-16,23.5,40,9.5,Bengaluru
2015-02-17,23.2,43,8.3,Bengaluru
2015-02-18,23.4,42,7.9,Bengaluru
2015-02-19,23.4,43,8.5,Bengaluru
2015-02-20,22.8,45,11.3,Bengaluru
2015-02-21,22.4,43,13.8,Bengaluru
2015-02-22,22.6,39,13.6,Bengaluru
2015-02-23,22.5,30,13.0,Bengaluru
2015-02-24,22.3,32,10.6,Bengaluru
2015-02-25,22.8,35,7.5,Bengaluru
2015-02-26,24.1,44,6.8,Bengaluru
2015-02-27,25.0,52,7.4,Bengaluru
2015-02-28,23.6,71,11.0,Bengaluru
2015-03-01,23.4,69,11.4,Bengaluru
2015-03-02,24.5,61,4.9,Bengaluru
2015-03-03,24.2,65,5.8,Bengaluru
2015-03-04,22.9,75,6.9,Bengaluru
2015-03-05,23.9,69,6.0,Bengaluru
2015-03-06,23.6,74,7.6,Bengaluru
2015-03-07,23.3,75,5.1,Bengaluru
2015-03-08,23.8,63,10.0,Bengaluru
2015-03-09,23.6,63,8.4,Bengaluru
2015-03-10,23.8,52,11.5,Bengaluru
2015-03-11,22.7,49,10.7,Bengaluru
2015-03-12,23.3,61,12.6,Bengaluru
2015-03-13,23.6,56,12.1,Bengaluru
2015-03-14,23.5,54,11.9,Bengaluru
2015-03-15,24.5,63,10.4,Bengaluru
2015-03-16,25.6,56,9.5,Bengaluru
2015-03-17,25.5,42,8.6,Bengaluru
2015-03-18,25.7,36,7.9,Bengaluru
2015-03-19,25.9,31,10.1,Bengaluru
2015-03-20,25.9,37,12.7,Bengaluru
2015-03-21,26.1,35,11.6,Bengaluru
2015-03-22,26.9,31,10.3,Bengaluru
2015-03-23,27.5,36,7.6,Bengaluru
2015-03-24,28.0,39,9.9,Bengaluru
2015-03-25,26.9,41,12.6,Bengaluru
2015-03-26,26.4,46,11.9,Bengaluru
2015-03-27,25.6,47,10.7,Bengaluru
2015-03-28,25.7,47,10.5,Bengaluru
2015-03-29,26.1,50,10.0,Bengaluru
2015-03-30,26.4,49,9.9,Bengaluru
2015-03-31,26.4,55,8.6,Bengaluru
2015-04-01,25.6,65,7.2,Bengaluru
2015-04-02,27.1,53,4.9,Bengaluru
2015-04-03,27.7,48,7.8,Bengaluru
2015-04-04,28.1,49,7.4,Bengaluru
2015-04-05,28.6,45,6.6,Bengaluru
2015-04-06,27.7,54,7.3,Bengaluru
2015-04-07,28.0,48,6.2,Bengaluru
2015-04-08,27.7,52,8.1,Bengaluru
2015-04-09,27.5,54,8.9,Bengaluru
2015-04-10,27.2,58,8.1,Bengaluru
2015-04-11,27.1,52,4.1,Bengaluru
2015-04-12,24.4,69,4.4,Bengaluru
2015-04-13,22.2,82,4.4,Bengaluru
2015-04-14,21.7,82,5.7,Bengaluru
2015-04-15,22.1,79,5.8,Bengaluru
2015-04-16,22.6,80,5.6,Bengaluru
2015-04-17,23.7,69,5.6,Bengaluru
2015-04-18,24.1,66,6.8,Bengaluru
2015-04-19,24.9,63,7.9,Bengaluru
2015-04-20,25.1,65,6.9,Bengaluru
2015-04-21,24.7,71,8.4,Bengaluru
2015-04-22,25.5,73,5.2,Bengaluru
2015-04-23,24.6,79,5.4,Bengaluru
2015-04-24,24.4,79,5.5,Bengaluru
2015-04-25,24.3,75,5.9,Bengaluru
2015-04-26,23.8,77,5.4,Bengaluru
2015-04-27,24.7,68,6.7,Bengaluru
2015-04-28,25.4,64,6.4,Bengaluru
2015-04-29,25.8,64,5.8,Bengaluru
2015-04-30,25.2,71,7.2,Bengaluru
2015-05-01,25.8,67,7.6,Bengaluru
2015-05-02,25.7,70,7.6,Bengaluru
2015-05-03,24.9,75,4.3,Bengaluru
2015-05-04,25.1,72,4.6,Bengaluru
2015-05-05,25.6,64,6.1,Bengaluru
2015-05-06,25.2,67,4.2,Bengaluru
2015-05-07,25.2,71,4.3,Bengaluru
2015-05-08,26.2,68,7.0,Bengaluru
2015-05-09,27.1,61,6.5,Bengaluru
2015-05-10,27.1,60,7.3,Bengaluru
2015-05-11,25.8,68,5.8,Bengaluru
2015-05-12,25.4,65,7.1,Bengaluru
2015-05-13,23.8,77,6.9,Bengaluru
2015-05-14,23.2,84,8.1,Bengaluru
2015-05-15,23.6,83,6.0,Bengaluru
2015-05-16,23.3,86,5.3,Bengaluru
2015-05-17,23.5,86,5.9,Bengaluru
2015-05-18,24.0,83,8.7,Bengaluru
2015-05-19,24.1,82,8.7,Bengaluru
2015-05-20,25.5,77,10.0,Bengaluru
2015-05-21,25.7,76,13.6,Bengaluru
2015-05-22,25.8,77,12.7,Bengaluru
2015-05-23,25.2,78,13.9,Bengaluru
2015-05-24,25.7,72,13.7,Bengaluru
2015-05-25,25.8,68,13.5,Bengaluru
2015-05-26,25.7,66,11.3,Bengaluru
2015-05-27,25.4,71,12.0,Bengaluru
2015-05-28,25.5,71,9.3,Bengaluru
2015-05-29,24.8,78,8.7,Bengaluru
2015-05-30,25.3,77,9.8,Bengaluru
2015-05-31,25.1,79,8.0,Bengaluru
2015-06-01,24.1,82,8.6,Bengaluru
2015-06-02,23.8,82,10.3,Bengaluru
2015-06-03,24.3,80,7.1,Bengaluru
2015-06-04,23.6,85,5.2,Bengaluru
2015-06-05,23.7,83,7.6,Bengaluru
2015-06-06,24.7,74,7.3,Bengaluru
2015-06-07,24.7,74,10.4,Bengaluru
2015-06-08,24.1,77,13.1,Bengaluru
2015-06-09,23.7,78,12.0,Bengaluru
2015-06-10,24.9,71,12.3,Bengaluru
2015-06-11,24.0,79,12.0,Bengaluru
2015-06-12,22.6,84,11.9,Bengaluru
2015-06-13,22.9,79,13.7,Bengaluru
2015-06-14,22.3,82,15.4,Bengaluru
2015-06-15,22.6,82,15.6,Bengaluru
2015-06-16,22.5,83,15.3,Bengaluru
2015-06-17,22.4,81,19.6,Bengaluru
2015-06-18,21.5,86,19.9,Bengaluru
2015-06-19,21.8,85,21.4,Bengaluru
2015-06-20,21.4,82,25.2,Bengaluru
2015-06-21,22.3,79,23.8,Bengaluru
2015-06-22,23.0,76,25.9,Bengaluru
2015-06-23,22.8,80,23.8,Bengaluru
2015-06-24,23.2,77,23.6,Bengaluru
2015-06-25,23.4,76,25.0,Bengaluru
2015-06-26,23.6,75,25.1,Bengaluru
2015-06-27,23.7,74,22.9,Bengaluru
2015-06-28,24.1,73,17.8,Bengaluru
2015-06-29,23.1,79,12.8,Bengaluru
2015-06-30,23.8,75,13.9,Bengaluru
2015-07-01,23.8,73,14.3,Bengaluru
2015-07-02,23.4,75,13.3,Bengaluru
2015-07-03,23.2,78,14.4,Bengaluru
2015-07-04,24.2,70,16.6,Bengaluru
2015-07-05,24.1,68,17.1,Bengaluru
2015-07-06,23.8,67,18.9,Bengaluru
2015-07-07,23.3,68,18.6,Bengaluru
2015-07-08,23.5,73,17.8,Bengaluru
2015-07-09,23.6,76,18.8,Bengaluru
2015-07-10,23.4,77,18.8,Bengaluru
2015-07-11,23.5,73,20.1,Bengaluru
2015-07-12,24.0,71,17.1,Bengaluru
2015-07-13,24.2,72,14.7,Bengaluru
2015-07-14,23.9,75,13.7,Bengaluru
2015-07-15,23.0,81,14.7,Bengaluru
2015-07-16,23.0,78,16.4,Bengaluru
2015-07-17,23.1,76,17.4,Bengaluru
2015-07-18,22.8,79,18.5,Bengaluru
2015-07-19,21.9,85,19.6,Bengaluru
2015-07-20,22.1,81,19.5,Bengaluru
2015-07-21,22.5,81,16.1,Bengaluru
2015-07-22,22.1,84,15.2,Bengaluru
2015-07-23,22.3,81,14.9,Bengaluru
2015-07-24,22.3,82,15.8,Bengaluru
2015-07-25,21.4,87,14.6,Bengaluru
2015-07-26,22.0,83,16.4,Bengaluru
2015-07-27,21.5,88,14.3,Bengaluru
2015-07-28,22.4,80,13.3,Bengaluru
2015-07-29,23.0,72,13.3,Bengaluru
2015-07-30,22.9,72,13.7,Bengaluru
2015-07-31,22.2,81,14.1,Bengaluru
2015-08-01,22.1,82,13.8,Bengaluru
2015-08-02,22.2,82,14.9,Bengaluru
2015-08-03,22.2,81,14.8,Bengaluru
2015-08-04,22.4,79,15.9,Bengaluru
2015-08-05,22.5,78,17.4,Bengaluru
2015-08-06,23.0,75,19.0,Bengaluru
2015-08-07,23.1,76,17.3,Bengaluru
2015-08-08,23.2,74,17.5,Bengaluru
2015-08-09,23.0,81,15.6,Bengaluru
2015-08-10,22.4,84,16.5,Bengaluru
2015-08-11,22.9,80,16.1,Bengaluru
2015-08-12,21.7,86,15.5,Bengaluru
2015-08-13,22.6,81,15.9,Bengaluru
2015-08-14,23.4,78,13.7,Bengaluru
2015-08-15,23.4,75,12.7,Bengaluru
2015-08-16,23.1,80,10.9,Bengaluru
2015-08-17,22.8,85,7.5,Bengaluru
2015-08-18,23.9,78,4.7,Bengaluru
2015-08-19,23.8,80,7.7,Bengaluru
2015-08-20,23.7,81,7.8,Bengaluru
2015-08-21,22.8,84,9.8,Bengaluru
2015-08-22,21.4,92,12.5,Bengaluru
2015-08-23,22.0,85,13.1,Bengaluru
2015-08-24,22.5,76,13.3,Bengaluru
2015-08-25,22.5,73,13.1,Bengaluru
2015-08-26,22.3,78,13.5,Bengaluru
2015-08-27,22.0,85,13.6,Bengaluru
2015-08-28,22.5,73,14.4,Bengaluru
2015-08-29,22.6,74,12.8,Bengaluru
2015-08-30,23.0,74,12.2,Bengaluru
2015-08-31,23.5,71,11.5,Bengaluru
2015-09-01,23.6,71,9.2,Bengaluru
2015-09-02,23.6,71,8.5,Bengaluru
2015-09-03,23.7,76,5.3,Bengaluru
2015-09-04,23.7,82,4.2,Bengaluru
2015-09-05,23.3,85,3.6,Bengaluru
2015-09-06,23.1,85,8.1,Bengaluru
2015-09-07,21.9,89,10.5,Bengaluru
2015-09-08,21.4,85,12.3,Bengaluru
2015-09-09,21.9,85,13.0,Bengaluru
2015-09-10,22.0,81,12.4,Bengaluru
2015-09-11,22.4,75,14.3,Bengaluru
2015-09-12,22.5,74,14.0,Bengaluru
2015-09-13,22.4,75,14.7,Bengaluru
2015-09-14,22.5,76,18.3,Bengaluru
2015-09-15,21.9,79,19.9,Bengaluru
2015-09-16,22.3,79,18.1,Bengaluru
2015-09-17,23.2,74,16.0,Bengaluru
2015-09-18,22.8,76,13.8,Bengaluru
2015-09-19,23.2,76,12.3,Bengaluru
2015-09-20,22.5,82,11.5,Bengaluru
2015-09-21,22.3,76,9.9,Bengaluru
2015-09-22,23.1,71,6.0,Bengaluru
2015-09-23,23.8,70,4.9,Bengaluru
2015-09-24,23.6,81,5.0,Bengaluru
2015-09-25,23.2,85,6.4,Bengaluru
2015-09-26,22.9,85,7.4,Bengaluru
2015-09-27,22.9,84,5.5,Bengaluru
2015-09-28,22.6,85,5.9,Bengaluru
2015-09-29,22.6,81,5.6,Bengaluru
2015-09-30,22.4,83,8.2,Bengaluru
2015-10-01,22.3,85,6.6,Bengaluru
2015-10-02,23.1,82,8.5,Bengaluru
2015-10-03,23.0,79,10.8,Bengaluru
2015-10-04,22.3,87,8.5,Bengaluru
2015-10-05,21.8,89,8.6,Bengaluru
2015-10-06,22.5,82,9.1,Bengaluru
2015-10-07,23.1,79,7.8,Bengaluru
2015-10-08,22.8,79,11.5,Bengaluru
2015-10-09,22.3,84,10.9,Bengaluru
2015-10-10,22.5,84,9.7,Bengaluru
2015-10-11,22.5,87,5.0,Bengaluru
2015-10-12,23.2,84,5.8,Bengaluru
2015-10-13,23.0,72,6.9,Bengaluru
2015-10-14,22.2,66,7.7,Bengaluru
2015-10-15,22.4,67,6.8,Bengaluru
2015-10-16,23.0,69,7.6,Bengaluru
2015-10-17,22.8,74,8.5,Bengaluru
2015-10-18,23.0,75,8.6,Bengaluru
2015-10-19,23.2,73,8.9,Bengaluru
2015-10-20,23.7,73,8.2,Bengaluru
2015-10-21,23.4,69,8.8,Bengaluru
2015-10-22,23.0,63,8.4,Bengaluru
2015-10-23,22.2,59,8.1,Bengaluru
2015-10-24,22.1,63,10.4,Bengaluru
2015-10-25,21.7,68,10.4,Bengaluru
2015-10-26,22.3,72,10.3,Bengaluru
2015-10-27,22.7,70,8.0,Bengaluru
2015-10-28,22.9,74,7.9,Bengaluru
2015-10-29,23.4,74,7.3,Bengaluru
2015-10-30,23.3,76,8.6,Bengaluru
2015-10-31,22.8,80,9.0,Bengaluru
2015-11-01,22.0,86,8.9,Bengaluru
2015-11-02,21.5,90,5.8,Bengaluru
2015-11-03,22.0,87,4.0,Bengaluru
2015-11-04,21.8,87,4.9,Bengaluru
2015-11-05,22.0,81,6.4,Bengaluru
2015-11-06,22.1,76,8.4,Bengaluru
2015-11-07,22.3,76,10.1,Bengaluru
2015-11-08,22.0,78,12.0,Bengaluru
2015-11-09,19.4,92,19.1,Bengaluru
2015-11-10,18.5,94,20.7,Bengaluru
2015-11-11,20.4,93,12.0,Bengaluru
2015-11-12,21.6,88,10.2,Bengaluru
2015-11-13,21.0,82,9.4,Bengaluru
2015-11-14,20.4,69,9.9,Bengaluru
2015-11-15,18.2,83,11.4,Bengaluru
2015-11-16,17.4,97,14.2,Bengaluru
2015-11-17,18.3,97,12.1,Bengaluru
2015-11-18,19.6,92,12.2,Bengaluru
2015-11-19,20.4,93,9.9,Bengaluru
2015-11-20,21.2,90,10.5,Bengaluru
2015-11-21,21.4,86,11.8,Bengaluru
2015-11-22,21.2,91,14.2,Bengaluru
2015-11-23,20.7,92,12.2,Bengaluru
2015-11-24,21.4,84,11.4,Bengaluru
2015-11-25,20.2,76,8.7,Bengaluru
2015-11-26,20.6,76,7.3,Bengaluru
2015-11-27,21.7,74,8.1,Bengaluru
2015-11-28,19.8,73,7.2,Bengaluru
2015-11-29,20.0,90,12.1,Bengaluru
2015-11-30,20.6,92,9.4,Bengaluru
2015-12-01,20.6,91,11.9,Bengaluru
2015-12-02,19.7,95,12.7,Bengaluru
2015-12-03,19.9,91,11.9,Bengaluru
2015-12-04,20.5,80,13.7,Bengaluru
2015-12-05,20.6,76,14.5,Bengaluru
2015-12-06,20.1,82,14.5,Bengaluru
2015-12-07,20.3,78,11.9,Bengaluru
2015-12-08,19.7,72,9.8,Bengaluru
2015-12-09,20.7,82,11.1,Bengaluru
2015-12-10,22.0,85,9.9,Bengaluru
2015-12-11,21.6,83,8.3,Bengaluru
2015-12-12,20.6,77,8.4,Bengaluru
2015-12-13,21.4,73,5.4,Bengaluru
2015-12-14,21.8,84,4.9,Bengaluru
2015-12-15,21.9,79,6.6,Bengaluru
2015-12-16,21.1,78,6.2,Bengaluru
2015-12-17,19.5,76,8.9,Bengaluru
2015-12-18,19.9,81,8.6,Bengaluru
2015-12-19,21.2,80,9.3,Bengaluru
2015-12-20,20.8,79,10.3,Bengaluru
2015-12-21,20.7,72,7.8,Bengaluru
2015-12-22,20.5,66,8.2,Bengaluru
2015-12-23,20.0,73,9.1,Bengaluru
2015-12-24,19.9,69,8.2,Bengaluru
2015-12-25,20.3,70,10.7,Bengaluru
2015-12-26,20.5,70,12.1,Bengaluru
2015-12-27,20.5,76,14.0,Bengaluru
2015-12-28,20.2,71,12.1,Bengaluru
2015-12-29,19.5,65,11.3,Bengaluru
2015-12-30,19.2,64,11.0,Bengaluru
2015-12-31,19.2,62,12.2,Bengaluru
2016-01-01,18.9,69,12.6,Bengaluru
2016-01-02,19.0,57,11.4,Bengaluru
2016-01-03,19.0,57,10.5,Bengaluru
2016-01-04,19.1,58,11.1,Bengaluru
2016-01-05,18.9,59,9.3,Bengaluru
2016-01-06,19.8,65,7.5,Bengaluru
2016-01-07,20.3,67,9.0,Bengaluru
2016-01-08,19.9,62,8.9,Bengaluru
2016-01-09,19.7,52,10.0,Bengaluru
2016-01-10,19.4,51,9.9,Bengaluru
2016-01-11,19.3,51,10.3,Bengaluru
2016-01-12,19.7,57,9.1,Bengaluru
2016-01-13,19.7,59,8.1,Bengaluru
2016-01-14,20.0,59,9.6,Bengaluru
2016-01-15,19.7,62,9.6,Bengaluru
2016-01-16,20.3,62,6.9,Bengaluru
2016-01-17,20.6,63,7.6,Bengaluru
2016-01-18,20.7,68,7.6,Bengaluru
2016-01-19,21.1,73,8.0,Bengaluru
2016-01-20,20.7,79,6.4,Bengaluru
2016-01-21,21.3,80,6.0,Bengaluru
2016-01-22,21.6,76,10.5,Bengaluru
2016-01-23,21.4,77,11.6,Bengaluru
2016-01-24,21.2,78,10.3,Bengaluru
2016-01-25,22.3,72,7.4,Bengaluru
2016-01-26,22.2,71,7.4,Bengaluru
2016-01-27,22.5,68,7.5,Bengaluru
2016-01-28,22.6,62,8.6,Bengaluru
2016-01-29,22.3,60,9.3,Bengaluru
2016-01-30,21.4,56,11.3,Bengaluru
2016-01-31,21.4,51,11.0,Bengaluru
2016-02-01,21.1,44,10.1,Bengaluru
2016-02-02,21.4,42,10.1,Bengaluru
2016-02-03,21.7,44,9.6,Bengaluru
2016-02-04,22.2,46,10.9,Bengaluru
2016-02-05,21.3,51,9.4,Bengaluru
2016-02-06,21.9,58,9.2,Bengaluru
2016-02-07,23.1,62,6.4,Bengaluru
2016-02-08,23.7,62,9.9,Bengaluru
2016-02-09,23.6,56,8.9,Bengaluru
2016-02-10,23.6,54,7.4,Bengaluru
2016-02-11,24.5,46,7.9,Bengaluru
2016-02-12,24.5,50,7.8,Bengaluru
2016-02-13,23.9,52,7.4,Bengaluru
2016-02-14,23.3,54,12.0,Bengaluru
2016-02-15,22.3,60,11.7,Bengaluru
2016-02-16,23.0,62,12.0,Bengaluru
2016-02-17,22.4,58,13.2,Bengaluru
2016-02-18,22.7,61,14.8,Bengaluru
2016-02-19,23.3,53,11.2,Bengaluru
2016-02-20,24.2,57,8.3,Bengaluru
2016-02-21,25.3,55,7.1,Bengaluru
2016-02-22,25.7,53,8.4,Bengaluru
2016-02-23,24.9,49,8.3,Bengaluru
2016-02-24,24.5,53,7.0,Bengaluru
2016-02-25,25.4,51,6.8,Bengaluru
2016-02-26,24.5,59,11.6,Bengaluru
2016-02-27,23.9,58,11.6,Bengaluru
2016-02-28,24.2,62,11.5,Bengaluru
2016-02-29,23.8,62,10.8,Bengaluru
2016-03-01,24.0,59,11.8,Bengaluru
2016-03-02,24.1,58,10.6,Bengaluru
2016-03-03,24.5,54,12.6,Bengaluru
2016-03-04,24.3,49,9.6,Bengaluru
2016-03-05,24.5,50,9.7,Bengaluru
2016-03-06,24.4,53,9.2,Bengaluru
2016-03-07,24.2,56,9.9,Bengaluru
2016-03-08,24.4,54,8.3,Bengaluru
2016-03-09,25.1,51,7.7,Bengaluru
2016-03-10,25.7,51,8.5,Bengaluru
2016-03-11,26.1,51,6.7,Bengaluru
2016-03-12,26.4,52,7.8,Bengaluru
2016-03-13,27.1,52,6.0,Bengaluru
2016-03-14,26.8,58,5.4,Bengaluru
2016-03-15,25.7,64,8.9,Bengaluru
2016-03-16,26.4,60,5.5,Bengaluru
2016-03-17,26.3,64,6.1,Bengaluru
2016-03-18,27.8,51,7.0,Bengaluru
2016-03-19,27.9,45,6.4,Bengaluru
2016-03-20,28.4,38,7.3,Bengaluru
2016-03-21,29.0,40,6.9,Bengaluru
2016-03-22,28.5,46,6.2,Bengaluru
2016-03-23,27.8,51,6.3,Bengaluru
2016-03-24,28.1,47,10.0,Bengaluru
2016-03-25,27.3,41,10.5,Bengaluru
2016-03-26,26.6,41,9.0,Bengaluru
2016-03-27,26.2,38,8.4,Bengaluru
2016-03-28,26.3,48,7.6,Bengaluru
2016-03-29,26.4,53,9.9,Bengaluru
2016-03-30,26.9,52,9.2,Bengaluru
2016-03-31,27.1,48,8.3,Bengaluru
2016-04-01,27.1,48,8.4,Bengaluru
2016-04-02,27.4,45,8.5,Bengaluru
2016-04-03,27.6,44,7.7,Bengaluru
2016-04-04,28.0,41,9.1,Bengaluru
2016-04-05,27.5,40,7.3,Bengaluru
2016-04-06,27.5,47,6.6,Bengaluru
2016-04-07,28.0,52,6.7,Bengaluru
2016-04-08,27.6,60,8.2,Bengaluru
2016-04-09,27.0,63,6.5,Bengaluru
2016-04-10,27.7,57,4.1,Bengaluru
2016-04-11,28.8,49,7.3,Bengaluru
2016-04-12,29.2,48,6.4,Bengaluru
2016-04-13,29.4,50,7.2,Bengaluru
2016-04-14,29.6,48,6.3,Bengaluru
2016-04-15,30.1,46,8.8,Bengaluru
2016-04-16,29.3,47,8.4,Bengaluru
2016-04-17,29.6,43,8.2,Bengaluru
2016-04-18,28.6,48,8.8,Bengaluru
2016-04-19,28.6,52,7.9,Bengaluru
2016-04-20,29.3,49,6.1,Bengaluru
2016-04-21,29.4,47,6.3,Bengaluru
2016-04-22,28.6,56,9.0,Bengaluru
2016-04-23,29.9,45,8.0,Bengaluru
2016-04-24,30.2,42,7.8,Bengaluru
2016-04-25,29.5,46,7.2,Bengaluru
2016-04-26,29.8,42,7.4,Bengaluru
2016-04-27,28.6,45,9.4,Bengaluru
2016-04-28,28.7,44,8.1,Bengaluru
2016-04-29,29.0,40,8.2,Bengaluru
2016-04-30,29.1,39,7.5,Bengaluru
2016-05-01,29.6,40,6.3,Bengaluru
2016-05-02,28.7,50,7.2,Bengaluru
2016-05-03,28.4,53,7.0,Bengaluru
2016-05-04,27.9,59,5.9,Bengaluru
2016-05-05,27.5,59,3.6,Bengaluru
2016-05-06,26.1,70,5.7,Bengaluru
2016-05-07,25.4,74,6.0,Bengaluru
2016-05-08,25.3,74,5.9,Bengaluru
2016-05-09,25.8,71,7.0,Bengaluru
2016-05-10,25.7,69,5.9,Bengaluru
2016-05-11,26.0,65,5.3,Bengaluru
2016-05-12,26.4,65,5.3,Bengaluru
2016-05-13,27.0,64,4.6,Bengaluru
2016-05-14,26.6,70,6.3,Bengaluru
2016-05-15,27.8,59,6.0,Bengaluru
2016-05-16,26.2,65,5.4,Bengaluru
2016-05-17,25.0,73,6.8,Bengaluru
2016-05-18,23.2,90,13.5,Bengaluru
2016-05-19,24.0,82,13.8,Bengaluru
2016-05-20,24.3,79,15.1,Bengaluru
2016-05-21,26.4,66,16.5,Bengaluru
2016-05-22,26.6,62,13.8,Bengaluru
2016-05-23,27.0,62,14.7,Bengaluru
2016-05-24,26.9,62,13.7,Bengaluru
2016-05-25,26.7,64,15.0,Bengaluru
2016-05-26,27.0,61,10.9,Bengaluru
2016-05-27,26.3,68,10.9,Bengaluru
2016-05-28,25.7,72,10.4,Bengaluru
2016-05-29,24.1,80,11.9,Bengaluru
2016-05-30,24.9,74,11.0,Bengaluru
2016-05-31,24.5,80,10.1,Bengaluru
2016-06-01,24.7,79,9.8,Bengaluru
2016-06-02,24.0,83,10.7,Bengaluru
2016-06-03,24.2,82,9.1,Bengaluru
2016-06-04,23.9,84,11.3,Bengaluru
2016-06-05,23.5,86,10.6,Bengaluru
2016-06-06,23.9,81,12.8,Bengaluru
2016-06-07,23.2,84,10.9,Bengaluru
2016-06-08,23.6,86,11.3,Bengaluru
2016-06-09,22.8,86,13.6,Bengaluru
2016-06-10,23.7,78,19.3,Bengaluru
2016-06-11,23.8,74,16.5,Bengaluru
2016-06-12,23.8,76,15.9,Bengaluru
2016-06-13,23.1,79,17.3,Bengaluru
2016-06-14,23.4,77,17.2,Bengaluru
2016-06-15,23.7,70,18.4,Bengaluru
2016-06-16,22.8,78,15.4,Bengaluru
2016-06-17,22.6,82,13.4,Bengaluru
2016-06-18,23.0,79,13.9,Bengaluru
2016-06-19,22.1,86,13.0,Bengaluru
2016-06-20,22.8,77,10.5,Bengaluru
2016-06-21,21.5,86,14.1,Bengaluru
2016-06-22,21.3,88,13.8,Bengaluru
2016-06-23,21.6,85,18.5,Bengaluru
2016-06-24,21.6,83,18.8,Bengaluru
2016-06-25,21.6,84,20.7,Bengaluru
2016-06-26,21.8,84,17.8,Bengaluru
2016-06-27,21.7,86,18.9,Bengaluru
2016-06-28,20.8,94,16.0,Bengaluru
2016-06-29,20.3,94,19.6,Bengaluru
2016-06-30,22.2,81,21.4,Bengaluru
2016-07-01,22.9,76,24.3,Bengaluru
2016-07-02,22.9,73,23.8,Bengaluru
2016-07-03,23.2,75,20.9,Bengaluru
2016-07-04,22.2,86,16.1,Bengaluru
2016-07-05,22.0,86,16.2,Bengaluru
2016-07-06,22.0,88,16.1,Bengaluru
2016-07-07,22.2,84,17.9,Bengaluru
2016-07-08,22.9,79,19.9,Bengaluru
2016-07-09,22.7,76,25.6,Bengaluru
2016-07-10,22.8,76,26.8,Bengaluru
2016-07-11,22.5,77,24.6,Bengaluru
2016-07-12,22.6,77,23.2,Bengaluru
2016-07-13,23.0,75,19.5,Bengaluru
2016-07-14,22.8,80,12.4,Bengaluru
2016-07-15,22.9,83,8.9,Bengaluru
2016-07-16,22.6,85,9.1,Bengaluru
2016-07-17,22.2,85,8.3,Bengaluru
2016-07-18,21.7,86,11.5,Bengaluru
2016-07-19,21.7,83,13.0,Bengaluru
2016-07-20,21.9,82,14.8,Bengaluru
2016-07-21,21.2,88,15.8,Bengaluru
2016-07-22,21.3,85,16.5,Bengaluru
2016-07-23,21.3,88,13.5,Bengaluru
2016-07-24,21.6,87,12.1,Bengaluru
2016-07-25,22.4,85,9.4,Bengaluru
2016-07-26,22.5,86,6.6,Bengaluru
2016-07-27,22.8,86,5.6,Bengaluru
2016-07-28,22.5,84,8.4,Bengaluru
2016-07-29,21.5,89,11.8,Bengaluru
2016-07-30,20.8,89,14.2,Bengaluru
2016-07-31,21.3,83,16.2,Bengaluru
2016-08-01,21.7,78,20.6,Bengaluru
2016-08-02,21.8,75,21.4,Bengaluru
2016-08-03,22.0,76,23.3,Bengaluru
2016-08-04,22.3,75,22.1,Bengaluru
2016-08-05,22.4,76,21.0,Bengaluru
2016-08-06,22.5,76,21.4,Bengaluru
2016-08-07,22.5,77,18.0,Bengaluru
2016-08-08,22.6,77,15.8,Bengaluru
2016-08-09,22.6,77,15.7,Bengaluru
2016-08-10,22.7,77,15.6,Bengaluru
2016-08-11,22.5,77,14.1,Bengaluru
2016-08-12,22.6,80,13.4,Bengaluru
2016-08-13,22.8,80,14.0,Bengaluru
2016-08-14,22.7,76,16.7,Bengaluru
2016-08-15,22.3,78,18.0,Bengaluru
2016-08-16,22.8,75,21.2,Bengaluru
2016-08-17,22.6,76,19.3,Bengaluru
2016-08-18,22.7,77,16.3,Bengaluru
2016-08-19,22.8,76,14.0,Bengaluru
2016-08-20,22.9,76,10.6,Bengaluru
2016-08-21,23.0,76,10.9,Bengaluru
2016-08-22,23.1,76,11.3,Bengaluru
2016-08-23,23.3,76,13.7,Bengaluru
2016-08-24,23.0,78,13.5,Bengaluru
2016-08-25,22.5,82,12.5,Bengaluru
2016-08-26,22.2,84,11.5,Bengaluru
2016-08-27,21.9,84,12.4,Bengaluru
2016-08-28,22.2,81,14.3,Bengaluru
2016-08-29,22.8,79,13.2,Bengaluru
2016-08-30,22.1,87,12.3,Bengaluru
2016-08-31,21.6,87,10.5,Bengaluru
2016-09-01,22.0,85,11.9,Bengaluru
2016-09-02,22.1,81,13.0,Bengaluru
2016-09-03,21.9,81,12.9,Bengaluru
2016-09-04,22.3,78,13.4,Bengaluru
2016-09-05,21.8,78,13.4,Bengaluru
2016-09-06,21.7,77,14.3,Bengaluru
2016-09-07,21.5,75,12.3,Bengaluru
2016-09-08,21.7,73,10.8,Bengaluru
2016-09-09,22.4,76,10.5,Bengaluru
2016-09-10,22.7,76,12.4,Bengaluru
2016-09-11,22.5,72,13.7,Bengaluru
2016-09-12,22.2,77,12.5,Bengaluru
2016-09-13,22.4,77,13.3,Bengaluru
2016-09-14,22.6,77,14.6,Bengaluru
2016-09-15,22.6,78,14.7,Bengaluru
2016-09-16,22.6,79,16.1,Bengaluru
2016-09-17,22.8,74,16.5,Bengaluru
2016-09-18,22.3,76,14.7,Bengaluru
2016-09-19,22.8,73,15.3,Bengaluru
2016-09-20,22.5,75,16.2,Bengaluru
2016-09-21,21.2,84,16.1,Bengaluru
2016-09-22,21.9,80,18.8,Bengaluru
2016-09-23,22.3,75,17.9,Bengaluru
2016-09-24,22.1,78,18.4,Bengaluru
2016-09-25,22.6,77,17.9,Bengaluru
2016-09-26,23.1,76,13.2,Bengaluru
2016-09-27,22.6,85,11.2,Bengaluru
2016-09-28,22.2,87,9.8,Bengaluru
2016-09-29,22.9,84,11.2,Bengaluru
2016-09-30,22.7,76,12.6,Bengaluru
2016-10-01,22.1,76,10.9,Bengaluru
2016-10-02,22.2,74,7.7,Bengaluru
2016-10-03,22.8,75,6.1,Bengaluru
2016-10-04,23.0,73,8.1,Bengaluru
2016-10-05,22.8,70,9.6,Bengaluru
2016-10-06,22.9,69,9.8,Bengaluru
2016-10-07,22.7,67,9.4,Bengaluru
2016-10-08,23.0,72,11.2,Bengaluru
2016-10-09,22.8,74,13.7,Bengaluru
2016-10-10,22.8,75,14.2,Bengaluru
2016-10-11,23.0,78,9.6,Bengaluru
2016-10-12,22.3,87,5.3,Bengaluru
2016-10-13,23.1,79,4.3,Bengaluru
2016-10-14,23.5,67,7.4,Bengaluru
2016-10-15,22.7,63,8.2,Bengaluru
2016-10-16,22.2,62,7.8,Bengaluru
2016-10-17,22.7,59,7.4,Bengaluru
2016-10-18,23.6,52,8.4,Bengaluru
2016-10-19,23.6,52,7.3,Bengaluru
2016-10-20,23.7,51,7.5,Bengaluru
2016-10-21,23.7,49,7.9,Bengaluru
2016-10-22,23.1,49,7.4,Bengaluru
2016-10-23,23.6,46,8.0,Bengaluru
2016-10-24,23.0,50,7.8,Bengaluru
2016-10-25,23.1,51,6.8,Bengaluru
2016-10-26,23.3,49,7.3,Bengaluru
2016-10-27,23.6,51,7.3,Bengaluru
2016-10-28,24.3,45,8.3,Bengaluru
2016-10-29,24.4,54,8.3,Bengaluru
2016-10-30,24.1,69,8.8,Bengaluru
2016-10-31,23.6,73,11.2,Bengaluru
2016-11-01,23.1,76,10.1,Bengaluru
2016-11-02,22.8,74,10.9,Bengaluru
2016-11-03,23.9,67,9.8,Bengaluru
2016-11-04,24.1,60,8.3,Bengaluru
2016-11-05,23.4,50,9.4,Bengaluru
2016-11-06,23.1,46,6.9,Bengaluru
2016-11-07,23.4,49,7.2,Bengaluru
2016-11-08,23.1,50,8.6,Bengaluru
2016-11-09,21.9,53,8.6,Bengaluru
2016-11-10,21.8,47,8.1,Bengaluru
2016-11-11,22.4,50,7.3,Bengaluru
2016-11-12,23.3,54,7.7,Bengaluru
2016-11-13,23.2,69,10.2,Bengaluru
2016-11-14,23.5,73,10.5,Bengaluru
2016-11-15,24.0,65,10.4,Bengaluru
2016-11-16,23.4,68,12.9,Bengaluru
2016-11-17,23.3,70,15.0,Bengaluru
2016-11-18,22.8,62,12.2,Bengaluru
2016-11-19,22.6,60,9.8,Bengaluru
2016-11-20,23.0,56,9.1,Bengaluru
2016-11-21,22.3,49,11.0,Bengaluru
2016-11-22,21.9,43,9.2,Bengaluru
2016-11-23,22.1,46,10.1,Bengaluru
2016-11-24,21.7,45,10.3,Bengaluru
2016-11-25,21.8,48,11.9,Bengaluru
2016-11-26,21.6,46,9.0,Bengaluru
2016-11-27,22.1,44,8.5,Bengaluru
2016-11-28,22.6,39,8.8,Bengaluru
2016-11-29,22.0,48,7.8,Bengaluru
2016-11-30,21.9,50,9.3,Bengaluru
2016-12-01,21.0,62,12.3,Bengaluru
2016-12-02,20.8,85,14.4,Bengaluru
2016-12-03,20.9,87,14.2,Bengaluru
2016-12-04,22.1,78,11.8,Bengaluru
2016-12-05,22.0,75,9.5,Bengaluru
2016-12-06,21.0,70,10.8,Bengaluru
2016-12-07,20.3,70,10.6,Bengaluru
2016-12-08,22.0,69,6.4,Bengaluru
2016-12-09,21.5,55,8.4,Bengaluru
2016-12-10,21.0,36,10.2,Bengaluru
2016-12-11,21.4,39,9.2,Bengaluru
2016-12-12,21.5,58,16.9,Bengaluru
2016-12-13,18.4,95,18.2,Bengaluru
2016-12-14,20.5,83,12.7,Bengaluru
2016-12-15,20.9,76,10.8,Bengaluru
2016-12-16,20.6,83,11.0,Bengaluru
2016-12-17,20.8,75,9.4,Bengaluru
2016-12-18,20.3,73,9.3,Bengaluru
2016-12-19,19.7,67,9.8,Bengaluru
2016-12-20,19.6,73,10.0,Bengaluru
2016-12-21,20.5,74,7.0,Bengaluru
2016-12-22,20.3,63,8.1,Bengaluru
2016-12-23,19.8,54,7.9,Bengaluru
2016-12-24,19.5,55,8.1,Bengaluru
2016-12-25,19.1,61,6.9,Bengaluru
2016-12-26,19.5,56,9.0,Bengaluru
2016-12-27,19.7,54,11.5,Bengaluru
2016-12-28,20.3,67,11.5,Bengaluru
2016-12-29,19.5,62,10.2,Bengaluru
2016-12-30,19.3,64,10.5,Bengaluru
2016-12-31,19.5,61,10.0,Bengaluru
2017-01-01,20.1,64,10.7,Bengaluru
2017-01-02,21.0,62,9.7,Bengaluru
2017-01-03,21.1,55,11.2,Bengaluru
2017-01-04,21.0,57,9.2,Bengaluru
2017-01-05,20.8,57,10.8,Bengaluru
2017-01-06,20.7,60,9.1,Bengaluru
2017-01-07,21.0,61,8.1,Bengaluru
2017-01-08,20.7,63,10.3,Bengaluru
2017-01-09,20.8,58,9.4,Bengaluru
2017-01-10,20.9,55,8.5,Bengaluru
2017-01-11,21.4,58,7.2,Bengaluru
2017-01-12,21.1,59,8.2,Bengaluru
2017-01-13,21.0,67,10.6,Bengaluru
2017-01-14,20.2,62,14.7,Bengaluru
2017-01-15,20.0,60,13.6,Bengaluru
2017-01-16,20.5,62,11.0,Bengaluru
2017-01-17,20.2,58,11.6,Bengaluru
2017-01-18,19.7,51,15.3,Bengaluru
2017-01-19,19.2,66,14.4,Bengaluru
2017-01-20,20.5,68,15.5,Bengaluru
2017-01-21,21.4,70,16.5,Bengaluru
2017-01-22,21.9,54,15.2,Bengaluru
2017-01-23,21.3,45,15.8,Bengaluru
2017-01-24,21.7,52,17.1,Bengaluru
2017-01-25,21.2,56,14.6,Bengaluru
2017-01-26,18.9,88,11.1,Bengaluru
2017-01-27,21.0,86,11.6,Bengaluru
2017-01-28,21.8,81,14.5,Bengaluru
2017-01-29,22.3,75,12.7,Bengaluru
2017-01-30,22.1,67,11.3,Bengaluru
2017-01-31,21.5,65,9.6,Bengaluru
2017-02-01,20.8,56,11.7,Bengaluru
2017-02-02,20.9,53,13.4,Bengaluru
2017-02-03,20.8,57,13.1,Bengaluru
2017-02-04,20.5,59,11.9,Bengaluru
2017-02-05,20.5,55,10.5,Bengaluru
2017-02-06,21.0,55,7.6,Bengaluru
2017-02-07,21.8,50,8.0,Bengaluru
2017-02-08,22.3,39,11.8,Bengaluru
2017-02-09,21.9,43,10.5,Bengaluru
2017-02-10,21.9,40,12.4,Bengaluru
2017-02-11,21.5,48,11.4,Bengaluru
2017-02-12,20.8,54,13.9,Bengaluru
2017-02-13,20.7,59,15.5,Bengaluru
2017-02-14,21.6,69,17.9,Bengaluru
2017-02-15,22.3,51,15.7,Bengaluru
2017-02-16,21.5,40,16.4,Bengaluru
2017-02-17,21.1,45,16.0,Bengaluru
2017-02-18,22.2,44,14.9,Bengaluru
2017-02-19,22.9,44,11.0,Bengaluru
2017-02-20,23.6,44,7.8,Bengaluru
2017-02-21,24.8,47,8.4,Bengaluru
2017-02-22,25.4,42,8.1,Bengaluru
2017-02-23,25.3,40,12.5,Bengaluru
2017-02-24,25.6,42,15.5,Bengaluru
2017-02-25,25.5,40,13.9,Bengaluru
2017-02-26,24.7,48,11.6,Bengaluru
2017-02-27,23.9,48,17.2,Bengaluru
2017-02-28,23.4,37,15.4,Bengaluru
2017-03-01,23.6,33,17.0,Bengaluru
2017-03-02,23.4,36,12.2,Bengaluru
2017-03-03,24.1,52,12.0,Bengaluru
2017-03-04,25.1,63,10.6,Bengaluru
2017-03-05,25.9,60,8.1,Bengaluru
2017-03-06,24.8,69,8.1,Bengaluru
2017-03-07,25.0,65,7.1,Bengaluru
2017-03-08,25.7,58,5.6,Bengaluru
2017-03-09,25.7,59,9.3,Bengaluru
2017-03-10,26.3,53,10.8,Bengaluru
2017-03-11,26.0,43,10.0,Bengaluru
2017-03-12,26.2,38,8.2,Bengaluru
2017-03-13,26.0,53,8.9,Bengaluru
2017-03-14,24.0,72,10.1,Bengaluru
2017-03-15,24.6,67,13.7,Bengaluru
2017-03-16,25.0,58,8.1,Bengaluru
2017-03-17,25.4,55,7.4,Bengaluru
2017-03-18,26.7,49,8.1,Bengaluru
2017-03-19,27.0,50,9.4,Bengaluru
2017-03-20,26.9,53,7.3,Bengaluru
2017-03-21,25.9,55,7.8,Bengaluru
2017-03-22,26.6,48,10.0,Bengaluru
2017-03-23,26.2,46,10.2,Bengaluru
2017-03-24,26.4,41,11.4,Bengaluru
2017-03-25,27.1,32,12.8,Bengaluru
2017-03-26,27.7,35,14.8,Bengaluru
2017-03-27,27.7,35,15.5,Bengaluru
2017-03-28,27.5,39,12.6,Bengaluru
2017-03-29,27.8,43,11.1,Bengaluru
2017-03-30,27.4,42,11.0,Bengaluru
2017-03-31,27.6,41,13.4,Bengaluru
2017-04-01,27.9,36,10.6,Bengaluru
2017-04-02,28.2,41,9.4,Bengaluru
2017-04-03,28.3,41,8.2,Bengaluru
2017-04-04,27.6,53,8.8,Bengaluru
2017-04-05,27.4,53,6.5,Bengaluru
2017-04-06,28.0,47,7.3,Bengaluru
2017-04-07,27.7,52,9.2,Bengaluru
2017-04-08,28.3,45,9.7,Bengaluru
2017-04-09,28.5,43,9.4,Bengaluru
2017-04-10,28.6,44,10.3,Bengaluru
2017-04-11,29.1,44,10.5,Bengaluru
2017-04-12,28.8,45,10.9,Bengaluru
2017-04-13,28.4,41,10.4,Bengaluru
2017-04-14,27.9,39,10.4,Bengaluru
2017-04-15,27.8,46,10.3,Bengaluru
2017-04-16,28.1,51,9.6,Bengaluru
2017-04-17,27.9,54,11.3,Bengaluru
2017-04-18,28.7,49,8.5,Bengaluru
2017-04-19,27.8,58,9.1,Bengaluru
2017-04-20,27.5,62,11.6,Bengaluru
2017-04-21,26.0,70,11.0,Bengaluru
2017-04-22,27.2,60,10.9,Bengaluru
2017-04-23,27.8,54,9.9,Bengaluru
2017-04-24,27.9,50,10.4,Bengaluru
2017-04-25,27.5,54,8.9,Bengaluru
2017-04-26,27.2,51,6.3,Bengaluru
2017-04-27,27.6,48,7.0,Bengaluru
2017-04-28,27.0,53,7.2,Bengaluru
2017-04-29,27.2,49,4.5,Bengaluru
2017-04-30,27.2,47,6.7,Bengaluru
2017-05-01,26.8,48,6.7,Bengaluru
2017-05-02,26.5,54,6.7,Bengaluru
2017-05-03,26.3,64,7.3,Bengaluru
2017-05-04,27.7,52,7.8,Bengaluru
2017-05-05,27.9,52,7.7,Bengaluru
2017-05-06,28.3,54,7.2,Bengaluru
2017-05-07,27.8,54,8.5,Bengaluru
2017-05-08,26.8,55,7.2,Bengaluru
2017-05-09,26.3,62,8.5,Bengaluru
2017-05-10,26.2,65,6.1,Bengaluru
2017-05-11,26.6,62,7.0,Bengaluru
2017-05-12,26.2,69,7.5,Bengaluru
2017-05-13,27.0,63,6.6,Bengaluru
2017-05-14,27.2,65,9.3,Bengaluru
2017-05-15,26.3,71,11.6,Bengaluru
2017-05-16,26.9,67,8.9,Bengaluru
2017-05-17,26.7,68,13.4,Bengaluru
2017-05-18,25.8,75,11.4,Bengaluru
2017-05-19,25.4,75,11.9,Bengaluru
2017-05-20,25.9,71,10.5,Bengaluru
2017-05-21,24.6,79,10.0,Bengaluru
2017-05-22,25.5,73,8.9,Bengaluru
2017-05-23,25.9,71,7.8,Bengaluru
2017-05-24,26.6,65,8.8,Bengaluru
2017-05-25,26.0,72,11.3,Bengaluru
2017-05-26,26.1,75,13.9,Bengaluru
2017-05-27,25.3,78,14.1,Bengaluru
2017-05-28,24.8,79,16.5,Bengaluru
2017-05-29,25.2,69,18.3,Bengaluru
2017-05-30,25.1,69,18.3,Bengaluru
2017-05-31,24.6,75,14.8,Bengaluru
2017-06-01,25.1,73,11.1,Bengaluru
2017-06-02,25.5,72,15.1,Bengaluru
2017-06-03,24.8,75,17.1,Bengaluru
2017-06-04,25.0,73,14.1,Bengaluru
2017-06-05,25.1,73,14.0,Bengaluru
2017-06-06,24.2,79,14.1,Bengaluru
2017-06-07,21.7,88,16.0,Bengaluru
2017-06-08,22.1,81,16.5,Bengaluru
2017-06-09,22.4,81,17.1,Bengaluru
2017-06-10,23.0,77,20.3,Bengaluru
2017-06-11,22.2,83,24.1,Bengaluru
2017-06-12,23.3,81,22.3,Bengaluru
2017-06-13,23.5,83,17.1,Bengaluru
2017-06-14,24.2,79,14.2,Bengaluru
2017-06-15,23.8,78,13.5,Bengaluru
2017-06-16,23.1,84,13.2,Bengaluru
2017-06-17,23.5,81,13.0,Bengaluru
2017-06-18,23.6,77,12.9,Bengaluru
2017-06-19,23.3,80,13.6,Bengaluru
2017-06-20,23.1,80,13.2,Bengaluru
2017-06-21,23.2,78,15.2,Bengaluru
2017-06-22,23.4,77,14.4,Bengaluru
2017-06-23,23.3,78,17.0,Bengaluru
2017-06-24,23.5,77,19.3,Bengaluru
2017-06-25,23.2,79,21.1,Bengaluru
2017-06-26,22.8,80,21.5,Bengaluru
2017-06-27,22.1,84,19.6,Bengaluru
2017-06-28,22.3,80,22.2,Bengaluru
2017-06-29,23.6,74,20.4,Bengaluru
2017-06-30,23.6,74,19.8,Bengaluru
2017-07-01,23.8,73,18.8,Bengaluru
2017-07-02,23.9,73,17.8,Bengaluru
2017-07-03,23.6,76,17.7,Bengaluru
2017-07-04,23.9,72,18.9,Bengaluru
2017-07-05,23.7,74,17.3,Bengaluru
2017-07-06,23.3,76,16.1,Bengaluru
2017-07-07,23.1,77,13.5,Bengaluru
2017-07-08,22.8,79,11.8,Bengaluru
2017-07-09,23.4,75,12.7,Bengaluru
2017-07-10,24.0,72,13.1,Bengaluru
2017-07-11,23.6,75,16.6,Bengaluru
2017-07-12,23.9,71,15.7,Bengaluru
2017-07-13,22.4,79,15.6,Bengaluru
2017-07-14,22.9,75,20.2,Bengaluru
2017-07-15,21.9,84,19.1,Bengaluru
2017-07-16,22.8,74,21.2,Bengaluru
2017-07-17,23.2,74,23.5,Bengaluru
2017-07-18,22.6,78,22.0,Bengaluru
2017-07-19,23.3,75,24.7,Bengaluru
2017-07-20,23.6,70,24.5,Bengaluru
2017-07-21,23.6,72,22.3,Bengaluru
2017-07-22,24.0,73,19.7,Bengaluru
2017-07-23,23.8,72,18.2,Bengaluru
2017-07-24,24.0,71,19.8,Bengaluru
2017-07-25,24.3,70,18.1,Bengaluru
2017-07-26,24.3,69,17.7,Bengaluru
2017-07-27,24.0,72,16.5,Bengaluru
2017-07-28,24.4,72,16.5,Bengaluru
2017-07-29,24.8,69,14.7,Bengaluru
2017-07-30,24.6,71,13.3,Bengaluru
2017-07-31,24.4,74,12.1,Bengaluru
2017-08-01,25.5,67,11.8,Bengaluru
2017-08-02,25.4,65,13.7,Bengaluru
2017-08-03,23.7,74,17.7,Bengaluru
2017-08-04,23.3,76,18.0,Bengaluru
2017-08-05,23.9,74,16.5,Bengaluru
2017-08-06,23.8,75,15.1,Bengaluru
2017-08-07,23.9,75,12.3,Bengaluru
2017-08-08,24.6,71,11.6,Bengaluru
2017-08-09,23.9,78,9.6,Bengaluru
2017-08-10,23.3,80,8.7,Bengaluru
2017-08-11,23.2,82,8.6,Bengaluru
2017-08-12,23.5,78,12.4,Bengaluru
2017-08-13,22.7,77,9.5,Bengaluru
2017-08-14,24.0,73,7.7,Bengaluru
2017-08-15,22.4,85,6.6,Bengaluru
2017-08-16,23.0,83,10.9,Bengaluru
2017-08-17,22.5,82,13.7,Bengaluru
2017-08-18,21.7,89,13.9,Bengaluru
2017-08-19,21.8,85,18.5,Bengaluru
2017-08-20,21.7,86,17.9,Bengaluru
2017-08-21,22.2,85,15.0,Bengaluru
2017-08-22,22.6,81,17.0,Bengaluru
2017-08-23,22.7,83,13.0,Bengaluru
2017-08-24,22.3,85,13.6,Bengaluru
2017-08-25,22.0,88,14.2,Bengaluru
2017-08-26,22.6,83,17.3,Bengaluru
2017-08-27,21.8,87,18.7,Bengaluru
2017-08-28,21.3,91,19.6,Bengaluru
2017-08-29,21.2,92,19.0,Bengaluru
2017-08-30,23.3,81,14.2,Bengaluru
2017-08-31,23.5,78,10.1,Bengaluru
2017-09-01,23.7,79,8.3,Bengaluru
2017-09-02,23.4,85,6.8,Bengaluru
2017-09-03,22.8,86,5.7,Bengaluru
2017-09-04,23.7,82,6.6,Bengaluru
2017-09-05,23.4,85,8.4,Bengaluru
2017-09-06,22.8,87,5.9,Bengaluru
2017-09-07,22.6,88,5.6,Bengaluru
2017-09-08,23.1,86,5.1,Bengaluru
2017-09-09,22.6,88,5.1,Bengaluru
2017-09-10,23.2,82,9.2,Bengaluru
2017-09-11,24.0,82,13.9,Bengaluru
2017-09-12,24.0,82,12.3,Bengaluru
2017-09-13,24.5,78,10.1,Bengaluru
2017-09-14,23.8,80,11.8,Bengaluru
2017-09-15,23.0,81,11.0,Bengaluru
2017-09-16,22.2,88,14.8,Bengaluru
2017-09-17,21.6,88,19.0,Bengaluru
2017-09-18,21.7,84,22.4,Bengaluru
2017-09-19,22.7,79,21.7,Bengaluru
2017-09-20,22.5,76,20.0,Bengaluru
2017-09-21,21.7,83,14.9,Bengaluru
2017-09-22,22.8,76,10.4,Bengaluru
2017-09-23,23.4,74,6.2,Bengaluru
2017-09-24,22.8,84,6.1,Bengaluru
2017-09-25,21.7,89,9.7,Bengaluru
2017-09-26,22.0,89,7.1,Bengaluru
2017-09-27,21.8,90,7.1,Bengaluru
2017-09-28,21.5,91,10.7,Bengaluru
2017-09-29,22.0,87,13.4,Bengaluru
2017-09-30,22.3,86,8.8,Bengaluru
2017-10-01,22.1,89,8.3,Bengaluru
2017-10-02,22.4,87,8.3,Bengaluru
2017-10-03,23.1,82,8.4,Bengaluru
2017-10-04,22.6,87,6.9,Bengaluru
2017-10-05,22.2,88,6.0,Bengaluru
2017-10-06,22.1,89,6.4,Bengaluru
2017-10-07,22.8,85,5.2,Bengaluru
2017-10-08,23.4,84,6.3,Bengaluru
2017-10-09,22.9,86,5.0,Bengaluru
2017-10-10,23.2,83,5.8,Bengaluru
2017-10-11,22.7,87,4.7,Bengaluru
2017-10-12,22.7,88,4.6,Bengaluru
2017-10-13,22.7,87,5.8,Bengaluru
2017-10-14,22.0,89,9.1,Bengaluru
2017-10-15,21.8,89,13.0,Bengaluru
2017-10-16,21.8,87,11.3,Bengaluru
2017-10-17,22.2,85,7.9,Bengaluru
2017-10-18,22.0,81,8.3,Bengaluru
2017-10-19,22.1,72,8.4,Bengaluru
2017-10-20,22.1,72,7.0,Bengaluru
2017-10-21,23.0,76,6.1,Bengaluru
2017-10-22,22.8,75,7.2,Bengaluru
2017-10-23,21.9,66,6.6,Bengaluru
2017-10-24,22.5,67,6.6,Bengaluru
2017-10-25,23.1,77,9.4,Bengaluru
2017-10-26,22.9,78,11.2,Bengaluru
2017-10-27,22.2,81,10.9,Bengaluru
2017-10-28,22.3,72,12.9,Bengaluru
2017-10-29,22.3,69,13.6,Bengaluru
2017-10-30,21.2,76,17.7,Bengaluru
2017-10-31,21.1,76,17.0,Bengaluru
2017-11-01,20.6,81,16.2,Bengaluru
2017-11-02,21.4,73,13.6,Bengaluru
2017-11-03,21.3,76,15.0,Bengaluru
2017-11-04,20.1,83,15.5,Bengaluru
2017-11-05,21.2,85,15.6,Bengaluru
2017-11-06,20.7,90,13.9,Bengaluru
2017-11-07,20.9,85,12.6,Bengaluru
2017-11-08,21.5,79,12.4,Bengaluru
2017-11-09,20.8,76,11.8,Bengaluru
2017-11-10,20.9,73,10.9,Bengaluru
2017-11-11,21.1,75,11.9,Bengaluru
2017-11-12,21.2,70,9.6,Bengaluru
2017-11-13,21.9,69,10.6,Bengaluru
2017-11-14,21.5,79,7.5,Bengaluru
2017-11-15,22.1,82,7.5,Bengaluru
2017-11-16,22.4,77,7.5,Bengaluru
2017-11-17,22.7,78,6.5,Bengaluru
2017-11-18,22.6,80,10.3,Bengaluru
2017-11-19,22.9,79,10.5,Bengaluru
2017-11-20,22.9,77,11.5,Bengaluru
2017-11-21,22.6,79,12.7,Bengaluru
2017-11-22,22.3,72,13.6,Bengaluru
2017-11-23,22.0,73,11.3,Bengaluru
2017-11-24,22.7,71,9.9,Bengaluru
2017-11-25,22.4,75,13.4,Bengaluru
2017-11-26,21.2,77,14.0,Bengaluru
2017-11-27,22.4,79,15.4,Bengaluru
2017-11-28,22.1,74,12.6,Bengaluru
2017-11-29,21.8,69,16.3,Bengaluru
2017-11-30,21.4,82,21.4,Bengaluru
2017-12-01,20.4,90,24.5,Bengaluru
2017-12-02,19.5,85,20.9,Bengaluru
2017-12-03,20.5,82,12.7,Bengaluru
2017-12-04,21.0,82,10.1,Bengaluru
2017-12-05,21.2,79,9.7,Bengaluru
2017-12-06,21.5,76,7.7,Bengaluru
2017-12-07,22.1,75,8.6,Bengaluru
2017-12-08,20.9,65,9.3,Bengaluru
2017-12-09,21.4,62,7.4,Bengaluru
2017-12-10,21.6,68,11.0,Bengaluru
2017-12-11,22.2,66,6.6,Bengaluru
2017-12-12,22.0,71,6.3,Bengaluru
2017-12-13,22.5,73,6.4,Bengaluru
2017-12-14,22.3,69,12.9,Bengaluru
2017-12-15,21.5,69,14.2,Bengaluru
2017-12-16,20.8,72,16.7,Bengaluru
2017-12-17,19.8,69,16.4,Bengaluru
2017-12-18,19.6,66,14.4,Bengaluru
2017-12-19,19.8,71,15.4,Bengaluru
2017-12-20,21.0,65,14.5,Bengaluru
2017-12-21,20.0,69,15.4,Bengaluru
2017-12-22,20.7,67,13.9,Bengaluru
2017-12-23,20.2,67,13.3,Bengaluru
2017-12-24,19.7,66,12.5,Bengaluru
2017-12-25,20.0,73,12.3,Bengaluru
2017-12-26,20.9,63,14.2,Bengaluru
2017-12-27,20.0,64,12.5,Bengaluru
2017-12-28,19.1,63,13.8,Bengaluru
2017-12-29,18.5,68,12.7,Bengaluru
2017-12-30,20.4,68,11.9,Bengaluru
2017-12-31,20.6,63,8.7,Bengaluru
2018-01-01,21.3,60,5.0,Bengaluru
2018-01-02,22.0,61,8.2,Bengaluru
2018-01-03,21.9,64,9.5,Bengaluru
2018-01-04,21.5,62,10.8,Bengaluru
2018-01-05,19.9,60,9.0,Bengaluru
2018-01-06,19.6,59,7.4,Bengaluru
2018-01-07,19.9,57,8.7,Bengaluru
2018-01-08,19.4,56,14.2,Bengaluru
2018-01-09,20.3,67,15.1,Bengaluru
2018-01-10,20.8,70,15.8,Bengaluru
2018-01-11,22.3,72,13.1,Bengaluru
2018-01-12,22.5,68,12.4,Bengaluru
2018-01-13,22.4,57,12.9,Bengaluru
2018-01-14,21.6,58,13.7,Bengaluru
2018-01-15,22.0,59,13.1,Bengaluru
2018-01-16,21.9,62,10.3,Bengaluru
2018-01-17,21.1,60,10.5,Bengaluru
2018-01-18,20.4,52,14.5,Bengaluru
2018-01-19,19.6,55,12.7,Bengaluru
2018-01-20,19.4,58,10.5,Bengaluru
2018-01-21,19.5,58,11.7,Bengaluru
2018-01-22,19.6,63,11.7,Bengaluru
2018-01-23,21.2,65,8.9,Bengaluru
2018-01-24,22.1,62,8.3,Bengaluru
2018-01-25,21.7,60,8.4,Bengaluru
2018-01-26,21.2,51,10.4,Bengaluru
2018-01-27,21.1,55,9.5,Bengaluru
2018-01-28,20.8,57,12.2,Bengaluru
2018-01-29,21.1,57,15.3,Bengaluru
2018-01-30,20.7,59,13.7,Bengaluru
2018-01-31,20.3,55,11.8,Bengaluru
2018-02-01,20.6,41,12.4,Bengaluru
2018-02-02,20.9,40,12.7,Bengaluru
2018-02-03,20.1,41,13.3,Bengaluru
2018-02-04,19.7,49,12.4,Bengaluru
2018-02-05,20.0,51,12.5,Bengaluru
2018-02-06,22.4,64,11.8,Bengaluru
2018-02-07,22.6,76,7.7,Bengaluru
2018-02-08,22.6,70,7.3,Bengaluru
2018-02-09,23.1,69,5.4,Bengaluru
2018-02-10,22.9,68,9.3,Bengaluru
2018-02-11,22.7,64,12.9,Bengaluru
2018-02-12,22.1,65,12.1,Bengaluru
2018-02-13,22.1,62,11.4,Bengaluru
2018-02-14,22.2,67,14.4,Bengaluru
2018-02-15,22.2,66,14.9,Bengaluru
2018-02-16,22.1,49,11.8,Bengaluru
2018-02-17,22.1,52,9.5,Bengaluru
2018-02-18,22.5,51,11.1,Bengaluru
2018-02-19,22.3,48,13.5,Bengaluru
2018-02-20,22.7,52,12.9,Bengaluru
2018-02-21,23.0,40,15.4,Bengaluru
2018-02-22,23.2,40,14.6,Bengaluru
2018-02-23,22.8,36,16.3,Bengaluru
2018-02-24,21.6,55,13.1,Bengaluru
2018-02-25,22.8,53,14.6,Bengaluru
2018-02-26,23.0,48,11.1,Bengaluru
2018-02-27,23.8,39,15.7,Bengaluru
2018-02-28,23.5,39,13.8,Bengaluru
2018-03-01,23.6,42,14.6,Bengaluru
2018-03-02,24.2,32,14.7,Bengaluru
2018-03-03,24.6,26,12.1,Bengaluru
2018-03-04,24.5,32,12.7,Bengaluru
2018-03-05,24.7,27,11.5,Bengaluru
2018-03-06,24.3,32,11.9,Bengaluru
2018-03-07,23.8,46,13.5,Bengaluru
2018-03-08,24.1,39,13.7,Bengaluru
2018-03-09,24.5,37,13.7,Bengaluru
2018-03-10,24.6,44,14.6,Bengaluru
2018-03-11,25.1,39,16.1,Bengaluru
2018-03-12,24.5,53,17.0,Bengaluru
2018-03-13,24.2,67,15.8,Bengaluru
2018-03-14,25.5,59,14.7,Bengaluru
2018-03-15,24.6,68,10.4,Bengaluru
2018-03-16,23.7,78,5.1,Bengaluru
2018-03-17,22.4,82,9.3,Bengaluru
2018-03-18,23.0,77,9.4,Bengaluru
2018-03-19,24.0,60,12.1,Bengaluru
2018-03-20,24.5,53,8.4,Bengaluru
2018-03-21,25.1,55,6.4,Bengaluru
2018-03-22,25.7,51,9.0,Bengaluru
2018-03-23,26.2,46,10.6,Bengaluru
2018-03-24,26.6,53,9.6,Bengaluru
2018-03-25,26.8,46,14.7,Bengaluru
2018-03-26,26.3,48,14.0,Bengaluru
2018-03-27,26.4,48,10.2,Bengaluru
2018-03-28,26.7,50,8.5,Bengaluru
2018-03-29,26.8,52,6.8,Bengaluru
2018-03-30,26.1,60,7.6,Bengaluru
2018-03-31,24.8,68,6.3,Bengaluru
2018-04-01,25.8,58,6.3,Bengaluru
2018-04-02,25.4,62,7.8,Bengaluru
2018-04-03,25.5,61,8.0,Bengaluru
2018-04-04,25.5,55,9.9,Bengaluru
2018-04-05,25.6,49,9.9,Bengaluru
2018-04-06,25.9,52,9.4,Bengaluru
2018-04-07,26.1,49,11.4,Bengaluru
2018-04-08,25.6,54,13.2,Bengaluru
2018-04-09,25.5,57,13.1,Bengaluru
2018-04-10,25.5,58,12.4,Bengaluru
2018-04-11,26.2,57,9.7,Bengaluru
2018-04-12,26.5,60,9.3,Bengaluru
2018-04-13,26.4,59,11.5,Bengaluru
2018-04-14,27.3,57,10.3,Bengaluru
2018-04-15,27.2,57,11.1,Bengaluru
2018-04-16,27.0,58,7.7,Bengaluru
2018-04-17,27.5,56,10.8,Bengaluru
2018-04-18,27.9,49,8.3,Bengaluru
2018-04-19,28.0,55,7.9,Bengaluru
2018-04-20,26.5,63,7.1,Bengaluru
2018-04-21,28.1,52,8.2,Bengaluru
2018-04-22,26.5,62,7.0,Bengaluru
2018-04-23,27.3,56,6.5,Bengaluru
2018-04-24,26.7,58,7.2,Bengaluru
2018-04-25,26.1,65,7.4,Bengaluru
2018-04-26,27.3,56,6.9,Bengaluru
2018-04-27,27.5,50,9.5,Bengaluru
2018-04-28,26.9,56,11.5,Bengaluru
2018-04-29,27.3,52,6.4,Bengaluru
2018-04-30,27.2,60,7.9,Bengaluru
2018-05-01,27.6,60,9.9,Bengaluru
2018-05-02,27.0,68,11.3,Bengaluru
2018-05-03,26.4,70,7.6,Bengaluru
2018-05-04,25.7,68,9.0,Bengaluru
2018-05-05,26.2,66,9.1,Bengaluru
2018-05-06,26.7,61,9.3,Bengaluru
2018-05-07,26.6,66,8.6,Bengaluru
2018-05-08,25.3,75,9.5,Bengaluru
2018-05-09,24.8,76,7.4,Bengaluru
2018-05-10,25.3,73,5.7,Bengaluru
2018-05-11,24.2,81,5.7,Bengaluru
2018-05-12,24.9,73,5.8,Bengaluru
2018-05-13,25.4,72,4.5,Bengaluru
2018-05-14,24.7,78,5.0,Bengaluru
2018-05-15,24.6,75,6.1,Bengaluru
2018-05-16,25.1,74,7.2,Bengaluru
2018-05-17,26.1,63,6.2,Bengaluru
2018-05-18,24.7,77,6.4,Bengaluru
2018-05-19,24.7,77,6.4,Bengaluru
2018-05-20,24.9,76,7.1,Bengaluru
2018-05-21,24.4,79,7.1,Bengaluru
2018-05-22,24.5,80,7.7,Bengaluru
2018-05-23,24.2,82,6.1,Bengaluru
2018-05-24,24.7,78,7.4,Bengaluru
2018-05-25,23.7,81,7.9,Bengaluru
2018-05-26,23.6,87,5.9,Bengaluru
2018-05-27,25.0,81,8.1,Bengaluru
2018-05-28,24.4,85,5.7,Bengaluru
2018-05-29,24.7,77,13.2,Bengaluru
2018-05-30,24.2,82,12.0,Bengaluru
2018-05-31,24.8,82,8.7,Bengaluru
2018-06-01,24.2,85,7.4,Bengaluru
2018-06-02,23.8,87,6.3,Bengaluru
2018-06-03,23.0,90,8.9,Bengaluru
2018-06-04,23.7,84,10.4,Bengaluru
2018-06-05,23.4,84,12.0,Bengaluru
2018-06-06,23.9,83,13.0,Bengaluru
2018-06-07,23.3,83,19.0,Bengaluru
2018-06-08,23.0,84,24.6,Bengaluru
2018-06-09,22.8,83,22.5,Bengaluru
2018-06-10,22.8,85,20.4,Bengaluru
2018-06-11,23.7,80,21.5,Bengaluru
2018-06-12,23.8,80,21.4,Bengaluru
2018-06-13,23.7,80,19.5,Bengaluru
2018-06-14,22.9,85,15.0,Bengaluru
2018-06-15,23.2,82,14.6,Bengaluru
2018-06-16,23.4,80,15.4,Bengaluru
2018-06-17,23.5,78,17.2,Bengaluru
2018-06-18,22.9,80,17.3,Bengaluru
2018-06-19,23.0,79,20.4,Bengaluru
2018-06-20,23.0,81,20.4,Bengaluru
2018-06-21,22.0,86,17.3,Bengaluru
2018-06-22,22.7,79,15.8,Bengaluru
2018-06-23,22.7,81,15.2,Bengaluru
2018-06-24,22.6,84,16.2,Bengaluru
2018-06-25,22.4,84,17.1,Bengaluru
2018-06-26,22.5,81,20.9,Bengaluru
2018-06-27,22.2,84,19.6,Bengaluru
2018-06-28,21.2,90,17.1,Bengaluru
2018-06-29,22.0,87,13.0,Bengaluru
2018-06-30,22.7,84,10.8,Bengaluru
2018-07-01,22.9,81,9.3,Bengaluru
2018-07-02,22.6,84,12.4,Bengaluru
2018-07-03,22.8,80,15.0,Bengaluru
2018-07-04,23.0,76,16.7,Bengaluru
2018-07-05,23.0,74,18.8,Bengaluru
2018-07-06,22.2,82,18.5,Bengaluru
2018-07-07,20.8,94,16.7,Bengaluru
2018-07-08,21.7,88,17.4,Bengaluru
2018-07-09,22.3,85,18.1,Bengaluru
2018-07-10,22.0,87,18.8,Bengaluru
2018-07-11,21.7,85,20.1,Bengaluru
2018-07-12,22.2,81,23.8,Bengaluru
2018-07-13,21.6,86,21.1,Bengaluru
2018-07-14,22.6,80,23.8,Bengaluru
2018-07-15,23.0,76,24.5,Bengaluru
2018-07-16,22.8,77,25.9,Bengaluru
2018-07-17,23.1,75,25.7,Bengaluru
2018-07-18,23.0,77,22.4,Bengaluru
2018-07-19,22.7,80,21.6,Bengaluru
2018-07-20,22.4,80,24.3,Bengaluru
2018-07-21,22.9,77,24.3,Bengaluru
2018-07-22,23.1,75,23.0,Bengaluru
2018-07-23,22.5,82,19.5,Bengaluru
2018-07-24,22.1,87,16.2,Bengaluru
2018-07-25,22.9,81,17.3,Bengaluru
2018-07-26,23.3,80,17.3,Bengaluru
2018-07-27,22.5,83,18.1,Bengaluru
2018-07-28,22.7,83,16.9,Bengaluru
2018-07-29,23.4,79,15.5,Bengaluru
2018-07-30,23.4,78,15.6,Bengaluru
2018-07-31,22.5,83,17.7,Bengaluru
2018-08-01,22.4,80,19.6,Bengaluru
2018-08-02,23.2,77,17.4,Bengaluru
2018-08-03,22.9,78,15.7,Bengaluru
2018-08-04,22.5,78,16.0,Bengaluru
2018-08-05,23.0,74,18.6,Bengaluru
2018-08-06,22.5,76,22.0,Bengaluru
2018-08-07,21.7,82,19.5,Bengaluru
2018-08-08,21.9,82,19.0,Bengaluru
2018-08-09,22.3,83,17.9,Bengaluru
2018-08-10,21.7,84,18.0,Bengaluru
2018-08-11,21.1,85,19.1,Bengaluru
2018-08-12,20.8,88,19.7,Bengaluru
2018-08-13,21.3,83,23.8,Bengaluru
2018-08-14,21.3,89,20.8,Bengaluru
2018-08-15,21.2,90,19.0,Bengaluru
2018-08-16,21.8,83,23.7,Bengaluru
2018-08-17,23.0,75,25.3,Bengaluru
2018-08-18,22.5,76,24.2,Bengaluru
2018-08-19,22.5,79,21.5,Bengaluru
2018-08-20,22.3,78,22.5,Bengaluru
2018-08-21,22.6,76,21.3,Bengaluru
2018-08-22,22.7,77,18.8,Bengaluru
2018-08-23,22.6,77,17.7,Bengaluru
2018-08-24,22.2,80,15.5,Bengaluru
2018-08-25,22.6,77,15.3,Bengaluru
2018-08-26,21.7,82,14.6,Bengaluru
2018-08-27,21.2,85,15.9,Bengaluru
2018-08-28,21.9,83,15.3,Bengaluru
2018-08-29,21.9,84,14.3,Bengaluru
2018-08-30,22.0,83,14.2,Bengaluru
2018-08-31,22.1,84,13.8,Bengaluru
2018-09-01,22.5,78,12.3,Bengaluru
2018-09-02,22.8,77,11.5,Bengaluru
2018-09-03,22.5,72,12.4,Bengaluru
2018-09-04,22.6,73,10.8,Bengaluru
2018-09-05,22.6,75,12.4,Bengaluru
2018-09-06,22.7,75,14.9,Bengaluru
2018-09-07,22.5,75,14.9,Bengaluru
2018-09-08,22.7,74,12.9,Bengaluru
2018-09-09,23.3,72,5.8,Bengaluru
2018-09-10,23.3,72,4.3,Bengaluru
2018-09-11,23.0,84,4.8,Bengaluru
2018-09-12,23.4,81,6.4,Bengaluru
2018-09-13,23.5,79,6.7,Bengaluru
2018-09-14,23.3,81,5.6,Bengaluru
2018-09-15,23.5,81,6.5,Bengaluru
2018-09-16,23.1,82,8.4,Bengaluru
2018-09-17,22.3,81,13.3,Bengaluru
2018-09-18,23.1,74,13.4,Bengaluru
2018-09-19,22.3,74,13.9,Bengaluru
2018-09-20,21.6,81,11.8,Bengaluru
2018-09-21,21.8,81,12.1,Bengaluru
2018-09-22,22.6,69,9.8,Bengaluru
2018-09-23,23.0,76,4.9,Bengaluru
2018-09-24,22.4,84,4.6,Bengaluru
2018-09-25,22.7,86,5.2,Bengaluru
2018-09-26,22.7,84,5.9,Bengaluru
2018-09-27,23.5,78,6.8,Bengaluru
2018-09-28,23.3,81,7.4,Bengaluru
2018-09-29,23.5,80,6.3,Bengaluru
2018-09-30,23.9,79,8.2,Bengaluru
2018-10-01,23.9,78,10.3,Bengaluru
2018-10-02,23.5,80,10.2,Bengaluru
2018-10-03,23.7,80,11.1,Bengaluru
2018-10-04,22.7,85,13.7,Bengaluru
2018-10-05,22.3,88,16.5,Bengaluru
2018-10-06,22.2,88,15.6,Bengaluru
2018-10-07,23.1,79,11.6,Bengaluru
2018-10-08,22.6,84,9.4,Bengaluru
2018-10-09,23.0,79,6.6,Bengaluru
2018-10-10,22.7,75,10.4,Bengaluru
2018-10-11,23.1,66,9.6,Bengaluru
2018-10-12,24.0,65,7.8,Bengaluru
2018-10-13,23.9,65,7.0,Bengaluru
2018-10-14,23.4,80,6.3,Bengaluru
2018-10-15,22.4,88,6.5,Bengaluru
2018-10-16,22.3,86,8.6,Bengaluru
2018-10-17,22.0,86,6.4,Bengaluru
2018-10-18,21.9,86,5.7,Bengaluru
2018-10-19,22.3,81,9.3,Bengaluru
2018-10-20,22.6,67,8.5,Bengaluru
2018-10-21,22.0,75,10.7,Bengaluru
2018-10-22,22.1,65,11.7,Bengaluru
2018-10-23,22.1,63,11.0,Bengaluru
2018-10-24,22.3,60,13.5,Bengaluru
2018-10-25,22.5,64,14.2,Bengaluru
2018-10-26,22.7,65,15.3,Bengaluru
2018-10-27,22.6,53,13.4,Bengaluru
2018-10-28,22.1,49,12.7,Bengaluru
2018-10-29,21.8,48,11.1,Bengaluru
2018-10-30,22.5,50,9.8,Bengaluru
2018-10-31,24.0,62,9.8,Bengaluru
2018-11-01,23.3,71,13.1,Bengaluru
2018-11-02,22.3,84,14.0,Bengaluru
2018-11-03,22.1,84,15.7,Bengaluru
2018-11-04,22.5,80,15.2,Bengaluru
2018-11-05,23.5,71,13.0,Bengaluru
2018-11-06,23.2,71,13.0,Bengaluru
2018-11-07,22.7,60,12.6,Bengaluru
2018-11-08,22.3,58,12.3,Bengaluru
2018-11-09,22.6,67,13.0,Bengaluru
2018-11-10,22.7,61,11.4,Bengaluru
2018-11-11,22.4,56,9.7,Bengaluru
2018-11-12,22.5,53,9.7,Bengaluru
2018-11-13,22.1,49,8.5,Bengaluru
2018-11-14,22.3,41,7.2,Bengaluru
2018-11-15,22.2,65,15.0,Bengaluru
2018-11-16,22.2,81,20.7,Bengaluru
2018-11-17,23.3,73,13.8,Bengaluru
2018-11-18,23.7,77,11.6,Bengaluru
2018-11-19,23.4,74,13.0,Bengaluru
2018-11-20,23.6,66,14.3,Bengaluru
2018-11-21,21.3,73,18.0,Bengaluru
2018-11-22,20.9,88,18.6,Bengaluru
2018-11-23,21.2,89,15.6,Bengaluru
2018-11-24,22.0,79,12.3,Bengaluru
2018-11-25,22.3,74,10.5,Bengaluru
2018-11-26,21.0,72,11.1,Bengaluru
2018-11-27,19.6,70,13.2,Bengaluru
2018-11-28,19.9,74,12.8,Bengaluru
2018-11-29,21.0,80,14.0,Bengaluru
2018-11-30,22.0,69,11.6,Bengaluru
2018-12-01,21.3,68,12.2,Bengaluru
2018-12-02,20.6,68,11.7,Bengaluru
2018-12-03,21.5,71,14.6,Bengaluru
2018-12-04,22.1,77,15.1,Bengaluru
2018-12-05,22.8,77,12.5,Bengaluru
2018-12-06,22.8,77,12.3,Bengaluru
2018-12-07,22.4,72,13.0,Bengaluru
2018-12-08,22.4,73,14.8,Bengaluru
2018-12-09,22.6,66,12.8,Bengaluru
2018-12-10,22.7,63,8.7,Bengaluru
2018-12-11,22.5,68,7.0,Bengaluru
2018-12-12,23.3,66,7.4,Bengaluru
2018-12-13,22.7,69,8.5,Bengaluru
2018-12-14,22.6,60,13.1,Bengaluru
2018-12-15,21.5,65,17.5,Bengaluru
2018-12-16,19.9,61,14.2,Bengaluru
2018-12-17,20.7,55,11.4,Bengaluru
2018-12-18,20.9,50,10.0,Bengaluru
2018-12-19,20.7,63,7.8,Bengaluru
2018-12-20,21.8,63,11.1,Bengaluru
2018-12-21,21.7,68,10.1,Bengaluru
2018-12-22,22.7,69,12.1,Bengaluru
2018-12-23,22.3,75,13.5,Bengaluru
2018-12-24,22.8,69,12.7,Bengaluru
2018-12-25,22.7,66,11.4,Bengaluru
2018-12-26,22.9,62,9.7,Bengaluru
2018-12-27,23.2,64,7.4,Bengaluru
2018-12-28,22.0,73,7.7,Bengaluru
2018-12-29,20.6,79,12.7,Bengaluru
2018-12-30,21.0,62,13.7,Bengaluru
2018-12-31,20.1,61,11.6,Bengaluru
2019-01-01,19.0,54,11.9,Bengaluru
2019-01-02,18.7,58,14.7,Bengaluru
2019-01-03,19.5,55,12.9,Bengaluru
2019-01-04,19.7,56,14.7,Bengaluru
2019-01-05,19.2,61,12.2,Bengaluru
2019-01-06,19.6,63,12.0,Bengaluru
2019-01-07,19.8,63,11.2,Bengaluru
2019-01-08,20.7,53,12.4,Bengaluru
2019-01-09,20.8,47,12.3,Bengaluru
2019-01-10,20.6,50,12.4,Bengaluru
2019-01-11,20.7,58,10.6,Bengaluru
2019-01-12,20.8,60,11.8,Bengaluru
2019-01-13,20.8,56,11.6,Bengaluru
2019-01-14,20.7,55,12.0,Bengaluru
2019-01-15,20.2,43,13.5,Bengaluru
2019-01-16,20.5,49,12.6,Bengaluru
2019-01-17,20.5,59,12.9,Bengaluru
2019-01-18,21.4,59,13.4,Bengaluru
2019-01-19,20.6,54,12.8,Bengaluru
2019-01-20,20.7,47,14.3,Bengaluru
2019-01-21,20.5,53,12.3,Bengaluru
2019-01-22,20.4,56,8.2,Bengaluru
2019-01-23,21.9,60,7.5,Bengaluru
2019-01-24,22.9,59,10.2,Bengaluru
2019-01-25,22.2,61,10.6,Bengaluru
2019-01-26,22.5,70,10.3,Bengaluru
2019-01-27,21.8,73,9.5,Bengaluru
2019-01-28,20.5,81,7.2,Bengaluru
2019-01-29,20.8,71,12.1,Bengaluru
2019-01-30,20.7,63,12.2,Bengaluru
2019-01-31,20.6,63,13.7,Bengaluru
2019-02-01,20.6,63,12.3,Bengaluru
2019-02-02,21.2,61,11.4,Bengaluru
2019-02-03,22.0,62,12.4,Bengaluru
2019-02-04,22.4,60,16.6,Bengaluru
2019-02-05,22.9,63,14.6,Bengaluru
2019-02-06,23.1,52,13.4,Bengaluru
2019-02-07,23.9,53,11.5,Bengaluru
2019-02-08,24.4,60,7.2,Bengaluru
2019-02-09,22.9,73,6.9,Bengaluru
2019-02-10,23.2,74,10.9,Bengaluru
2019-02-11,23.0,69,16.6,Bengaluru
2019-02-12,22.1,65,17.2,Bengaluru
2019-02-13,22.2,59,15.6,Bengaluru
2019-02-14,23.1,54,15.3,Bengaluru
2019-02-15,23.9,63,8.4,Bengaluru
2019-02-16,24.8,61,8.2,Bengaluru
2019-02-17,25.4,49,11.8,Bengaluru
2019-02-18,24.8,48,6.7,Bengaluru
2019-02-19,25.4,64,12.1,Bengaluru
2019-02-20,25.0,59,16.0,Bengaluru
2019-02-21,23.8,53,14.9,Bengaluru
2019-02-22,23.6,41,15.3,Bengaluru
2019-02-23,24.2,30,14.3,Bengaluru
2019-02-24,24.7,33,13.2,Bengaluru
2019-02-25,25.3,31,11.0,Bengaluru
2019-02-26,25.8,42,8.5,Bengaluru
2019-02-27,25.9,48,8.9,Bengaluru
2019-02-28,25.6,41,8.5,Bengaluru
2019-03-01,25.7,58,9.4,Bengaluru
2019-03-02,25.6,61,14.1,Bengaluru
2019-03-03,25.4,53,8.3,Bengaluru
2019-03-04,26.1,58,6.9,Bengaluru
2019-03-05,26.6,55,8.3,Bengaluru
2019-03-06,27.6,42,8.4,Bengaluru
2019-03-07,27.2,32,8.1,Bengaluru
2019-03-08,26.6,39,7.1,Bengaluru
2019-03-09,25.8,61,9.1,Bengaluru
2019-03-10,26.9,54,9.9,Bengaluru
2019-03-11,27.0,49,12.7,Bengaluru
2019-03-12,26.4,39,12.2,Bengaluru
2019-03-13,26.0,33,12.4,Bengaluru
2019-03-14,26.3,34,16.0,Bengaluru
2019-03-15,26.6,26,15.2,Bengaluru
2019-03-16,25.5,34,15.8,Bengaluru
2019-03-17,25.2,37,9.6,Bengaluru
2019-03-18,25.4,49,9.4,Bengaluru
2019-03-19,26.4,51,10.3,Bengaluru
2019-03-20,26.7,50,10.6,Bengaluru
2019-03-21,26.9,46,7.1,Bengaluru
2019-03-22,27.2,48,8.3,Bengaluru
2019-03-23,27.8,50,8.4,Bengaluru
2019-03-24,28.2,46,12.2,Bengaluru
2019-03-25,27.8,46,13.1,Bengaluru
2019-03-26,27.4,35,12.1,Bengaluru
2019-03-27,27.3,34,10.4,Bengaluru
2019-03-28,27.8,34,10.0,Bengaluru
2019-03-29,28.1,38,9.3,Bengaluru
2019-03-30,28.2,34,9.7,Bengaluru
2019-03-31,27.9,46,6.8,Bengaluru
2019-04-01,28.2,40,7.2,Bengaluru
2019-04-02,28.2,41,8.2,Bengaluru
2019-04-03,27.9,42,11.5,Bengaluru
2019-04-04,27.3,44,13.5,Bengaluru
2019-04-05,27.9,39,9.5,Bengaluru
2019-04-06,28.1,39,9.8,Bengaluru
2019-04-07,28.8,35,8.2,Bengaluru
2019-04-08,28.5,46,9.4,Bengaluru
2019-04-09,28.1,45,7.7,Bengaluru
2019-04-10,28.3,44,8.9,Bengaluru
2019-04-11,28.5,45,9.2,Bengaluru
2019-04-12,28.8,36,8.3,Bengaluru
2019-04-13,28.5,40,11.0,Bengaluru
2019-04-14,28.5,40,12.0,Bengaluru
2019-04-15,27.9,39,7.9,Bengaluru
2019-04-16,28.3,45,7.1,Bengaluru
2019-04-17,27.3,57,8.4,Bengaluru
2019-04-18,27.0,61,6.5,Bengaluru
2019-04-19,26.5,63,6.3,Bengaluru
2019-04-20,25.5,70,7.7,Bengaluru
2019-04-21,26.4,62,7.8,Bengaluru
2019-04-22,26.4,62,9.9,Bengaluru
2019-04-23,26.4,61,9.2,Bengaluru
2019-04-24,27.3,51,9.9,Bengaluru
2019-04-25,27.9,43,9.9,Bengaluru
2019-04-26,28.4,42,10.2,Bengaluru
2019-04-27,29.0,40,10.6,Bengaluru
2019-04-28,28.4,46,10.6,Bengaluru
2019-04-29,28.4,45,8.3,Bengaluru
2019-04-30,27.8,56,10.4,Bengaluru
2019-05-01,26.5,68,14.7,Bengaluru
2019-05-02,27.6,52,13.8,Bengaluru
2019-05-03,27.0,55,13.1,Bengaluru
2019-05-04,26.9,55,8.6,Bengaluru
2019-05-05,27.7,50,6.4,Bengaluru
2019-05-06,28.5,49,6.7,Bengaluru
2019-05-07,26.3,69,12.4,Bengaluru
2019-05-08,25.6,71,13.1,Bengaluru
2019-05-09,26.7,63,11.3,Bengaluru
2019-05-10,27.8,51,7.7,Bengaluru
2019-05-11,27.6,56,8.1,Bengaluru
2019-05-12,27.3,61,8.2,Bengaluru
2019-05-13,26.4,66,8.0,Bengaluru
2019-05-14,27.4,61,11.2,Bengaluru
2019-05-15,26.9,65,9.4,Bengaluru
2019-05-16,27.1,63,7.3,Bengaluru
2019-05-17,27.2,66,7.4,Bengaluru
2019-05-18,27.5,63,5.8,Bengaluru
2019-05-19,27.9,57,6.5,Bengaluru
2019-05-20,28.0,54,6.3,Bengaluru
2019-05-21,27.8,52,7.3,Bengaluru
2019-05-22,27.2,62,7.1,Bengaluru
2019-05-23,27.1,63,6.4,Bengaluru
2019-05-24,26.9,66,6.3,Bengaluru
2019-05-25,26.2,72,10.5,Bengaluru
2019-05-26,26.9,71,8.6,Bengaluru
2019-05-27,26.6,70,7.5,Bengaluru
2019-05-28,26.8,70,8.7,Bengaluru
2019-05-29,27.0,68,7.8,Bengaluru
2019-05-30,26.0,78,9.2,Bengaluru
2019-05-31,25.1,81,10.9,Bengaluru
2019-06-01,25.8,76,10.5,Bengaluru
2019-06-02,25.2,82,11.8,Bengaluru
2019-06-03,24.6,83,11.8,Bengaluru
2019-06-04,25.5,75,8.7,Bengaluru
2019-06-05,24.6,83,7.6,Bengaluru
2019-06-06,25.6,78,6.6,Bengaluru
2019-06-07,25.2,80,6.2,Bengaluru
2019-06-08,25.2,82,8.6,Bengaluru
2019-06-09,25.4,76,12.1,Bengaluru
2019-06-10,24.2,78,15.8,Bengaluru
2019-06-11,24.4,75,20.1,Bengaluru
2019-06-12,24.1,80,24.1,Bengaluru
2019-06-13,24.0,79,22.2,Bengaluru
2019-06-14,24.3,78,17.3,Bengaluru
2019-06-15,25.0,72,16.5,Bengaluru
2019-06-16,25.2,71,14.7,Bengaluru
2019-06-17,25.2,68,15.9,Bengaluru
2019-06-18,25.1,68,14.4,Bengaluru
2019-06-19,25.1,70,14.6,Bengaluru
2019-06-20,24.2,76,17.6,Bengaluru
2019-06-21,23.9,75,15.3,Bengaluru
2019-06-22,23.6,80,17.3,Bengaluru
2019-06-23,24.1,78,15.6,Bengaluru
2019-06-24,24.7,74,13.1,Bengaluru
2019-06-25,25.0,72,14.2,Bengaluru
2019-06-26,24.2,74,16.7,Bengaluru
2019-06-27,24.1,76,18.6,Bengaluru
2019-06-28,24.7,68,22.1,Bengaluru
2019-06-29,24.5,70,21.1,Bengaluru
2019-06-30,24.4,71,21.1,Bengaluru
2019-07-01,25.0,69,18.9,Bengaluru
2019-07-02,25.1,69,20.3,Bengaluru
2019-07-03,24.7,70,21.1,Bengaluru
2019-07-04,24.9,71,21.5,Bengaluru
2019-07-05,24.4,72,23.9,Bengaluru
2019-07-06,24.5,70,23.3,Bengaluru
2019-07-07,24.7,68,24.2,Bengaluru
2019-07-08,24.4,68,24.3,Bengaluru
2019-07-09,24.2,72,20.3,Bengaluru
2019-07-10,22.2,85,20.3,Bengaluru
2019-07-11,23.6,75,17.1,Bengaluru
2019-07-12,23.6,78,11.4,Bengaluru
2019-07-13,24.3,75,12.5,Bengaluru
2019-07-14,23.9,76,13.6,Bengaluru
2019-07-15,23.9,78,13.9,Bengaluru
2019-07-16,23.9,76,11.9,Bengaluru
2019-07-17,24.0,77,12.6,Bengaluru
2019-07-18,23.7,80,12.7,Bengaluru
2019-07-19,22.4,86,14.5,Bengaluru
2019-07-20,22.8,82,18.5,Bengaluru
2019-07-21,22.6,85,20.3,Bengaluru
2019-07-22,21.7,89,18.4,Bengaluru
2019-07-23,21.3,88,17.3,Bengaluru
2019-07-24,22.8,84,15.2,Bengaluru
2019-07-25,22.6,86,14.0,Bengaluru
2019-07-26,21.8,88,15.9,Bengaluru
2019-07-27,22.8,81,18.3,Bengaluru
2019-07-28,22.6,79,19.5,Bengaluru
2019-07-29,22.5,78,19.9,Bengaluru
2019-07-30,23.0,74,19.4,Bengaluru
2019-07-31,23.3,75,17.7,Bengaluru
2019-08-01,23.2,74,19.9,Bengaluru
2019-08-02,22.9,72,22.5,Bengaluru
2019-08-03,23.7,71,22.9,Bengaluru
2019-08-04,23.8,73,24.1,Bengaluru
2019-08-05,21.9,86,22.5,Bengaluru
2019-08-06,21.7,87,22.8,Bengaluru
2019-08-07,23.0,81,26.4,Bengaluru
2019-08-08,22.8,82,25.4,Bengaluru
2019-08-09,22.3,85,23.1,Bengaluru
2019-08-10,21.5,89,20.2,Bengaluru
2019-08-11,22.9,77,20.7,Bengaluru
2019-08-12,22.6,81,17.4,Bengaluru
2019-08-13,22.9,85,14.1,Bengaluru
2019-08-14,22.0,89,15.5,Bengaluru
2019-08-15,22.6,84,15.7,Bengaluru
2019-08-16,22.1,87,13.2,Bengaluru
2019-08-17,21.5,92,10.6,Bengaluru
2019-08-18,22.2,88,10.4,Bengaluru
2019-08-19,23.0,86,8.5,Bengaluru
2019-08-20,22.6,87,10.4,Bengaluru
2019-08-21,22.4,86,13.5,Bengaluru
2019-08-22,21.7,87,14.9,Bengaluru
2019-08-23,22.1,85,17.0,Bengaluru
2019-08-24,21.8,86,16.9,Bengaluru
2019-08-25,22.4,82,17.3,Bengaluru
2019-08-26,22.7,82,17.5,Bengaluru
2019-08-27,22.5,82,18.3,Bengaluru
2019-08-28,23.1,80,16.2,Bengaluru
2019-08-29,23.1,82,15.2,Bengaluru
2019-08-30,22.9,80,18.2,Bengaluru
2019-08-31,22.5,82,16.0,Bengaluru
2019-09-01,21.6,88,16.9,Bengaluru
2019-09-02,22.3,86,17.0,Bengaluru
2019-09-03,22.0,86,18.8,Bengaluru
2019-09-04,22.5,83,19.4,Bengaluru
2019-09-05,22.6,82,20.9,Bengaluru
2019-09-06,23.3,76,24.3,Bengaluru
2019-09-07,23.1,77,23.3,Bengaluru
2019-09-08,23.0,78,21.8,Bengaluru
2019-09-09,23.3,78,19.0,Bengaluru
2019-09-10,23.2,81,15.2,Bengaluru
2019-09-11,23.0,82,13.5,Bengaluru
2019-09-12,23.0,84,12.7,Bengaluru
2019-09-13,23.2,80,11.9,Bengaluru
2019-09-14,23.4,78,10.4,Bengaluru
2019-09-15,23.2,81,11.6,Bengaluru
2019-09-16,22.7,83,13.9,Bengaluru
2019-09-17,21.3,91,11.2,Bengaluru
2019-09-18,23.1,82,10.9,Bengaluru
2019-09-19,22.9,85,10.4,Bengaluru
2019-09-20,23.2,78,9.7,Bengaluru
2019-09-21,24.0,75,6.5,Bengaluru
2019-09-22,22.4,89,5.9,Bengaluru
2019-09-23,22.5,89,5.4,Bengaluru
2019-09-24,22.5,87,7.5,Bengaluru
2019-09-25,22.5,87,10.6,Bengaluru
2019-09-26,22.1,86,12.0,Bengaluru
2019-09-27,22.7,85,6.4,Bengaluru
2019-09-28,23.4,78,6.9,Bengaluru
2019-09-29,23.4,77,9.3,Bengaluru
2019-09-30,23.3,81,11.9,Bengaluru
2019-10-01,22.7,85,6.3,Bengaluru
2019-10-02,23.6,79,4.7,Bengaluru
2019-10-03,23.3,81,6.2,Bengaluru
2019-10-04,22.8,84,6.5,Bengaluru
2019-10-05,22.7,84,5.2,Bengaluru
2019-10-06,22.4,85,5.2,Bengaluru
2019-10-07,22.5,86,5.4,Bengaluru
2019-10-08,22.5,86,4.7,Bengaluru
2019-10-09,22.7,85,5.1,Bengaluru
2019-10-10,22.5,86,6.2,Bengaluru
2019-10-11,23.2,80,4.2,Bengaluru
2019-10-12,23.4,79,8.8,Bengaluru
2019-10-13,23.3,82,9.4,Bengaluru
2019-10-14,23.6,78,9.8,Bengaluru
2019-10-15,22.9,85,11.1,Bengaluru
2019-10-16,22.3,87,12.7,Bengaluru
2019-10-17,21.5,89,12.0,Bengaluru
2019-10-18,22.4,84,12.7,Bengaluru
2019-10-19,22.6,84,11.6,Bengaluru
2019-10-20,22.4,86,11.0,Bengaluru
2019-10-21,21.9,89,6.6,Bengaluru
2019-10-22,21.1,93,7.4,Bengaluru
2019-10-23,21.8,89,11.0,Bengaluru
2019-10-24,22.3,80,15.8,Bengaluru
2019-10-25,21.4,85,14.1,Bengaluru
2019-10-26,21.3,86,10.3,Bengaluru
2019-10-27,21.9,83,6.0,Bengaluru
2019-10-28,22.3,83,11.0,Bengaluru
2019-10-29,21.6,86,15.2,Bengaluru
2019-10-30,20.8,92,16.8,Bengaluru
2019-10-31,21.2,90,14.2,Bengaluru
2019-11-01,22.1,82,6.5,Bengaluru
2019-11-02,22.7,81,7.8,Bengaluru
2019-11-03,22.9,78,9.3,Bengaluru
2019-11-04,22.2,72,8.7,Bengaluru
2019-11-05,22.7,74,9.7,Bengaluru
2019-11-06,22.8,77,6.1,Bengaluru
2019-11-07,22.7,80,5.4,Bengaluru
2019-11-08,22.7,86,4.9,Bengaluru
2019-11-09,23.0,79,7.7,Bengaluru
2019-11-10,23.1,77,5.7,Bengaluru
2019-11-11,22.8,73,8.8,Bengaluru
2019-11-12,22.3,72,13.3,Bengaluru
2019-11-13,22.0,73,14.9,Bengaluru
2019-11-14,21.6,83,13.7,Bengaluru
2019-11-15,22.0,85,9.5,Bengaluru
2019-11-16,22.3,80,11.6,Bengaluru
2019-11-17,22.9,70,12.2,Bengaluru
2019-11-18,22.9,77,14.7,Bengaluru
2019-11-19,23.3,77,10.2,Bengaluru
2019-11-20,22.4,83,15.4,Bengaluru
2019-11-21,22.3,82,15.1,Bengaluru
2019-11-22,22.1,77,15.3,Bengaluru
2019-11-23,21.4,73,14.7,Bengaluru
2019-11-24,21.6,72,12.4,Bengaluru
2019-11-25,21.8,71,16.4,Bengaluru
2019-11-26,21.6,71,15.7,Bengaluru
2019-11-27,22.3,80,16.4,Bengaluru
2019-11-28,22.0,83,15.8,Bengaluru
2019-11-29,22.6,79,15.6,Bengaluru
2019-11-30,21.9,83,17.7,Bengaluru
2019-12-01,20.7,94,15.2,Bengaluru
2019-12-02,21.3,84,17.0,Bengaluru
2019-12-03,20.9,81,16.4,Bengaluru
2019-12-04,21.1,79,19.0,Bengaluru
2019-12-05,20.3,79,16.3,Bengaluru
2019-12-06,20.7,76,15.5,Bengaluru
2019-12-07,19.7,84,14.0,Bengaluru
2019-12-08,20.9,82,14.1,Bengaluru
2019-12-09,20.7,76,15.2,Bengaluru
2019-12-10,20.7,75,13.6,Bengaluru
2019-12-11,21.1,70,10.2,Bengaluru
2019-12-12,20.8,73,12.8,Bengaluru
2019-12-13,21.4,75,13.5,Bengaluru
2019-12-14,20.6,89,14.4,Bengaluru
2019-12-15,21.1,74,15.3,Bengaluru
2019-12-16,20.5,80,12.2,Bengaluru
2019-12-17,21.6,75,15.7,Bengaluru
2019-12-18,21.0,75,15.4,Bengaluru
2019-12-19,21.1,76,15.6,Bengaluru
2019-12-20,20.4,75,13.6,Bengaluru
2019-12-21,21.4,76,14.6,Bengaluru
2019-12-22,21.5,72,14.1,Bengaluru
2019-12-23,21.6,72,12.4,Bengaluru
2019-12-24,21.3,80,12.7,Bengaluru
2019-12-25,21.9,79,13.2,Bengaluru
2019-12-26,23.0,73,7.9,Bengaluru
2019-12-27,22.8,72,11.3,Bengaluru
2019-12-28,21.7,73,13.3,Bengaluru
2019-12-29,21.4,71,14.1,Bengaluru
2019-12-30,21.4,71,13.7,Bengaluru
2019-12-31,21.5,75,13.0,Bengaluru
2020-01-01,21.6,80,13.7,Bengaluru
2020-01-02,22.4,77,11.8,Bengaluru
2020-01-03,23.0,73,9.0,Bengaluru
2020-01-04,23.4,70,7.7,Bengaluru
2020-01-05,23.3,73,9.2,Bengaluru
2020-01-06,22.4,78,15.6,Bengaluru
2020-01-07,22.0,73,14.9,Bengaluru
2020-01-08,22.5,67,10.8,Bengaluru
2020-01-09,22.8,67,9.3,Bengaluru
2020-01-10,21.7,67,15.8,Bengaluru
2020-01-11,20.9,64,15.7,Bengaluru
2020-01-12,20.6,70,13.3,Bengaluru
2020-01-13,22.2,65,7.4,Bengaluru
2020-01-14,22.0,61,10.4,Bengaluru
2020-01-15,20.7,60,12.7,Bengaluru
2020-01-16,21.0,65,10.1,Bengaluru
2020-01-17,21.7,63,11.9,Bengaluru
2020-01-18,22.1,77,15.9,Bengaluru
2020-01-19,22.7,70,14.2,Bengaluru
2020-01-20,23.3,62,12.8,Bengaluru
2020-01-21,22.1,60,17.8,Bengaluru
2020-01-22,21.8,69,18.1,Bengaluru
2020-01-23,22.3,66,16.3,Bengaluru
2020-01-24,22.3,56,13.3,Bengaluru
2020-01-25,22.1,45,12.3,Bengaluru
2020-01-26,22.5,51,10.0,Bengaluru
2020-01-27,23.1,54,10.3,Bengaluru
2020-01-28,23.1,58,9.5,Bengaluru
2020-01-29,23.9,58,7.7,Bengaluru
2020-01-30,23.9,54,8.2,Bengaluru
2020-01-31,24.3,54,9.3,Bengaluru
2020-02-01,23.0,62,13.2,Bengaluru
2020-02-02,22.9,61,14.9,Bengaluru
2020-02-03,22.5,53,14.6,Bengaluru
2020-02-04,22.0,59,14.0,Bengaluru
2020-02-05,22.9,62,9.9,Bengaluru
2020-02-06,23.0,60,9.2,Bengaluru
2020-02-07,23.1,63,11.0,Bengaluru
2020-02-08,23.8,60,10.1,Bengaluru
2020-02-09,22.8,65,12.8,Bengaluru
2020-02-10,22.7,64,17.4,Bengaluru
2020-02-11,21.9,63,19.0,Bengaluru
2020-02-12,22.7,64,16.3,Bengaluru
2020-02-13,23.5,57,13.2,Bengaluru
2020-02-14,23.7,55,7.9,Bengaluru
2020-02-15,23.9,47,8.8,Bengaluru
2020-02-16,23.8,38,13.9,Bengaluru
2020-02-17,22.8,46,13.8,Bengaluru
2020-02-18,23.0,47,14.0,Bengaluru
2020-02-19,23.1,54,13.4,Bengaluru
2020-02-20,22.8,54,15.0,Bengaluru
2020-02-21,22.8,56,14.7,Bengaluru
2020-02-22,23.3,62,16.7,Bengaluru
2020-02-23,23.5,60,15.4,Bengaluru
2020-02-24,23.5,58,14.2,Bengaluru
2020-02-25,24.5,54,10.1,Bengaluru
2020-02-26,24.6,59,12.0,Bengaluru
2020-02-27,24.5,58,13.0,Bengaluru
2020-02-28,24.1,60,14.1,Bengaluru
2020-02-29,24.5,57,13.6,Bengaluru
2020-03-01,24.5,59,13.1,Bengaluru
2020-03-02,24.1,62,6.8,Bengaluru
2020-03-03,25.3,55,6.1,Bengaluru
2020-03-04,25.4,58,8.2,Bengaluru
2020-03-05,25.1,62,10.5,Bengaluru
2020-03-06,24.3,68,10.3,Bengaluru
2020-03-07,24.2,72,9.1,Bengaluru
2020-03-08,24.7,68,10.7,Bengaluru
2020-03-09,24.7,67,9.4,Bengaluru
2020-03-10,25.3,58,10.0,Bengaluru
2020-03-11,25.7,57,11.1,Bengaluru
2020-03-12,25.8,51,10.5,Bengaluru
2020-03-13,25.4,52,11.3,Bengaluru
2020-03-14,25.3,52,10.9,Bengaluru
2020-03-15,25.6,56,12.3,Bengaluru
2020-03-16,25.5,59,12.9,Bengaluru
2020-03-17,25.6,54,16.0,Bengaluru
2020-03-18,26.2,46,15.0,Bengaluru
2020-03-19,26.8,44,10.5,Bengaluru
2020-03-20,25.3,56,10.5,Bengaluru
2020-03-21,26.9,51,8.9,Bengaluru
2020-03-22,26.3,54,9.4,Bengaluru
2020-03-23,25.1,63,9.9,Bengaluru
2020-03-24,26.7,55,9.7,Bengaluru
2020-03-25,26.1,51,12.6,Bengaluru
2020-03-26,26.2,51,13.0,Bengaluru
2020-03-27,25.7,49,11.3,Bengaluru
2020-03-28,25.9,42,11.6,Bengaluru
2020-03-29,26.5,37,12.7,Bengaluru
2020-03-30,26.9,42,12.2,Bengaluru
2020-03-31,26.8,39,14.0,Bengaluru
2020-04-01,27.6,36,15.1,Bengaluru
2020-04-02,28.0,38,12.8,Bengaluru
2020-04-03,27.9,42,12.1,Bengaluru
2020-04-04,27.5,43,10.9,Bengaluru
2020-04-05,27.8,51,9.5,Bengaluru
2020-04-06,27.4,59,6.9,Bengaluru
2020-04-07,25.3,70,7.0,Bengaluru
2020-04-08,26.2,61,6.6,Bengaluru
2020-04-09,25.4,67,8.6,Bengaluru
2020-04-10,25.8,61,10.1,Bengaluru
2020-04-11,26.3,58,11.4,Bengaluru
2020-04-12,26.5,48,10.9,Bengaluru
2020-04-13,27.1,37,11.7,Bengaluru
2020-04-14,27.1,34,13.4,Bengaluru
2020-04-15,27.0,40,11.0,Bengaluru
2020-04-16,27.5,46,10.6,Bengaluru
2020-04-17,28.2,44,11.9,Bengaluru
2020-04-18,28.1,51,11.0,Bengaluru
2020-04-19,27.9,51,12.7,Bengaluru
2020-04-20,27.4,51,13.3,Bengaluru
2020-04-21,27.4,47,8.8,Bengaluru
2020-04-22,28.0,48,10.1,Bengaluru
2020-04-23,28.7,50,8.0,Bengaluru
2020-04-24,27.5,57,8.4,Bengaluru
2020-04-25,26.4,68,9.0,Bengaluru
2020-04-26,26.5,64,6.6,Bengaluru
2020-04-27,26.6,65,8.3,Bengaluru
2020-04-28,26.6,64,7.7,Bengaluru
2020-04-29,23.6,77,5.7,Bengaluru
2020-04-30,26.3,57,6.6,Bengaluru
2020-05-01,27.2,54,8.3,Bengaluru
2020-05-02,27.8,52,6.9,Bengaluru
2020-05-03,28.0,52,7.7,Bengaluru
2020-05-04,28.1,50,7.7,Bengaluru
2020-05-05,28.2,48,7.1,Bengaluru
2020-05-06,28.4,48,7.4,Bengaluru
2020-05-07,28.0,55,7.6,Bengaluru
2020-05-08,27.7,59,7.5,Bengaluru
2020-05-09,28.5,54,11.3,Bengaluru
2020-05-10,28.3,51,11.2,Bengaluru
2020-05-11,27.9,49,10.7,Bengaluru
2020-05-12,27.6,55,11.6,Bengaluru
2020-05-13,27.4,58,8.6,Bengaluru
2020-05-14,28.7,49,10.0,Bengaluru
2020-05-15,28.8,51,9.5,Bengaluru
2020-05-16,28.4,53,9.7,Bengaluru
2020-05-17,27.5,63,11.0,Bengaluru
2020-05-18,26.3,72,15.7,Bengaluru
2020-05-19,26.3,67,19.1,Bengaluru
2020-05-20,26.7,61,15.7,Bengaluru
2020-05-21,27.3,59,11.8,Bengaluru
2020-05-22,28.0,58,10.9,Bengaluru
2020-05-23,29.1,53,9.2,Bengaluru
2020-05-24,27.9,61,9.8,Bengaluru
2020-05-25,28.2,59,8.0,Bengaluru
2020-05-26,27.5,63,9.7,Bengaluru
2020-05-27,26.3,77,8.7,Bengaluru
2020-05-28,26.6,73,10.9,Bengaluru
2020-05-29,25.7,78,10.8,Bengaluru
2020-05-30,25.0,81,7.3,Bengaluru
2020-05-31,25.4,78,8.5,Bengaluru
2020-06-01,24.6,80,10.0,Bengaluru
2020-06-02,23.7,80,14.9,Bengaluru
2020-06-03,24.0,76,17.9,Bengaluru
2020-06-04,24.2,77,17.0,Bengaluru
2020-06-05,23.9,81,13.2,Bengaluru
2020-06-06,23.8,80,13.0,Bengaluru
2020-06-07,23.5,79,13.7,Bengaluru
2020-06-08,24.8,67,14.3,Bengaluru
2020-06-09,24.9,71,14.3,Bengaluru
2020-06-10,23.7,78,15.1,Bengaluru
2020-06-11,22.7,84,17.0,Bengaluru
2020-06-12,22.6,80,20.8,Bengaluru
2020-06-13,23.6,78,19.2,Bengaluru
2020-06-14,24.0,78,20.5,Bengaluru
2020-06-15,24.8,72,20.3,Bengaluru
2020-06-16,24.3,76,19.5,Bengaluru
2020-06-17,23.4,80,20.4,Bengaluru
2020-06-18,23.9,75,20.7,Bengaluru
2020-06-19,24.3,76,17.1,Bengaluru
2020-06-20,24.5,75,15.6,Bengaluru
2020-06-21,23.7,79,16.9,Bengaluru
2020-06-22,23.3,80,16.4,Bengaluru
2020-06-23,24.7,70,12.1,Bengaluru
2020-06-24,24.0,78,7.8,Bengaluru
2020-06-25,23.7,83,6.6,Bengaluru
2020-06-26,23.5,85,6.7,Bengaluru
2020-06-27,23.6,83,10.4,Bengaluru
2020-06-28,23.5,85,8.8,Bengaluru
2020-06-29,23.4,85,8.7,Bengaluru
2020-06-30,23.3,84,13.6,Bengaluru
2020-07-01,23.3,82,13.8,Bengaluru
2015-01-01,16.2,85,8.3,Lucknow
2015-01-02,16.9,88,11.5,Lucknow
2015-01-03,17.6,91,4.8,Lucknow
2015-01-04,16.6,83,11.0,Lucknow
2015-01-05,15.3,73,17.7,Lucknow
2015-01-06,14.9,77,10.3,Lucknow
2015-01-07,15.4,81,5.4,Lucknow
2015-01-08,15.7,77,5.9,Lucknow
2015-01-09,14.1,81,7.5,Lucknow
2015-01-10,13.8,81,9.5,Lucknow
2015-01-11,12.0,87,4.9,Lucknow
2015-01-12,12.8,81,3.8,Lucknow
2015-01-13,11.8,87,4.7,Lucknow
2015-01-14,12.4,85,6.7,Lucknow
2015-01-15,14.4,80,5.5,Lucknow
2015-01-16,13.8,79,6.3,Lucknow
2015-01-17,13.8,78,5.9,Lucknow
2015-01-18,13.9,79,8.1,Lucknow
2015-01-19,13.3,81,7.1,Lucknow
2015-01-20,12.2,83,5.9,Lucknow
2015-01-21,12.4,85,7.8,Lucknow
2015-01-22,13.8,78,7.9,Lucknow
2015-01-23,14.7,79,6.6,Lucknow
2015-01-24,16.1,78,10.5,Lucknow
2015-01-25,14.9,78,8.1,Lucknow
2015-01-26,15.3,84,3.6,Lucknow
2015-01-27,16.6,78,7.9,Lucknow
2015-01-28,14.9,70,9.3,Lucknow
2015-01-29,13.5,73,9.2,Lucknow
2015-01-30,13.4,66,13.2,Lucknow
2015-01-31,13.4,67,11.3,Lucknow
2015-02-01,14.3,74,4.6,Lucknow
2015-02-02,16.2,75,10.4,Lucknow
2015-02-03,18.0,77,11.1,Lucknow
2015-02-04,17.2,79,10.3,Lucknow
2015-02-05,15.5,77,10.2,Lucknow
2015-02-06,15.0,73,6.8,Lucknow
2015-02-07,16.2,74,8.3,Lucknow
2015-02-08,16.1,86,6.8,Lucknow
2015-02-09,17.3,76,8.7,Lucknow
2015-02-10,16.8,67,9.9,Lucknow
2015-02-11,16.2,64,8.9,Lucknow
2015-02-12,17.1,68,8.1,Lucknow
2015-02-13,17.2,65,10.1,Lucknow
2015-02-14,18.6,66,6.6,Lucknow
2015-02-15,19.7,69,9.9,Lucknow
2015-02-16,19.9,68,8.7,Lucknow
2015-02-17,20.6,71,9.5,Lucknow
2015-02-18,21.2,71,7.4,Lucknow
2015-02-19,21.1,70,6.5,Lucknow
2015-02-20,21.4,74,7.6,Lucknow
2015-02-21,22.4,66,10.2,Lucknow
2015-02-22,21.7,68,10.0,Lucknow
2015-02-23,22.4,70,3.6,Lucknow
2015-02-24,23.5,69,4.1,Lucknow
2015-02-25,24.2,70,9.3,Lucknow
2015-02-26,21.8,79,9.1,Lucknow
2015-02-27,21.4,71,6.9,Lucknow
2015-02-28,23.2,60,5.2,Lucknow
2015-03-01,18.3,88,14.6,Lucknow
2015-03-02,18.5,85,17.3,Lucknow
2015-03-03,18.8,87,5.5,Lucknow
2015-03-04,17.6,72,12.0,Lucknow
2015-03-05,17.5,64,10.8,Lucknow
2015-03-06,18.6,68,10.8,Lucknow
2015-03-07,20.4,67,9.2,Lucknow
2015-03-08,21.1,69,7.2,Lucknow
2015-03-09,22.1,61,8.5,Lucknow
2015-03-10,19.5,59,12.5,Lucknow
2015-03-11,18.8,61,10.2,Lucknow
2015-03-12,20.0,63,8.8,Lucknow
2015-03-13,22.5,61,10.0,Lucknow
2015-03-14,22.7,75,7.3,Lucknow
2015-03-15,21.6,78,8.4,Lucknow
2015-03-16,20.6,83,5.0,Lucknow
2015-03-17,22.3,70,10.9,Lucknow
2015-03-18,21.3,63,14.0,Lucknow
2015-03-19,21.1,63,10.8,Lucknow
2015-03-20,21.5,60,8.6,Lucknow
2015-03-21,22.8,59,9.4,Lucknow
2015-03-22,24.9,54,11.5,Lucknow
2015-03-23,24.8,52,10.5,Lucknow
2015-03-24,25.1,58,6.4,Lucknow
2015-03-25,27.3,51,4.6,Lucknow
2015-03-26,27.9,51,4.8,Lucknow
2015-03-27,28.5,50,6.1,Lucknow
2015-03-28,27.7,53,8.3,Lucknow
2015-03-29,27.6,50,9.5,Lucknow
2015-03-30,23.0,77,9.8,Lucknow
2015-03-31,24.5,69,7.7,Lucknow
2015-04-01,26.4,57,6.9,Lucknow
2015-04-02,28.2,51,8.6,Lucknow
2015-04-03,27.7,50,8.5,Lucknow
2015-04-04,25.6,52,10.2,Lucknow
2015-04-05,25.5,50,6.7,Lucknow
2015-04-06,26.3,45,7.3,Lucknow
2015-04-07,26.4,44,7.6,Lucknow
2015-04-08,26.9,43,9.2,Lucknow
2015-04-09,27.6,35,15.1,Lucknow
2015-04-10,28.2,34,12.3,Lucknow
2015-04-11,29.2,33,6.8,Lucknow
2015-04-12,27.4,46,12.2,Lucknow
2015-04-13,24.8,66,12.2,Lucknow
2015-04-14,24.5,75,9.5,Lucknow
2015-04-15,24.3,78,5.3,Lucknow
2015-04-16,26.0,67,6.0,Lucknow
2015-04-17,27.4,55,11.3,Lucknow
2015-04-18,29.2,51,8.0,Lucknow
2015-04-19,30.5,50,7.5,Lucknow
2015-04-20,31.2,55,11.4,Lucknow
2015-04-21,31.6,46,8.8,Lucknow
2015-04-22,31.6,27,13.1,Lucknow
2015-04-23,31.3,27,8.0,Lucknow
2015-04-24,30.3,34,10.9,Lucknow
2015-04-25,28.0,57,22.8,Lucknow
2015-04-26,27.1,59,17.4,Lucknow
2015-04-27,28.3,55,13.4,Lucknow
2015-04-28,28.8,58,12.9,Lucknow
2015-04-29,28.9,58,10.6,Lucknow
2015-04-30,29.7,55,9.7,Lucknow
2015-05-01,30.7,50,11.9,Lucknow
2015-05-02,31.2,41,6.9,Lucknow
2015-05-03,30.7,36,7.6,Lucknow
2015-05-04,31.7,30,8.3,Lucknow
2015-05-05,32.8,28,7.5,Lucknow
2015-05-06,32.7,31,7.5,Lucknow
2015-05-07,32.7,32,6.5,Lucknow
2015-05-08,32.6,45,8.2,Lucknow
2015-05-09,32.8,48,9.4,Lucknow
2015-05-10,32.8,45,8.8,Lucknow
2015-05-11,32.4,39,9.5,Lucknow
2015-05-12,31.9,51,7.0,Lucknow
2015-05-13,32.0,55,7.1,Lucknow
2015-05-14,31.9,54,7.9,Lucknow
2015-05-15,32.6,45,10.0,Lucknow
2015-05-16,31.5,42,9.0,Lucknow
2015-05-17,32.0,47,5.6,Lucknow
2015-05-18,33.5,43,8.1,Lucknow
2015-05-19,34.2,49,10.1,Lucknow
2015-05-20,34.1,37,11.8,Lucknow
2015-05-21,34.7,27,13.0,Lucknow
2015-05-22,35.1,24,11.6,Lucknow
2015-05-23,35.5,23,11.5,Lucknow
2015-05-24,35.8,23,9.2,Lucknow
2015-05-25,35.7,27,5.6,Lucknow
2015-05-26,35.4,40,11.6,Lucknow
2015-05-27,34.3,48,8.5,Lucknow
2015-05-28,35.1,30,8.8,Lucknow
2015-05-29,35.8,27,9.0,Lucknow
2015-05-30,35.6,30,9.0,Lucknow
2015-05-31,35.1,29,10.8,Lucknow
2015-06-01,34.5,27,7.8,Lucknow
2015-06-02,34.4,32,5.3,Lucknow
2015-06-03,34.6,34,6.0,Lucknow
2015-06-04,34.4,39,6.5,Lucknow
2015-06-05,34.6,42,6.4,Lucknow
2015-06-06,35.4,31,12.5,Lucknow
2015-06-07,35.7,29,10.3,Lucknow
2015-06-08,37.0,28,9.4,Lucknow
2015-06-09,37.6,25,14.0,Lucknow
2015-06-10,37.6,27,19.8,Lucknow
2015-06-11,36.9,33,15.9,Lucknow
2015-06-12,36.4,36,13.9,Lucknow
2015-06-13,33.6,51,11.3,Lucknow
2015-06-14,31.6,60,8.0,Lucknow
2015-06-15,32.1,58,8.2,Lucknow
2015-06-16,32.5,56,7.4,Lucknow
2015-06-17,33.3,53,9.0,Lucknow
2015-06-18,33.7,53,9.1,Lucknow
2015-06-19,33.5,58,15.0,Lucknow
2015-06-20,34.4,51,17.1,Lucknow
2015-06-21,34.8,49,19.8,Lucknow
2015-06-22,34.1,49,18.0,Lucknow
2015-06-23,33.9,53,9.8,Lucknow
2015-06-24,32.5,63,4.8,Lucknow
2015-06-25,28.8,77,9.8,Lucknow
2015-06-26,29.0,75,12.7,Lucknow
2015-06-27,31.0,69,9.8,Lucknow
2015-06-28,27.7,83,10.4,Lucknow
2015-06-29,26.2,86,15.1,Lucknow
2015-06-30,26.3,88,10.6,Lucknow
2015-07-01,28.7,77,9.7,Lucknow
2015-07-02,30.1,76,7.4,Lucknow
2015-07-03,31.3,69,12.3,Lucknow
2015-07-04,32.4,61,14.6,Lucknow
2015-07-05,31.9,68,8.8,Lucknow
2015-07-06,27.8,88,6.4,Lucknow
2015-07-07,27.3,89,6.5,Lucknow
2015-07-08,28.6,82,7.7,Lucknow
2015-07-09,28.2,87,4.5,Lucknow
2015-07-10,28.0,83,15.8,Lucknow
2015-07-11,25.8,90,28.2,Lucknow
2015-07-12,26.9,89,12.7,Lucknow
2015-07-13,29.2,80,7.8,Lucknow
2015-07-14,30.4,77,11.1,Lucknow
2015-07-15,30.9,73,14.4,Lucknow
2015-07-16,27.7,88,6.6,Lucknow
2015-07-17,26.9,88,8.4,Lucknow
2015-07-18,27.9,86,9.5,Lucknow
2015-07-19,28.7,84,10.2,Lucknow
2015-07-20,28.9,81,13.6,Lucknow
2015-07-21,29.4,75,15.4,Lucknow
2015-07-22,29.1,78,15.2,Lucknow
2015-07-23,28.3,80,14.7,Lucknow
2015-07-24,27.3,89,11.4,Lucknow
2015-07-25,27.6,86,13.9,Lucknow
2015-07-26,28.4,79,11.3,Lucknow
2015-07-27,28.9,73,9.7,Lucknow
2015-07-28,28.9,72,10.7,Lucknow
2015-07-29,28.8,70,13.3,Lucknow
2015-07-30,28.9,75,11.5,Lucknow
2015-07-31,28.5,80,9.4,Lucknow
2015-08-01,27.2,86,3.1,Lucknow
2015-08-02,28.6,83,4.7,Lucknow
2015-08-03,29.3,79,6.4,Lucknow
2015-08-04,29.7,74,13.6,Lucknow
2015-08-05,29.3,73,9.5,Lucknow
2015-08-06,28.8,72,6.8,Lucknow
2015-08-07,27.5,87,9.0,Lucknow
2015-08-08,28.2,83,5.8,Lucknow
2015-08-09,28.7,86,4.4,Lucknow
2015-08-10,29.1,86,5.2,Lucknow
2015-08-11,27.4,89,10.4,Lucknow
2015-08-12,28.4,84,7.1,Lucknow
2015-08-13,29.6,82,10.9,Lucknow
2015-08-14,29.7,81,9.4,Lucknow
2015-08-15,28.0,88,6.5,Lucknow
2015-08-16,27.6,91,3.6,Lucknow
2015-08-17,27.8,88,6.0,Lucknow
2015-08-18,27.2,89,6.7,Lucknow
2015-08-19,28.8,83,14.8,Lucknow
2015-08-20,29.1,78,15.2,Lucknow
2015-08-21,28.8,75,11.6,Lucknow
2015-08-22,27.0,87,6.2,Lucknow
2015-08-23,27.8,84,5.9,Lucknow
2015-08-24,28.0,84,9.8,Lucknow
2015-08-25,29.5,77,11.3,Lucknow
2015-08-26,29.7,79,7.5,Lucknow
2015-08-27,27.3,89,7.5,Lucknow
2015-08-28,27.8,87,6.4,Lucknow
2015-08-29,28.9,84,4.4,Lucknow
2015-08-30,30.0,81,6.4,Lucknow
2015-08-31,30.3,75,10.7,Lucknow
2015-09-01,29.7,68,13.6,Lucknow
2015-09-02,29.2,67,11.3,Lucknow
2015-09-03,29.2,69,7.1,Lucknow
2015-09-04,29.4,65,8.3,Lucknow
2015-09-05,29.4,62,10.0,Lucknow
2015-09-06,29.5,60,11.2,Lucknow
2015-09-07,29.1,61,9.7,Lucknow
2015-09-08,29.1,63,10.6,Lucknow
2015-09-09,29.2,63,10.6,Lucknow
2015-09-10,28.8,68,7.9,Lucknow
2015-09-11,29.3,79,6.9,Lucknow
2015-09-12,28.7,83,11.6,Lucknow
2015-09-13,29.4,81,5.7,Lucknow
2015-09-14,29.5,82,4.0,Lucknow
2015-09-15,28.8,80,9.2,Lucknow
2015-09-16,28.9,77,10.3,Lucknow
2015-09-17,28.6,80,14.2,Lucknow
2015-09-18,29.8,74,14.3,Lucknow
2015-09-19,30.4,72,8.0,Lucknow
2015-09-20,29.6,78,7.2,Lucknow
2015-09-21,28.2,82,6.2,Lucknow
2015-09-22,29.0,78,5.8,Lucknow
2015-09-23,29.4,68,15.1,Lucknow
2015-09-24,28.5,61,17.0,Lucknow
2015-09-25,27.4,59,11.2,Lucknow
2015-09-26,27.4,63,7.8,Lucknow
2015-09-27,28.1,64,7.5,Lucknow
2015-09-28,28.1,64,6.4,Lucknow
2015-09-29,28.0,64,5.2,Lucknow
2015-09-30,28.8,63,4.0,Lucknow
2015-10-01,29.9,63,4.1,Lucknow
2015-10-02,29.2,60,7.1,Lucknow
2015-10-03,27.7,54,9.8,Lucknow
2015-10-04,28.9,55,4.9,Lucknow
2015-10-05,29.0,60,5.7,Lucknow
2015-10-06,29.6,58,4.7,Lucknow
2015-10-07,28.8,57,4.6,Lucknow
2015-10-08,28.5,56,5.4,Lucknow
2015-10-09,28.6,55,9.6,Lucknow
2015-10-10,29.0,52,7.7,Lucknow
2015-10-11,28.4,58,6.9,Lucknow
2015-10-12,27.7,65,13.2,Lucknow
2015-10-13,27.2,68,7.8,Lucknow
2015-10-14,27.9,66,9.0,Lucknow
2015-10-15,27.5,68,8.6,Lucknow
2015-10-16,27.0,70,5.2,Lucknow
2015-10-17,27.6,64,6.1,Lucknow
2015-10-18,27.9,64,5.8,Lucknow
2015-10-19,27.8,64,5.3,Lucknow
2015-10-20,28.4,59,6.9,Lucknow
2015-10-21,28.1,55,7.5,Lucknow
2015-10-22,27.1,51,9.2,Lucknow
2015-10-23,25.7,46,10.4,Lucknow
2015-10-24,25.7,49,7.2,Lucknow
2015-10-25,26.2,52,8.9,Lucknow
2015-10-26,26.8,57,7.8,Lucknow
2015-10-27,25.9,59,6.1,Lucknow
2015-10-28,23.2,68,5.0,Lucknow
2015-10-29,20.5,84,5.7,Lucknow
2015-10-30,21.1,75,3.7,Lucknow
2015-10-31,22.8,69,6.0,Lucknow
2015-11-01,23.8,69,6.7,Lucknow
2015-11-02,24.7,69,4.8,Lucknow
2015-11-03,24.6,66,6.1,Lucknow
2015-11-04,24.4,65,7.8,Lucknow
2015-11-05,24.3,67,7.3,Lucknow
2015-11-06,24.1,64,5.7,Lucknow
2015-11-07,24.1,62,6.0,Lucknow
2015-11-08,24.5,64,5.9,Lucknow
2015-11-09,24.6,66,5.3,Lucknow
2015-11-10,24.2,64,6.9,Lucknow
2015-11-11,24.3,56,10.8,Lucknow
2015-11-12,22.8,54,8.1,Lucknow
2015-11-13,23.0,58,8.7,Lucknow
2015-11-14,23.9,61,8.5,Lucknow
2015-11-15,23.9,60,8.2,Lucknow
2015-11-16,24.1,58,8.7,Lucknow
2015-11-17,23.8,52,8.7,Lucknow
2015-11-18,21.3,46,7.5,Lucknow
2015-11-19,21.0,57,5.8,Lucknow
2015-11-20,21.2,61,6.4,Lucknow
2015-11-21,21.1,63,5.6,Lucknow
2015-11-22,21.7,63,5.3,Lucknow
2015-11-23,22.0,65,6.0,Lucknow
2015-11-24,21.8,63,6.7,Lucknow
2015-11-25,20.7,56,9.0,Lucknow
2015-11-26,20.0,55,7.3,Lucknow
2015-11-27,21.4,59,9.5,Lucknow
2015-11-28,23.4,56,12.3,Lucknow
2015-11-29,23.5,70,7.2,Lucknow
2015-11-30,24.1,73,5.9,Lucknow
2015-12-01,23.8,74,9.3,Lucknow
2015-12-02,22.2,73,7.5,Lucknow
2015-12-03,21.5,68,9.6,Lucknow
2015-12-04,19.5,62,8.4,Lucknow
2015-12-05,19.1,71,5.3,Lucknow
2015-12-06,20.0,69,4.2,Lucknow
2015-12-07,19.7,72,5.0,Lucknow
2015-12-08,19.2,73,6.0,Lucknow
2015-12-09,19.4,71,5.5,Lucknow
2015-12-10,20.3,69,5.4,Lucknow
2015-12-11,21.0,68,11.9,Lucknow
2015-12-12,18.0,70,7.9,Lucknow
2015-12-13,15.7,64,7.6,Lucknow
2015-12-14,15.7,65,9.5,Lucknow
2015-12-15,14.7,58,10.3,Lucknow
2015-12-16,14.4,65,4.0,Lucknow
2015-12-17,14.4,69,6.6,Lucknow
2015-12-18,14.8,63,9.1,Lucknow
2015-12-19,14.8,59,7.5,Lucknow
2015-12-20,14.9,60,4.4,Lucknow
2015-12-21,13.7,66,5.7,Lucknow
2015-12-22,13.7,67,6.8,Lucknow
2015-12-23,13.8,66,7.0,Lucknow
2015-12-24,14.3,63,9.4,Lucknow
2015-12-25,13.9,54,10.9,Lucknow
2015-12-26,14.1,54,9.6,Lucknow
2015-12-27,15.4,55,9.3,Lucknow
2015-12-28,16.9,60,10.6,Lucknow
2015-12-29,17.6,56,11.1,Lucknow
2015-12-30,16.6,67,6.3,Lucknow
2015-12-31,16.9,73,6.8,Lucknow
2016-01-01,16.7,72,5.8,Lucknow
2016-01-02,16.2,68,7.4,Lucknow
2016-01-03,15.8,64,8.4,Lucknow
2016-01-04,16.2,67,5.1,Lucknow
2016-01-05,17.6,67,5.2,Lucknow
2016-01-06,18.9,68,4.6,Lucknow
2016-01-07,19.3,72,5.8,Lucknow
2016-01-08,19.3,72,9.3,Lucknow
2016-01-09,17.9,61,15.4,Lucknow
2016-01-10,16.5,60,9.6,Lucknow
2016-01-11,16.9,66,6.2,Lucknow
2016-01-12,17.4,67,4.9,Lucknow
2016-01-13,17.7,68,4.9,Lucknow
2016-01-14,18.5,69,5.9,Lucknow
2016-01-15,17.1,73,8.6,Lucknow
2016-01-16,14.7,69,11.4,Lucknow
2016-01-17,13.9,70,5.6,Lucknow
2016-01-18,14.2,73,6.7,Lucknow
2016-01-19,12.3,85,8.4,Lucknow
2016-01-20,13.8,72,8.1,Lucknow
2016-01-21,13.5,73,9.5,Lucknow
2016-01-22,12.4,72,8.5,Lucknow
2016-01-23,12.7,75,8.1,Lucknow
2016-01-24,14.7,72,4.6,Lucknow
2016-01-25,15.3,72,5.4,Lucknow
2016-01-26,14.7,73,5.2,Lucknow
2016-01-27,15.5,73,5.6,Lucknow
2016-01-28,17.2,73,6.0,Lucknow
2016-01-29,17.3,76,5.8,Lucknow
2016-01-30,19.3,75,9.0,Lucknow
2016-01-31,20.1,71,10.2,Lucknow
2016-02-01,18.9,61,10.5,Lucknow
2016-02-02,17.6,54,9.7,Lucknow
2016-02-03,15.3,55,12.3,Lucknow
2016-02-04,15.3,60,8.4,Lucknow
2016-02-05,15.8,66,8.2,Lucknow
2016-02-06,16.9,64,5.5,Lucknow
2016-02-07,18.0,69,12.5,Lucknow
2016-02-08,17.7,75,6.0,Lucknow
2016-02-09,17.7,71,7.5,Lucknow
2016-02-10,17.8,69,6.5,Lucknow
2016-02-11,18.5,62,6.0,Lucknow
2016-02-12,19.3,54,8.5,Lucknow
2016-02-13,20.2,50,6.8,Lucknow
2016-02-14,20.7,53,7.2,Lucknow
2016-02-15,20.9,56,6.7,Lucknow
2016-02-16,20.8,53,7.1,Lucknow
2016-02-17,21.7,57,9.6,Lucknow
2016-02-18,23.6,52,12.6,Lucknow
2016-02-19,25.0,58,14.1,Lucknow
2016-02-20,24.1,66,9.4,Lucknow
2016-02-21,22.1,69,15.6,Lucknow
2016-02-22,20.5,50,16.7,Lucknow
2016-02-23,20.0,52,11.2,Lucknow
2016-02-24,21.0,51,4.7,Lucknow
2016-02-25,20.8,57,7.5,Lucknow
2016-02-26,21.9,56,9.5,Lucknow
2016-02-27,21.8,65,7.5,Lucknow
2016-02-28,22.7,63,5.8,Lucknow
2016-02-29,23.1,61,6.7,Lucknow
2016-03-01,23.2,57,6.6,Lucknow
2016-03-02,24.4,54,4.6,Lucknow
2016-03-03,25.6,57,7.9,Lucknow
2016-03-04,25.7,49,9.0,Lucknow
2016-03-05,25.1,55,6.6,Lucknow
2016-03-06,24.5,57,8.0,Lucknow
2016-03-07,24.9,61,5.2,Lucknow
2016-03-08,24.3,69,6.9,Lucknow
2016-03-09,24.8,54,11.4,Lucknow
2016-03-10,24.4,51,11.8,Lucknow
2016-03-11,26.0,52,10.1,Lucknow
2016-03-12,26.5,53,9.1,Lucknow
2016-03-13,23.0,72,8.1,Lucknow
2016-03-14,22.5,69,7.6,Lucknow
2016-03-15,21.8,60,9.0,Lucknow
2016-03-16,22.7,44,13.9,Lucknow
2016-03-17,23.3,48,8.4,Lucknow
2016-03-18,25.0,47,7.4,Lucknow
2016-03-19,26.4,47,7.4,Lucknow
2016-03-20,27.2,48,9.1,Lucknow
2016-03-21,27.3,31,18.6,Lucknow
2016-03-22,24.6,28,19.4,Lucknow
2016-03-23,24.5,34,12.5,Lucknow
2016-03-24,26.1,43,5.3,Lucknow
2016-03-25,27.6,46,7.0,Lucknow
2016-03-26,29.1,46,8.6,Lucknow
2016-03-27,28.1,47,11.2,Lucknow
2016-03-28,27.2,46,9.7,Lucknow
2016-03-29,26.4,39,9.3,Lucknow
2016-03-30,27.0,46,6.2,Lucknow
2016-03-31,28.5,41,8.9,Lucknow
2016-04-01,29.0,41,7.5,Lucknow
2016-04-02,29.9,48,10.5,Lucknow
2016-04-03,31.3,48,8.9,Lucknow
2016-04-04,31.8,46,7.8,Lucknow
2016-04-05,31.9,35,12.7,Lucknow
2016-04-06,30.7,30,11.8,Lucknow
2016-04-07,29.2,37,9.2,Lucknow
2016-04-08,29.3,39,6.9,Lucknow
2016-04-09,30.8,25,11.4,Lucknow
2016-04-10,32.3,24,13.9,Lucknow
2016-04-11,32.5,25,13.9,Lucknow
2016-04-12,30.5,25,20.2,Lucknow
2016-04-13,30.5,26,18.9,Lucknow
2016-04-14,31.5,26,12.6,Lucknow
2016-04-15,32.8,30,10.9,Lucknow
2016-04-16,33.2,32,11.2,Lucknow
2016-04-17,33.1,33,6.4,Lucknow
2016-04-18,32.6,37,9.2,Lucknow
2016-04-19,33.1,34,8.5,Lucknow
2016-04-20,33.5,28,14.9,Lucknow
2016-04-21,33.3,22,19.8,Lucknow
2016-04-22,33.4,22,13.8,Lucknow
2016-04-23,32.3,23,13.8,Lucknow
2016-04-24,31.1,17,13.0,Lucknow
2016-04-25,31.3,18,13.5,Lucknow
2016-04-26,32.8,19,10.3,Lucknow
2016-04-27,33.2,21,9.8,Lucknow
2016-04-28,33.0,18,11.1,Lucknow
2016-04-29,33.0,19,10.8,Lucknow
2016-04-30,33.0,19,12.3,Lucknow
2016-05-01,32.7,23,11.0,Lucknow
2016-05-02,33.4,28,9.0,Lucknow
2016-05-03,32.4,44,14.1,Lucknow
2016-05-04,31.9,44,12.5,Lucknow
2016-05-05,31.3,47,11.9,Lucknow
2016-05-06,30.9,47,6.8,Lucknow
2016-05-07,31.1,46,5.7,Lucknow
2016-05-08,31.8,41,8.4,Lucknow
2016-05-09,31.6,44,10.1,Lucknow
2016-05-10,32.5,43,5.6,Lucknow
2016-05-11,31.8,53,9.8,Lucknow
2016-05-12,32.8,48,6.9,Lucknow
2016-05-13,33.8,44,9.8,Lucknow
2016-05-14,34.5,44,10.5,Lucknow
2016-05-15,34.8,43,10.4,Lucknow
2016-05-16,34.9,36,8.6,Lucknow
2016-05-17,34.8,28,8.0,Lucknow
2016-05-18,34.8,36,10.6,Lucknow
2016-05-19,34.7,45,18.0,Lucknow
2016-05-20,32.9,53,20.8,Lucknow
2016-05-21,31.6,57,17.9,Lucknow
2016-05-22,32.9,53,11.0,Lucknow
2016-05-23,33.9,50,13.7,Lucknow
2016-05-24,31.6,60,7.3,Lucknow
2016-05-25,31.4,55,9.2,Lucknow
2016-05-26,31.5,57,6.1,Lucknow
2016-05-27,33.0,54,9.2,Lucknow
2016-05-28,31.7,61,11.9,Lucknow
2016-05-29,30.1,62,12.4,Lucknow
2016-05-30,29.1,69,8.4,Lucknow
2016-05-31,31.2,61,5.8,Lucknow
2016-06-01,32.6,54,7.1,Lucknow
2016-06-02,33.0,55,11.8,Lucknow
2016-06-03,34.0,52,10.4,Lucknow
2016-06-04,34.1,50,13.3,Lucknow
2016-06-05,34.2,52,15.2,Lucknow
2016-06-06,34.5,49,12.6,Lucknow
2016-06-07,33.8,56,13.5,Lucknow
2016-06-08,33.5,55,10.5,Lucknow
2016-06-09,34.0,53,9.6,Lucknow
2016-06-10,34.6,51,8.6,Lucknow
2016-06-11,35.2,48,9.4,Lucknow
2016-06-12,34.5,47,9.6,Lucknow
2016-06-13,35.0,46,9.9,Lucknow
2016-06-14,34.5,48,13.0,Lucknow
2016-06-15,33.0,57,5.4,Lucknow
2016-06-16,30.9,68,9.4,Lucknow
2016-06-17,31.3,66,10.9,Lucknow
2016-06-18,31.3,66,15.2,Lucknow
2016-06-19,31.4,69,14.3,Lucknow
2016-06-20,30.7,73,11.6,Lucknow
2016-06-21,29.4,80,6.5,Lucknow
2016-06-22,28.2,86,7.2,Lucknow
2016-06-23,29.9,77,3.9,Lucknow
2016-06-24,30.5,77,5.6,Lucknow
2016-06-25,30.6,76,10.9,Lucknow
2016-06-26,31.1,73,10.4,Lucknow
2016-06-27,30.5,76,12.1,Lucknow
2016-06-28,31.7,71,15.2,Lucknow
2016-06-29,32.3,65,14.7,Lucknow
2016-06-30,32.6,64,11.1,Lucknow
2016-07-01,30.4,78,13.2,Lucknow
2016-07-02,27.8,88,11.0,Lucknow
2016-07-03,28.0,85,6.5,Lucknow
2016-07-04,28.4,82,5.6,Lucknow
2016-07-05,27.2,92,9.9,Lucknow
2016-07-06,27.8,84,16.0,Lucknow
2016-07-07,28.9,84,13.9,Lucknow
2016-07-08,28.8,84,12.1,Lucknow
2016-07-09,30.2,77,12.4,Lucknow
2016-07-10,29.9,80,11.8,Lucknow
2016-07-11,28.9,81,13.9,Lucknow
2016-07-12,29.2,81,15.9,Lucknow
2016-07-13,29.1,81,11.9,Lucknow
2016-07-14,29.1,84,3.8,Lucknow
2016-07-15,28.4,89,4.5,Lucknow
2016-07-16,27.1,92,8.1,Lucknow
2016-07-17,26.3,93,11.3,Lucknow
2016-07-18,26.5,90,15.1,Lucknow
2016-07-19,28.4,86,11.7,Lucknow
2016-07-20,30.3,79,10.8,Lucknow
2016-07-21,29.8,83,7.5,Lucknow
2016-07-22,28.3,88,8.9,Lucknow
2016-07-23,27.8,87,9.6,Lucknow
2016-07-24,29.1,83,7.0,Lucknow
2016-07-25,28.4,87,8.3,Lucknow
2016-07-26,27.5,89,11.4,Lucknow
2016-07-27,27.4,86,14.9,Lucknow
2016-07-28,27.3,89,9.7,Lucknow
2016-07-29,27.4,87,9.9,Lucknow
2016-07-30,27.3,89,10.0,Lucknow
2016-07-31,27.3,89,8.2,Lucknow
2016-08-01,25.9,95,9.4,Lucknow
2016-08-02,27.9,86,12.3,Lucknow
2016-08-03,28.8,80,15.2,Lucknow
2016-08-04,29.7,76,14.7,Lucknow
2016-08-05,30.1,77,14.5,Lucknow
2016-08-06,29.7,76,16.8,Lucknow
2016-08-07,28.5,80,17.8,Lucknow
2016-08-08,26.6,92,12.3,Lucknow
2016-08-09,27.9,83,8.4,Lucknow
2016-08-10,27.7,85,9.4,Lucknow
2016-08-11,27.6,88,6.0,Lucknow
2016-08-12,28.4,86,4.5,Lucknow
2016-08-13,29.1,85,4.4,Lucknow
2016-08-14,29.0,85,5.8,Lucknow
2016-08-15,27.7,90,7.1,Lucknow
2016-08-16,27.3,91,10.0,Lucknow
2016-08-17,26.8,92,6.0,Lucknow
2016-08-18,28.6,83,8.6,Lucknow
2016-08-19,28.2,79,24.0,Lucknow
2016-08-20,28.6,74,12.8,Lucknow
2016-08-21,27.8,75,9.4,Lucknow
2016-08-22,27.2,81,7.3,Lucknow
2016-08-23,27.6,80,18.3,Lucknow
2016-08-24,28.1,84,10.1,Lucknow
2016-08-25,29.2,83,3.8,Lucknow
2016-08-26,28.8,86,6.8,Lucknow
2016-08-27,29.5,81,10.2,Lucknow
2016-08-28,30.5,78,6.7,Lucknow
2016-08-29,30.2,82,4.3,Lucknow
2016-08-30,29.2,85,4.1,Lucknow
2016-08-31,27.8,88,5.6,Lucknow
2016-09-01,28.2,87,4.7,Lucknow
2016-09-02,28.9,83,10.6,Lucknow
2016-09-03,29.3,75,15.6,Lucknow
2016-09-04,28.9,76,13.6,Lucknow
2016-09-05,28.6,73,14.5,Lucknow
2016-09-06,28.6,74,13.2,Lucknow
2016-09-07,28.7,76,10.3,Lucknow
2016-09-08,29.0,82,4.4,Lucknow
2016-09-09,29.4,79,8.1,Lucknow
2016-09-10,29.3,74,8.8,Lucknow
2016-09-11,28.9,79,6.3,Lucknow
2016-09-12,28.0,86,5.9,Lucknow
2016-09-13,27.1,87,7.8,Lucknow
2016-09-14,27.3,87,7.4,Lucknow
2016-09-15,27.9,87,5.9,Lucknow
2016-09-16,28.1,87,4.2,Lucknow
2016-09-17,27.6,88,6.1,Lucknow
2016-09-18,27.4,87,7.9,Lucknow
2016-09-19,28.4,84,4.4,Lucknow
2016-09-20,28.7,84,4.5,Lucknow
2016-09-21,27.2,85,12.8,Lucknow
2016-09-22,26.6,87,10.1,Lucknow
2016-09-23,26.7,87,6.5,Lucknow
2016-09-24,26.3,90,9.2,Lucknow
2016-09-25,26.8,84,10.2,Lucknow
2016-09-26,26.6,82,10.1,Lucknow
2016-09-27,26.9,85,6.7,Lucknow
2016-09-28,26.9,87,8.3,Lucknow
2016-09-29,26.5,86,7.6,Lucknow
2016-09-30,27.8,83,6.0,Lucknow
2016-10-01,28.5,82,9.0,Lucknow
2016-10-02,28.7,81,8.0,Lucknow
2016-10-03,29.4,80,4.6,Lucknow
2016-10-04,28.7,83,5.5,Lucknow
2016-10-05,28.5,84,4.6,Lucknow
2016-10-06,26.0,91,4.7,Lucknow
2016-10-07,27.5,86,4.2,Lucknow
2016-10-08,27.5,86,3.8,Lucknow
2016-10-09,26.2,89,5.5,Lucknow
2016-10-10,26.8,82,5.7,Lucknow
2016-10-11,26.5,72,8.7,Lucknow
2016-10-12,25.7,66,9.8,Lucknow
2016-10-13,25.3,67,9.0,Lucknow
2016-10-14,24.3,68,7.6,Lucknow
2016-10-15,24.9,67,4.7,Lucknow
2016-10-16,24.9,71,4.9,Lucknow
2016-10-17,24.5,72,6.8,Lucknow
2016-10-18,24.7,65,5.1,Lucknow
2016-10-19,24.5,69,4.6,Lucknow
2016-10-20,24.4,72,7.3,Lucknow
2016-10-21,24.7,68,7.5,Lucknow
2016-10-22,25.3,62,9.4,Lucknow
2016-10-23,24.8,59,9.1,Lucknow
2016-10-24,24.1,59,9.5,Lucknow
2016-10-25,24.1,65,7.9,Lucknow
2016-10-26,24.0,67,7.5,Lucknow
2016-10-27,23.8,64,4.8,Lucknow
2016-10-28,23.3,60,6.4,Lucknow
2016-10-29,23.5,60,5.2,Lucknow
2016-10-30,22.8,67,6.0,Lucknow
2016-10-31,23.3,63,5.0,Lucknow
2016-11-01,23.5,63,4.4,Lucknow
2016-11-02,23.2,68,5.3,Lucknow
2016-11-03,23.0,64,4.6,Lucknow
2016-11-04,22.6,63,4.9,Lucknow
2016-11-05,22.7,63,8.7,Lucknow
2016-11-06,22.6,62,8.6,Lucknow
2016-11-07,22.5,59,9.6,Lucknow
2016-11-08,21.9,55,10.3,Lucknow
2016-11-09,20.8,67,5.3,Lucknow
2016-11-10,21.2,69,6.1,Lucknow
2016-11-11,22.0,65,4.0,Lucknow
2016-11-12,21.5,69,5.6,Lucknow
2016-11-13,21.5,66,6.8,Lucknow
2016-11-14,21.4,60,8.8,Lucknow
2016-11-15,21.2,58,8.6,Lucknow
2016-11-16,21.0,54,9.7,Lucknow
2016-11-17,20.1,55,9.8,Lucknow
2016-11-18,19.7,58,9.0,Lucknow
2016-11-19,20.2,63,7.0,Lucknow
2016-11-20,20.6,64,4.8,Lucknow
2016-11-21,20.0,67,8.5,Lucknow
2016-11-22,21.0,57,11.4,Lucknow
2016-11-23,20.8,60,9.1,Lucknow
2016-11-24,20.1,66,9.0,Lucknow
2016-11-25,20.6,52,13.0,Lucknow
2016-11-26,19.5,56,7.2,Lucknow
2016-11-27,19.4,69,7.5,Lucknow
2016-11-28,19.0,59,8.0,Lucknow
2016-11-29,19.3,74,4.9,Lucknow
2016-11-30,21.1,75,5.6,Lucknow
2016-12-01,21.8,75,5.0,Lucknow
2016-12-02,20.6,75,4.8,Lucknow
2016-12-03,19.8,73,6.7,Lucknow
2016-12-04,18.7,69,8.1,Lucknow
2016-12-05,18.1,69,7.5,Lucknow
2016-12-06,17.9,73,3.5,Lucknow
2016-12-07,17.2,77,4.1,Lucknow
2016-12-08,16.8,76,5.6,Lucknow
2016-12-09,16.6,75,6.7,Lucknow
2016-12-10,16.7,79,6.3,Lucknow
2016-12-11,18.3,78,8.7,Lucknow
2016-12-12,19.2,74,9.8,Lucknow
2016-12-13,18.4,69,9.4,Lucknow
2016-12-14,18.8,66,10.0,Lucknow
2016-12-15,17.0,63,10.7,Lucknow
2016-12-16,16.0,70,7.3,Lucknow
2016-12-17,15.9,71,7.6,Lucknow
2016-12-18,15.7,69,7.4,Lucknow
2016-12-19,15.5,67,9.9,Lucknow
2016-12-20,16.5,62,12.0,Lucknow
2016-12-21,15.8,68,9.7,Lucknow
2016-12-22,16.3,73,3.4,Lucknow
2016-12-23,16.7,78,5.4,Lucknow
2016-12-24,17.3,78,5.2,Lucknow
2016-12-25,18.5,75,6.6,Lucknow
2016-12-26,17.5,78,10.0,Lucknow
2016-12-27,16.3,71,7.8,Lucknow
2016-12-28,15.5,74,6.1,Lucknow
2016-12-29,15.7,77,7.0,Lucknow
2016-12-30,15.8,76,6.0,Lucknow
2016-12-31,16.3,77,7.4,Lucknow
2017-01-01,15.5,83,8.3,Lucknow
2017-01-02,15.7,88,8.4,Lucknow
2017-01-03,16.1,86,6.5,Lucknow
2017-01-04,16.0,82,5.9,Lucknow
2017-01-05,16.0,81,5.5,Lucknow
2017-01-06,16.4,81,8.6,Lucknow
2017-01-07,16.4,79,10.6,Lucknow
2017-01-08,15.3,85,7.5,Lucknow
2017-01-09,16.2,74,7.2,Lucknow
2017-01-10,14.5,59,12.3,Lucknow
2017-01-11,11.0,59,9.8,Lucknow
2017-01-12,10.2,65,7.0,Lucknow
2017-01-13,10.1,68,5.4,Lucknow
2017-01-14,11.7,72,7.9,Lucknow
2017-01-15,13.3,68,6.9,Lucknow
2017-01-16,14.9,72,6.7,Lucknow
2017-01-17,14.5,74,8.8,Lucknow
2017-01-18,12.8,74,7.0,Lucknow
2017-01-19,14.2,76,8.1,Lucknow
2017-01-20,15.1,65,12.2,Lucknow
2017-01-21,14.1,72,8.8,Lucknow
2017-01-22,16.1,70,8.3,Lucknow
2017-01-23,18.1,71,11.8,Lucknow
2017-01-24,18.0,71,6.0,Lucknow
2017-01-25,17.5,73,5.5,Lucknow
2017-01-26,18.3,74,8.7,Lucknow
2017-01-27,16.0,85,10.5,Lucknow
2017-01-28,14.6,86,9.5,Lucknow
2017-01-29,15.8,82,10.2,Lucknow
2017-01-30,14.5,87,6.4,Lucknow
2017-01-31,15.4,86,5.8,Lucknow
2017-02-01,16.5,83,6.2,Lucknow
2017-02-02,16.2,78,6.1,Lucknow
2017-02-03,15.7,76,6.6,Lucknow
2017-02-04,16.7,80,6.0,Lucknow
2017-02-05,18.4,79,8.4,Lucknow
2017-02-06,19.7,76,9.3,Lucknow
2017-02-07,16.9,63,15.2,Lucknow
2017-02-08,16.0,69,10.3,Lucknow
2017-02-09,17.2,68,8.9,Lucknow
2017-02-10,16.3,63,12.2,Lucknow
2017-02-11,15.8,69,5.9,Lucknow
2017-02-12,17.7,66,7.0,Lucknow
2017-02-13,18.9,70,7.8,Lucknow
2017-02-14,17.7,66,9.1,Lucknow
2017-02-15,17.7,66,7.3,Lucknow
2017-02-16,18.9,70,7.6,Lucknow
2017-02-17,20.7,71,6.3,Lucknow
2017-02-18,21.4,76,5.2,Lucknow
2017-02-19,22.0,72,8.1,Lucknow
2017-02-20,23.9,56,11.1,Lucknow
2017-02-21,23.1,53,11.2,Lucknow
2017-02-22,20.1,48,11.6,Lucknow
2017-02-23,19.3,41,14.7,Lucknow
2017-02-24,19.2,36,17.5,Lucknow
2017-02-25,19.3,41,14.6,Lucknow
2017-02-26,20.3,44,13.4,Lucknow
2017-02-27,19.5,48,11.0,Lucknow
2017-02-28,21.2,56,10.0,Lucknow
2017-03-01,23.4,52,8.8,Lucknow
2017-03-02,23.0,50,13.0,Lucknow
2017-03-03,22.9,44,10.3,Lucknow
2017-03-04,21.6,42,9.1,Lucknow
2017-03-05,20.5,44,11.8,Lucknow
2017-03-06,20.4,40,12.9,Lucknow
2017-03-07,21.9,45,9.3,Lucknow
2017-03-08,22.3,47,10.1,Lucknow
2017-03-09,23.6,44,10.7,Lucknow
2017-03-10,18.2,71,13.1,Lucknow
2017-03-11,18.2,75,6.5,Lucknow
2017-03-12,17.7,63,10.4,Lucknow
2017-03-13,17.7,48,12.8,Lucknow
2017-03-14,18.6,49,8.6,Lucknow
2017-03-15,20.0,50,11.3,Lucknow
2017-03-16,21.9,52,10.4,Lucknow
2017-03-17,22.8,44,12.0,Lucknow
2017-03-18,22.3,44,11.8,Lucknow
2017-03-19,22.6,51,9.8,Lucknow
2017-03-20,23.3,50,11.6,Lucknow
2017-03-21,24.3,43,11.3,Lucknow
2017-03-22,25.6,49,10.4,Lucknow
2017-03-23,26.6,53,7.9,Lucknow
2017-03-24,27.5,53,9.2,Lucknow
2017-03-25,27.4,37,12.2,Lucknow
2017-03-26,27.1,40,10.6,Lucknow
2017-03-27,27.6,44,10.4,Lucknow
2017-03-28,28.6,54,8.3,Lucknow
2017-03-29,29.5,47,12.2,Lucknow
2017-03-30,31.2,35,15.3,Lucknow
2017-03-31,30.1,42,7.9,Lucknow
2017-04-01,30.7,34,11.5,Lucknow
2017-04-02,30.4,29,10.8,Lucknow
2017-04-03,30.6,27,12.8,Lucknow
2017-04-04,30.4,31,8.6,Lucknow
2017-04-05,29.0,48,12.1,Lucknow
2017-04-06,29.3,55,16.3,Lucknow
2017-04-07,30.4,47,12.0,Lucknow
2017-04-08,29.4,36,10.6,Lucknow
2017-04-09,28.5,20,15.5,Lucknow
2017-04-10,27.6,17,19.2,Lucknow
2017-04-11,28.6,20,18.0,Lucknow
2017-04-12,29.6,26,11.9,Lucknow
2017-04-13,29.2,32,7.4,Lucknow
2017-04-14,30.5,32,9.2,Lucknow
2017-04-15,30.9,35,9.9,Lucknow
2017-04-16,30.4,44,11.8,Lucknow
2017-04-17,31.4,47,10.3,Lucknow
2017-04-18,32.9,42,10.4,Lucknow
2017-04-19,33.1,43,11.0,Lucknow
2017-04-20,32.0,51,12.9,Lucknow
2017-04-21,30.6,57,13.0,Lucknow
2017-04-22,30.8,59,11.9,Lucknow
2017-04-23,30.4,58,11.5,Lucknow
2017-04-24,31.5,44,9.4,Lucknow
2017-04-25,31.9,24,15.8,Lucknow
2017-04-26,31.3,22,13.1,Lucknow
2017-04-27,30.5,27,9.5,Lucknow
2017-04-28,30.9,28,11.1,Lucknow
2017-04-29,31.7,28,8.0,Lucknow
2017-04-30,31.5,29,9.0,Lucknow
2017-05-01,31.3,33,12.7,Lucknow
2017-05-02,31.2,35,8.0,Lucknow
2017-05-03,32.7,26,11.0,Lucknow
2017-05-04,32.8,26,12.2,Lucknow
2017-05-05,32.2,27,10.8,Lucknow
2017-05-06,33.8,25,10.3,Lucknow
2017-05-07,32.7,36,11.3,Lucknow
2017-05-08,33.2,46,15.2,Lucknow
2017-05-09,32.4,48,12.0,Lucknow
2017-05-10,31.6,52,15.1,Lucknow
2017-05-11,32.4,48,11.0,Lucknow
2017-05-12,33.1,47,10.6,Lucknow
2017-05-13,33.5,46,10.8,Lucknow
2017-05-14,34.2,37,11.3,Lucknow
2017-05-15,34.6,33,11.2,Lucknow
2017-05-16,34.1,46,11.6,Lucknow
2017-05-17,31.4,58,13.4,Lucknow
2017-05-18,31.9,49,6.5,Lucknow
2017-05-19,33.4,38,10.0,Lucknow
2017-05-20,33.5,39,6.6,Lucknow
2017-05-21,34.0,35,7.8,Lucknow
2017-05-22,34.7,31,9.7,Lucknow
2017-05-23,33.4,37,10.6,Lucknow
2017-05-24,34.3,35,8.5,Lucknow
2017-05-25,35.2,34,7.4,Lucknow
2017-05-26,35.6,37,11.2,Lucknow
2017-05-27,33.4,48,20.5,Lucknow
2017-05-28,32.0,54,16.7,Lucknow
2017-05-29,30.4,62,10.9,Lucknow
2017-05-30,29.4,67,6.2,Lucknow
2017-05-31,30.8,65,11.4,Lucknow
2017-06-01,31.9,60,9.6,Lucknow
2017-06-02,33.4,44,11.4,Lucknow
2017-06-03,35.0,38,13.7,Lucknow
2017-06-04,35.8,40,10.0,Lucknow
2017-06-05,36.1,44,13.7,Lucknow
2017-06-06,32.6,59,15.9,Lucknow
2017-06-07,31.2,63,9.9,Lucknow
2017-06-08,32.4,59,8.6,Lucknow
2017-06-09,32.8,54,8.4,Lucknow
2017-06-10,33.6,51,7.8,Lucknow
2017-06-11,34.2,47,8.0,Lucknow
2017-06-12,34.5,42,9.8,Lucknow
2017-06-13,34.9,34,8.6,Lucknow
2017-06-14,36.4,31,8.6,Lucknow
2017-06-15,34.8,42,7.3,Lucknow
2017-06-16,32.0,60,10.8,Lucknow
2017-06-17,30.6,67,6.2,Lucknow
2017-06-18,32.7,58,9.5,Lucknow
2017-06-19,33.3,55,9.9,Lucknow
2017-06-20,31.6,65,7.2,Lucknow
2017-06-21,30.9,70,5.9,Lucknow
2017-06-22,30.1,72,8.2,Lucknow
2017-06-23,31.7,63,5.3,Lucknow
2017-06-24,32.7,60,5.1,Lucknow
2017-06-25,32.7,63,13.3,Lucknow
2017-06-26,32.8,62,14.6,Lucknow
2017-06-27,33.4,59,15.1,Lucknow
2017-06-28,32.4,64,15.7,Lucknow
2017-06-29,30.9,74,10.9,Lucknow
2017-06-30,30.4,77,5.7,Lucknow
2017-07-01,29.3,85,5.9,Lucknow
2017-07-02,28.6,87,8.3,Lucknow
2017-07-03,28.4,87,5.9,Lucknow
2017-07-04,27.0,94,7.9,Lucknow
2017-07-05,26.1,95,9.6,Lucknow
2017-07-06,26.7,90,11.6,Lucknow
2017-07-07,27.3,90,6.1,Lucknow
2017-07-08,28.1,88,6.7,Lucknow
2017-07-09,27.7,90,4.8,Lucknow
2017-07-10,27.1,92,7.4,Lucknow
2017-07-11,26.0,92,13.7,Lucknow
2017-07-12,26.7,84,18.4,Lucknow
2017-07-13,28.4,78,19.8,Lucknow
2017-07-14,29.0,79,14.6,Lucknow
2017-07-15,29.0,82,12.8,Lucknow
2017-07-16,29.7,82,7.5,Lucknow
2017-07-17,29.6,83,7.1,Lucknow
2017-07-18,30.0,81,8.2,Lucknow
2017-07-19,30.4,79,10.5,Lucknow
2017-07-20,29.6,75,16.6,Lucknow
2017-07-21,27.4,86,15.9,Lucknow
2017-07-22,27.1,88,16.8,Lucknow
2017-07-23,27.7,86,13.5,Lucknow
2017-07-24,27.8,85,8.1,Lucknow
2017-07-25,27.6,86,9.5,Lucknow
2017-07-26,28.4,79,12.6,Lucknow
2017-07-27,28.4,77,21.9,Lucknow
2017-07-28,28.8,80,14.6,Lucknow
2017-07-29,28.8,82,6.9,Lucknow
2017-07-30,28.2,85,6.1,Lucknow
2017-07-31,28.2,84,5.6,Lucknow
2017-08-01,28.7,84,9.3,Lucknow
2017-08-02,27.9,86,12.1,Lucknow
2017-08-03,28.2,85,13.7,Lucknow
2017-08-04,28.5,81,8.7,Lucknow
2017-08-05,29.0,85,3.6,Lucknow
2017-08-06,28.6,87,6.1,Lucknow
2017-08-07,28.0,89,8.5,Lucknow
2017-08-08,28.3,87,9.5,Lucknow
2017-08-09,28.3,88,7.3,Lucknow
2017-08-10,27.2,91,9.4,Lucknow
2017-08-11,28.2,85,17.2,Lucknow
2017-08-12,29.0,78,17.7,Lucknow
2017-08-13,28.7,77,14.4,Lucknow
2017-08-14,28.2,81,7.0,Lucknow
2017-08-15,28.7,82,7.3,Lucknow
2017-08-16,30.0,78,11.9,Lucknow
2017-08-17,30.0,79,8.4,Lucknow
2017-08-18,28.7,86,10.3,Lucknow
2017-08-19,28.7,81,17.8,Lucknow
2017-08-20,29.2,79,15.8,Lucknow
2017-08-21,29.0,82,12.3,Lucknow
2017-08-22,28.7,85,7.6,Lucknow
2017-08-23,28.1,87,7.0,Lucknow
2017-08-24,28.5,86,3.1,Lucknow
2017-08-25,27.9,87,6.4,Lucknow
2017-08-26,27.6,88,7.3,Lucknow
2017-08-27,27.6,89,8.4,Lucknow
2017-08-28,27.9,83,17.5,Lucknow
2017-08-29,28.5,80,22.9,Lucknow
2017-08-30,28.5,84,13.7,Lucknow
2017-08-31,28.4,85,5.5,Lucknow
2017-09-01,28.4,83,9.1,Lucknow
2017-09-02,27.8,80,10.5,Lucknow
2017-09-03,27.6,82,9.9,Lucknow
2017-09-04,28.9,80,9.3,Lucknow
2017-09-05,29.5,80,9.4,Lucknow
2017-09-06,29.6,79,5.9,Lucknow
2017-09-07,29.3,82,5.9,Lucknow
2017-09-08,29.0,81,6.0,Lucknow
2017-09-09,29.3,77,8.7,Lucknow
2017-09-10,29.7,77,6.4,Lucknow
2017-09-11,30.2,74,5.7,Lucknow
2017-09-12,29.9,75,7.1,Lucknow
2017-09-13,29.9,74,5.5,Lucknow
2017-09-14,29.3,81,4.2,Lucknow
2017-09-15,29.0,82,5.0,Lucknow
2017-09-16,30.1,76,4.5,Lucknow
2017-09-17,30.8,73,4.4,Lucknow
2017-09-18,28.9,83,6.7,Lucknow
2017-09-19,29.1,79,8.4,Lucknow
2017-09-20,28.3,82,10.5,Lucknow
2017-09-21,26.0,91,18.1,Lucknow
2017-09-22,26.3,90,18.8,Lucknow
2017-09-23,26.8,87,10.8,Lucknow
2017-09-24,27.7,82,8.0,Lucknow
2017-09-25,27.5,80,10.4,Lucknow
2017-09-26,28.1,80,7.3,Lucknow
2017-09-27,28.0,80,6.4,Lucknow
2017-09-28,28.1,79,6.4,Lucknow
2017-09-29,28.3,77,6.2,Lucknow
2017-09-30,28.2,81,7.0,Lucknow
2017-10-01,28.5,77,5.0,Lucknow
2017-10-02,28.0,80,6.6,Lucknow
2017-10-03,28.1,79,4.8,Lucknow
2017-10-04,28.0,82,5.3,Lucknow
2017-10-05,28.9,77,5.7,Lucknow
2017-10-06,29.0,74,6.2,Lucknow
2017-10-07,28.9,74,5.3,Lucknow
2017-10-08,28.9,71,4.9,Lucknow
2017-10-09,28.7,73,7.1,Lucknow
2017-10-10,28.3,75,5.8,Lucknow
2017-10-11,28.7,73,5.6,Lucknow
2017-10-12,29.0,68,6.0,Lucknow
2017-10-13,28.7,60,8.0,Lucknow
2017-10-14,28.0,56,9.6,Lucknow
2017-10-15,27.5,58,9.9,Lucknow
2017-10-16,27.4,63,7.3,Lucknow
2017-10-17,26.8,66,6.2,Lucknow
2017-10-18,27.3,68,6.7,Lucknow
2017-10-19,29.1,65,7.5,Lucknow
2017-10-20,29.1,68,7.7,Lucknow
2017-10-21,28.6,60,8.9,Lucknow
2017-10-22,27.1,52,8.7,Lucknow
2017-10-23,27.3,48,6.7,Lucknow
2017-10-24,26.0,53,9.5,Lucknow
2017-10-25,24.6,56,7.7,Lucknow
2017-10-26,24.7,61,6.5,Lucknow
2017-10-27,24.6,63,5.4,Lucknow
2017-10-28,23.5,67,6.0,Lucknow
2017-10-29,23.6,69,7.0,Lucknow
2017-10-30,23.4,68,5.1,Lucknow
2017-10-31,23.6,67,5.4,Lucknow
2017-11-01,23.5,74,5.5,Lucknow
2017-11-02,23.7,74,5.4,Lucknow
2017-11-03,23.6,76,5.2,Lucknow
2017-11-04,24.0,73,6.3,Lucknow
2017-11-05,23.9,70,6.8,Lucknow
2017-11-06,23.7,66,6.9,Lucknow
2017-11-07,23.2,70,6.2,Lucknow
2017-11-08,22.9,74,7.3,Lucknow
2017-11-09,22.7,74,4.5,Lucknow
2017-11-10,22.9,70,4.8,Lucknow
2017-11-11,22.2,74,5.9,Lucknow
2017-11-12,21.3,71,8.1,Lucknow
2017-11-13,20.8,69,6.5,Lucknow
2017-11-14,21.0,67,7.0,Lucknow
2017-11-15,21.8,65,7.5,Lucknow
2017-11-16,22.2,64,8.1,Lucknow
2017-11-17,21.9,68,6.4,Lucknow
2017-11-18,21.4,64,6.5,Lucknow
2017-11-19,22.0,63,9.4,Lucknow
2017-11-20,21.0,50,13.4,Lucknow
2017-11-21,17.8,48,12.6,Lucknow
2017-11-22,17.2,57,10.5,Lucknow
2017-11-23,16.8,57,8.9,Lucknow
2017-11-24,16.9,59,8.5,Lucknow
2017-11-25,17.3,60,7.0,Lucknow
2017-11-26,17.5,63,8.9,Lucknow
2017-11-27,17.8,62,8.7,Lucknow
2017-11-28,17.2,64,8.6,Lucknow
2017-11-29,18.1,64,4.4,Lucknow
2017-11-30,18.0,69,5.0,Lucknow
2017-12-01,17.2,70,6.1,Lucknow
2017-12-02,16.4,64,7.5,Lucknow
2017-12-03,16.0,66,8.3,Lucknow
2017-12-04,16.6,66,6.9,Lucknow
2017-12-05,17.9,63,6.5,Lucknow
2017-12-06,19.5,59,7.0,Lucknow
2017-12-07,19.7,60,8.2,Lucknow
2017-12-08,18.1,61,7.6,Lucknow
2017-12-09,17.7,68,7.2,Lucknow
2017-12-10,18.4,70,5.7,Lucknow
2017-12-11,18.2,68,6.7,Lucknow
2017-12-12,18.6,71,6.5,Lucknow
2017-12-13,18.9,74,7.7,Lucknow
2017-12-14,17.8,69,10.3,Lucknow
2017-12-15,17.3,61,11.4,Lucknow
2017-12-16,16.0,56,12.4,Lucknow
2017-12-17,14.2,62,10.8,Lucknow
2017-12-18,13.6,72,7.9,Lucknow
2017-12-19,14.5,77,4.9,Lucknow
2017-12-20,16.0,82,5.3,Lucknow
2017-12-21,16.5,85,6.0,Lucknow
2017-12-22,17.1,75,10.4,Lucknow
2017-12-23,15.7,70,10.2,Lucknow
2017-12-24,14.4,77,6.0,Lucknow
2017-12-25,14.1,80,8.7,Lucknow
2017-12-26,14.4,77,7.9,Lucknow
2017-12-27,14.3,79,8.5,Lucknow
2017-12-28,15.0,79,6.1,Lucknow
2017-12-29,14.4,85,4.2,Lucknow
2017-12-30,14.0,84,3.0,Lucknow
2017-12-31,13.4,86,4.2,Lucknow
2018-01-01,13.0,80,7.8,Lucknow
2018-01-02,12.7,72,8.7,Lucknow
2018-01-03,12.3,77,8.4,Lucknow
2018-01-04,12.2,76,6.9,Lucknow
2018-01-05,10.9,81,6.2,Lucknow
2018-01-06,11.3,79,8.9,Lucknow
2018-01-07,12.3,73,10.4,Lucknow
2018-01-08,11.6,75,8.3,Lucknow
2018-01-09,11.6,77,8.8,Lucknow
2018-01-10,12.3,77,9.9,Lucknow
2018-01-11,12.2,78,9.1,Lucknow
2018-01-12,11.0,86,5.7,Lucknow
2018-01-13,12.5,81,8.2,Lucknow
2018-01-14,13.6,74,7.3,Lucknow
2018-01-15,13.6,72,10.3,Lucknow
2018-01-16,12.9,74,6.6,Lucknow
2018-01-17,13.3,78,3.9,Lucknow
2018-01-18,13.3,80,8.3,Lucknow
2018-01-19,15.2,80,8.8,Lucknow
2018-01-20,14.9,73,10.2,Lucknow
2018-01-21,13.7,74,6.2,Lucknow
2018-01-22,13.7,72,6.5,Lucknow
2018-01-23,15.0,72,7.1,Lucknow
2018-01-24,15.4,80,8.1,Lucknow
2018-01-25,14.1,80,10.1,Lucknow
2018-01-26,13.9,80,8.9,Lucknow
2018-01-27,13.6,79,9.2,Lucknow
2018-01-28,14.0,75,10.0,Lucknow
2018-01-29,14.3,73,10.6,Lucknow
2018-01-30,16.8,63,15.5,Lucknow
2018-01-31,18.2,63,15.1,Lucknow
2018-02-01,16.4,71,9.9,Lucknow
2018-02-02,18.2,73,8.8,Lucknow
2018-02-03,18.4,77,7.2,Lucknow
2018-02-04,17.2,65,10.2,Lucknow
2018-02-05,15.8,68,7.1,Lucknow
2018-02-06,16.6,61,11.8,Lucknow
2018-02-07,17.0,53,12.8,Lucknow
2018-02-08,15.9,60,8.4,Lucknow
2018-02-09,16.4,54,10.4,Lucknow
2018-02-10,16.2,57,9.5,Lucknow
2018-02-11,16.5,63,7.3,Lucknow
2018-02-12,17.6,71,11.4,Lucknow
2018-02-13,18.0,81,9.1,Lucknow
2018-02-14,17.8,64,13.4,Lucknow
2018-02-15,16.9,63,11.9,Lucknow
2018-02-16,18.0,69,10.0,Lucknow
2018-02-17,18.7,69,10.4,Lucknow
2018-02-18,19.1,64,9.0,Lucknow
2018-02-19,18.2,60,8.1,Lucknow
2018-02-20,18.4,62,7.4,Lucknow
2018-02-21,20.4,60,8.4,Lucknow
2018-02-22,22.0,60,7.0,Lucknow
2018-02-23,23.0,65,5.8,Lucknow
2018-02-24,23.6,67,7.6,Lucknow
2018-02-25,22.4,72,10.4,Lucknow
2018-02-26,22.2,60,13.2,Lucknow
2018-02-27,21.5,62,9.3,Lucknow
2018-02-28,23.0,64,8.5,Lucknow
2018-03-01,24.3,61,11.2,Lucknow
2018-03-02,24.1,55,11.9,Lucknow
2018-03-03,25.6,46,13.9,Lucknow
2018-03-04,24.4,51,8.7,Lucknow
2018-03-05,23.4,51,9.7,Lucknow
2018-03-06,22.3,44,14.8,Lucknow
2018-03-07,21.9,46,12.0,Lucknow
2018-03-08,21.8,53,6.6,Lucknow
2018-03-09,23.4,47,9.1,Lucknow
2018-03-10,24.8,41,13.7,Lucknow
2018-03-11,24.3,46,10.5,Lucknow
2018-03-12,24.9,47,11.3,Lucknow
2018-03-13,25.4,46,10.6,Lucknow
2018-03-14,26.1,47,6.4,Lucknow
2018-03-15,25.8,50,10.7,Lucknow
2018-03-16,24.3,52,10.2,Lucknow
2018-03-17,24.3,39,13.2,Lucknow
2018-03-18,23.7,35,13.1,Lucknow
2018-03-19,23.7,40,8.4,Lucknow
2018-03-20,26.2,40,11.1,Lucknow
2018-03-21,26.7,42,10.2,Lucknow
2018-03-22,26.5,41,8.8,Lucknow
2018-03-23,26.6,39,11.0,Lucknow
2018-03-24,25.7,43,8.9,Lucknow
2018-03-25,26.5,39,10.1,Lucknow
2018-03-26,26.9,37,12.7,Lucknow
2018-03-27,27.0,38,11.0,Lucknow
2018-03-28,27.3,37,9.9,Lucknow
2018-03-29,27.7,35,9.0,Lucknow
2018-03-30,27.0,39,9.8,Lucknow
2018-03-31,26.5,48,13.9,Lucknow
2018-04-01,27.4,45,14.8,Lucknow
2018-04-02,28.1,41,10.5,Lucknow
2018-04-03,29.2,39,7.3,Lucknow
2018-04-04,29.5,36,10.0,Lucknow
2018-04-05,29.3,43,11.4,Lucknow
2018-04-06,29.6,44,12.2,Lucknow
2018-04-07,26.6,62,13.1,Lucknow
2018-04-08,27.4,57,10.5,Lucknow
2018-04-09,26.8,62,8.9,Lucknow
2018-04-10,27.0,64,5.4,Lucknow
2018-04-11,27.5,58,7.6,Lucknow
2018-04-12,26.5,62,6.5,Lucknow
2018-04-13,27.4,47,8.3,Lucknow
2018-04-14,28.4,34,11.3,Lucknow
2018-04-15,30.1,30,9.2,Lucknow
2018-04-16,30.8,32,8.5,Lucknow
2018-04-17,31.2,35,7.9,Lucknow
2018-04-18,31.1,30,14.4,Lucknow
2018-04-19,31.7,24,14.0,Lucknow
2018-04-20,30.7,31,11.0,Lucknow
2018-04-21,31.5,29,14.1,Lucknow
2018-04-22,29.7,20,14.5,Lucknow
2018-04-23,29.3,20,11.9,Lucknow
2018-04-24,29.8,23,9.6,Lucknow
2018-04-25,31.5,23,8.7,Lucknow
2018-04-26,31.7,35,14.0,Lucknow
2018-04-27,30.6,46,18.9,Lucknow
2018-04-28,31.6,43,12.5,Lucknow
2018-04-29,31.5,45,12.3,Lucknow
2018-04-30,30.2,53,17.2,Lucknow
2018-05-01,29.1,55,17.7,Lucknow
2018-05-02,30.4,52,16.3,Lucknow
2018-05-03,28.3,60,18.8,Lucknow
2018-05-04,29.7,53,11.8,Lucknow
2018-05-05,31.0,54,9.6,Lucknow
2018-05-06,32.2,50,8.6,Lucknow
2018-05-07,32.6,40,10.2,Lucknow
2018-05-08,32.2,35,10.8,Lucknow
2018-05-09,31.7,32,11.2,Lucknow
2018-05-10,31.8,30,11.3,Lucknow
2018-05-11,33.3,30,9.2,Lucknow
2018-05-12,33.2,45,15.3,Lucknow
2018-05-13,31.3,54,17.3,Lucknow
2018-05-14,29.4,59,12.0,Lucknow
2018-05-15,30.0,57,9.6,Lucknow
2018-05-16,30.6,61,8.8,Lucknow
2018-05-17,31.7,57,10.7,Lucknow
2018-05-18,31.0,58,10.4,Lucknow
2018-05-19,32.2,51,7.2,Lucknow
2018-05-20,33.2,48,9.0,Lucknow
2018-05-21,33.5,38,8.9,Lucknow
2018-05-22,33.1,45,8.6,Lucknow
2018-05-23,34.4,51,10.9,Lucknow
2018-05-24,33.9,54,12.8,Lucknow
2018-05-25,34.2,42,9.4,Lucknow
2018-05-26,34.3,28,7.9,Lucknow
2018-05-27,34.0,41,11.7,Lucknow
2018-05-28,32.7,52,11.3,Lucknow
2018-05-29,32.2,54,14.3,Lucknow
2018-05-30,32.5,53,13.7,Lucknow
2018-05-31,31.9,57,12.5,Lucknow
2018-06-01,31.4,58,16.5,Lucknow
2018-06-02,30.8,62,14.2,Lucknow
2018-06-03,31.7,56,12.9,Lucknow
2018-06-04,32.9,55,14.1,Lucknow
2018-06-05,33.8,53,19.5,Lucknow
2018-06-06,34.9,50,12.6,Lucknow
2018-06-07,34.8,51,9.1,Lucknow
2018-06-08,31.2,70,14.2,Lucknow
2018-06-09,30.8,74,9.4,Lucknow
2018-06-10,32.4,66,7.1,Lucknow
2018-06-11,33.6,58,10.0,Lucknow
2018-06-12,36.0,43,14.1,Lucknow
2018-06-13,36.3,39,13.8,Lucknow
2018-06-14,36.0,39,16.5,Lucknow
2018-06-15,34.6,45,13.0,Lucknow
2018-06-16,34.4,48,13.4,Lucknow
2018-06-17,34.3,49,12.9,Lucknow
2018-06-18,34.0,49,9.8,Lucknow
2018-06-19,33.9,48,8.1,Lucknow
2018-06-20,35.3,42,6.2,Lucknow
2018-06-21,36.4,41,7.0,Lucknow
2018-06-22,36.8,40,8.4,Lucknow
2018-06-23,36.3,44,8.6,Lucknow
2018-06-24,36.3,46,8.1,Lucknow
2018-06-25,36.6,40,9.8,Lucknow
2018-06-26,33.6,56,8.2,Lucknow
2018-06-27,30.3,74,15.8,Lucknow
2018-06-28,30.3,70,24.9,Lucknow
2018-06-29,30.5,71,17.3,Lucknow
2018-06-30,31.0,71,8.7,Lucknow
2018-07-01,29.4,82,7.5,Lucknow
2018-07-02,30.0,74,11.0,Lucknow
2018-07-03,30.1,76,8.8,Lucknow
2018-07-04,31.0,70,13.7,Lucknow
2018-07-05,32.2,65,9.9,Lucknow
2018-07-06,32.3,64,7.8,Lucknow
2018-07-07,32.9,63,5.9,Lucknow
2018-07-08,32.4,71,11.6,Lucknow
2018-07-09,32.0,71,16.0,Lucknow
2018-07-10,31.6,71,14.4,Lucknow
2018-07-11,30.3,78,11.3,Lucknow
2018-07-12,28.5,86,10.0,Lucknow
2018-07-13,29.2,84,8.3,Lucknow
2018-07-14,29.3,84,9.5,Lucknow
2018-07-15,30.1,81,11.8,Lucknow
2018-07-16,30.9,76,14.0,Lucknow
2018-07-17,31.4,71,15.3,Lucknow
2018-07-18,30.8,75,17.3,Lucknow
2018-07-19,30.8,77,12.7,Lucknow
2018-07-20,31.3,78,6.3,Lucknow
2018-07-21,28.7,86,9.3,Lucknow
2018-07-22,30.0,79,9.9,Lucknow
2018-07-23,29.1,77,17.7,Lucknow
2018-07-24,28.5,85,14.7,Lucknow
2018-07-25,28.3,87,11.5,Lucknow
2018-07-26,27.1,91,13.5,Lucknow
2018-07-27,27.3,85,10.2,Lucknow
2018-07-28,27.6,88,7.2,Lucknow
2018-07-29,28.1,86,8.2,Lucknow
2018-07-30,26.3,94,10.2,Lucknow
2018-07-31,26.5,91,10.3,Lucknow
2018-08-01,26.4,92,8.2,Lucknow
2018-08-02,26.4,93,8.1,Lucknow
2018-08-03,25.5,94,8.5,Lucknow
2018-08-04,27.0,89,7.8,Lucknow
2018-08-05,27.0,88,7.0,Lucknow
2018-08-06,28.1,86,4.9,Lucknow
2018-08-07,28.0,88,7.9,Lucknow
2018-08-08,29.6,77,14.7,Lucknow
2018-08-09,29.8,75,13.8,Lucknow
2018-08-10,30.2,76,4.7,Lucknow
2018-08-11,28.0,90,5.6,Lucknow
2018-08-12,27.2,91,5.1,Lucknow
2018-08-13,27.6,90,4.9,Lucknow
2018-08-14,28.5,88,4.0,Lucknow
2018-08-15,28.8,87,8.9,Lucknow
2018-08-16,30.0,79,16.5,Lucknow
2018-08-17,30.4,76,14.2,Lucknow
2018-08-18,30.5,78,8.6,Lucknow
2018-08-19,30.5,81,4.9,Lucknow
2018-08-20,29.7,84,9.0,Lucknow
2018-08-21,29.6,81,15.7,Lucknow
2018-08-22,28.4,89,9.7,Lucknow
2018-08-23,28.1,90,6.5,Lucknow
2018-08-24,27.4,90,5.3,Lucknow
2018-08-25,26.3,94,11.5,Lucknow
2018-08-26,26.9,89,6.5,Lucknow
2018-08-27,28.2,87,8.4,Lucknow
2018-08-28,28.5,87,10.6,Lucknow
2018-08-29,28.3,89,9.7,Lucknow
2018-08-30,27.7,89,3.6,Lucknow
2018-08-31,27.1,90,3.7,Lucknow
2018-09-01,27.5,89,8.9,Lucknow
2018-09-02,27.4,89,9.4,Lucknow
2018-09-03,26.8,90,4.3,Lucknow
2018-09-04,26.2,92,6.9,Lucknow
2018-09-05,26.6,91,6.7,Lucknow
2018-09-06,27.3,90,7.4,Lucknow
2018-09-07,28.4,79,17.1,Lucknow
2018-09-08,28.2,82,18.1,Lucknow
2018-09-09,28.0,78,6.8,Lucknow
2018-09-10,28.0,78,10.2,Lucknow
2018-09-11,28.2,81,11.4,Lucknow
2018-09-12,27.8,83,11.8,Lucknow
2018-09-13,28.2,82,11.6,Lucknow
2018-09-14,28.3,79,9.9,Lucknow
2018-09-15,28.1,75,8.3,Lucknow
2018-09-16,28.4,73,8.7,Lucknow
2018-09-17,28.1,73,8.6,Lucknow
2018-09-18,28.1,74,8.2,Lucknow
2018-09-19,28.3,70,7.2,Lucknow
2018-09-20,28.3,73,8.9,Lucknow
2018-09-21,26.9,84,20.5,Lucknow
2018-09-22,27.0,83,25.1,Lucknow
2018-09-23,28.0,83,12.1,Lucknow
2018-09-24,28.5,76,9.2,Lucknow
2018-09-25,27.5,75,11.1,Lucknow
2018-09-26,26.6,82,7.1,Lucknow
2018-09-27,27.7,81,5.6,Lucknow
2018-09-28,27.9,78,5.1,Lucknow
2018-09-29,28.1,67,8.9,Lucknow
2018-09-30,27.6,62,9.4,Lucknow
2018-10-01,27.3,67,8.7,Lucknow
2018-10-02,27.7,67,9.0,Lucknow
2018-10-03,28.3,64,7.3,Lucknow
2018-10-04,28.0,64,5.6,Lucknow
2018-10-05,28.7,59,6.0,Lucknow
2018-10-06,28.3,57,7.8,Lucknow
2018-10-07,27.8,55,7.1,Lucknow
2018-10-08,27.7,56,6.8,Lucknow
2018-10-09,28.0,59,6.6,Lucknow
2018-10-10,28.2,62,12.9,Lucknow
2018-10-11,27.7,63,9.8,Lucknow
2018-10-12,26.8,69,7.1,Lucknow
2018-10-13,26.4,67,6.8,Lucknow
2018-10-14,25.5,51,10.3,Lucknow
2018-10-15,25.7,46,10.5,Lucknow
2018-10-16,26.6,50,6.5,Lucknow
2018-10-17,26.9,58,6.3,Lucknow
2018-10-18,27.7,53,7.7,Lucknow
2018-10-19,27.5,45,8.3,Lucknow
2018-10-20,26.6,55,8.5,Lucknow
2018-10-21,26.2,54,6.8,Lucknow
2018-10-22,25.6,44,8.4,Lucknow
2018-10-23,23.8,45,8.1,Lucknow
2018-10-24,24.5,48,7.6,Lucknow
2018-10-25,24.3,53,5.9,Lucknow
2018-10-26,24.1,62,6.4,Lucknow
2018-10-27,24.2,60,6.8,Lucknow
2018-10-28,24.0,59,6.5,Lucknow
2018-10-29,24.1,59,5.5,Lucknow
2018-10-30,23.9,58,5.9,Lucknow
2018-10-31,24.0,59,7.7,Lucknow
2018-11-01,24.1,58,6.8,Lucknow
2018-11-02,24.5,59,5.7,Lucknow
2018-11-03,24.8,58,6.3,Lucknow
2018-11-04,25.1,59,6.1,Lucknow
2018-11-05,23.6,60,8.3,Lucknow
2018-11-06,21.5,57,10.4,Lucknow
2018-11-07,21.2,48,7.0,Lucknow
2018-11-08,20.6,53,4.5,Lucknow
2018-11-09,20.6,59,5.0,Lucknow
2018-11-10,21.5,61,2.9,Lucknow
2018-11-11,21.4,67,4.6,Lucknow
2018-11-12,21.6,67,7.2,Lucknow
2018-11-13,22.1,66,7.0,Lucknow
2018-11-14,22.6,66,6.7,Lucknow
2018-11-15,22.9,62,8.0,Lucknow
2018-11-16,21.3,57,12.6,Lucknow
2018-11-17,20.0,58,10.4,Lucknow
2018-11-18,19.3,66,5.0,Lucknow
2018-11-19,19.9,66,6.3,Lucknow
2018-11-20,21.3,67,6.5,Lucknow
2018-11-21,20.3,66,7.9,Lucknow
2018-11-22,19.7,62,7.2,Lucknow
2018-11-23,19.7,60,10.3,Lucknow
2018-11-24,18.8,59,10.0,Lucknow
2018-11-25,18.2,70,7.0,Lucknow
2018-11-26,18.9,74,7.0,Lucknow
2018-11-27,19.6,73,8.1,Lucknow
2018-11-28,20.2,73,6.1,Lucknow
2018-11-29,20.2,74,6.9,Lucknow
2018-11-30,19.2,74,7.5,Lucknow
2018-12-01,18.5,66,6.6,Lucknow
2018-12-02,17.9,64,5.4,Lucknow
2018-12-03,17.5,65,6.0,Lucknow
2018-12-04,17.6,68,5.2,Lucknow
2018-12-05,16.5,72,8.2,Lucknow
2018-12-06,16.0,72,8.0,Lucknow
2018-12-07,16.1,71,9.1,Lucknow
2018-12-08,15.8,69,6.4,Lucknow
2018-12-09,15.9,70,5.5,Lucknow
2018-12-10,15.3,71,7.1,Lucknow
2018-12-11,16.2,69,6.2,Lucknow
2018-12-12,16.1,71,8.7,Lucknow
2018-12-13,16.9,68,8.2,Lucknow
2018-12-14,16.4,65,9.0,Lucknow
2018-12-15,15.2,64,8.9,Lucknow
2018-12-16,14.2,68,7.1,Lucknow
2018-12-17,15.0,64,6.6,Lucknow
2018-12-18,15.3,69,8.0,Lucknow
2018-12-19,14.1,69,7.8,Lucknow
2018-12-20,13.9,71,7.4,Lucknow
2018-12-21,13.2,67,8.4,Lucknow
2018-12-22,12.7,70,6.3,Lucknow
2018-12-23,13.0,66,6.4,Lucknow
2018-12-24,12.9,63,8.5,Lucknow
2018-12-25,13.5,60,10.7,Lucknow
2018-12-26,12.9,59,7.6,Lucknow
2018-12-27,13.5,55,8.2,Lucknow
2018-12-28,12.6,63,11.1,Lucknow
2018-12-29,12.0,66,8.4,Lucknow
2018-12-30,11.8,72,6.4,Lucknow
2018-12-31,12.6,73,8.7,Lucknow
2019-01-01,13.8,69,5.1,Lucknow
2019-01-02,14.0,71,5.7,Lucknow
2019-01-03,14.2,71,9.4,Lucknow
2019-01-04,14.4,68,7.3,Lucknow
2019-01-05,14.7,67,9.5,Lucknow
2019-01-06,14.9,77,13.7,Lucknow
2019-01-07,14.9,79,8.0,Lucknow
2019-01-08,14.5,69,10.2,Lucknow
2019-01-09,13.5,70,9.9,Lucknow
2019-01-10,14.1,68,6.2,Lucknow
2019-01-11,13.6,73,5.6,Lucknow
2019-01-12,14.0,74,6.0,Lucknow
2019-01-13,14.3,74,6.9,Lucknow
2019-01-14,15.0,60,13.4,Lucknow
2019-01-15,12.3,60,10.4,Lucknow
2019-01-16,12.7,67,4.9,Lucknow
2019-01-17,13.0,74,7.3,Lucknow
2019-01-18,13.7,73,8.2,Lucknow
2019-01-19,14.1,72,8.0,Lucknow
2019-01-20,16.2,66,6.7,Lucknow
2019-01-21,17.4,66,10.8,Lucknow
2019-01-22,17.8,67,15.7,Lucknow
2019-01-23,17.1,75,11.6,Lucknow
2019-01-24,16.2,78,6.0,Lucknow
2019-01-25,15.1,85,8.9,Lucknow
2019-01-26,14.6,87,6.8,Lucknow
2019-01-27,14.0,74,9.6,Lucknow
2019-01-28,12.6,67,10.6,Lucknow
2019-01-29,12.7,63,10.9,Lucknow
2019-01-30,13.5,66,8.0,Lucknow
2019-01-31,15.2,67,6.7,Lucknow
2019-02-01,16.1,74,7.4,Lucknow
2019-02-02,17.1,67,7.7,Lucknow
2019-02-03,15.8,73,9.7,Lucknow
2019-02-04,14.7,75,9.3,Lucknow
2019-02-05,16.3,74,6.2,Lucknow
2019-02-06,18.8,77,8.2,Lucknow
2019-02-07,18.5,77,18.2,Lucknow
2019-02-08,17.0,73,7.6,Lucknow
2019-02-09,14.5,74,11.6,Lucknow
2019-02-10,14.7,69,8.8,Lucknow
2019-02-11,14.5,71,6.5,Lucknow
2019-02-12,15.5,70,5.9,Lucknow
2019-02-13,17.0,72,5.6,Lucknow
2019-02-14,17.7,79,7.3,Lucknow
2019-02-15,17.9,85,11.6,Lucknow
2019-02-16,17.2,87,8.0,Lucknow
2019-02-17,16.5,77,13.3,Lucknow
2019-02-18,17.4,72,9.4,Lucknow
2019-02-19,19.2,75,7.9,Lucknow
2019-02-20,19.4,78,7.6,Lucknow
2019-02-21,19.5,74,7.0,Lucknow
2019-02-22,21.7,71,10.1,Lucknow
2019-02-23,18.0,63,15.2,Lucknow
2019-02-24,16.1,67,9.0,Lucknow
2019-02-25,17.6,64,6.0,Lucknow
2019-02-26,18.6,60,10.9,Lucknow
2019-02-27,15.6,73,13.7,Lucknow
2019-02-28,15.0,68,11.0,Lucknow
2019-03-01,15.3,59,9.5,Lucknow
2019-03-02,16.4,64,6.0,Lucknow
2019-03-03,17.5,76,8.1,Lucknow
2019-03-04,18.3,76,7.2,Lucknow
2019-03-05,19.7,64,10.5,Lucknow
2019-03-06,18.1,56,11.3,Lucknow
2019-03-07,18.2,57,10.3,Lucknow
2019-03-08,19.1,57,10.5,Lucknow
2019-03-09,21.1,52,8.8,Lucknow
2019-03-10,21.7,49,10.3,Lucknow
2019-03-11,22.6,44,8.0,Lucknow
2019-03-12,24.0,45,9.1,Lucknow
2019-03-13,22.8,47,10.1,Lucknow
2019-03-14,23.6,41,6.5,Lucknow
2019-03-15,23.5,44,12.6,Lucknow
2019-03-16,20.9,44,10.2,Lucknow
2019-03-17,20.9,45,8.3,Lucknow
2019-03-18,21.5,46,9.1,Lucknow
2019-03-19,22.3,47,11.2,Lucknow
2019-03-20,24.5,43,6.8,Lucknow
2019-03-21,25.5,40,9.1,Lucknow
2019-03-22,25.3,34,14.6,Lucknow
2019-03-23,23.7,35,16.8,Lucknow
2019-03-24,25.0,42,14.7,Lucknow
2019-03-25,25.3,50,8.4,Lucknow
2019-03-26,24.9,49,11.3,Lucknow
2019-03-27,25.0,45,10.3,Lucknow
2019-03-28,25.6,50,7.9,Lucknow
2019-03-29,28.0,48,6.9,Lucknow
2019-03-30,29.7,42,6.1,Lucknow
2019-03-31,29.2,38,10.4,Lucknow
2019-04-01,27.0,30,11.5,Lucknow
2019-04-02,26.3,37,8.5,Lucknow
2019-04-03,27.5,33,8.3,Lucknow
2019-04-04,28.3,41,8.7,Lucknow
2019-04-05,29.7,46,9.9,Lucknow
2019-04-06,28.1,55,14.5,Lucknow
2019-04-07,27.6,56,18.2,Lucknow
2019-04-08,27.4,55,9.7,Lucknow
2019-04-09,29.7,45,8.3,Lucknow
2019-04-10,29.1,49,11.2,Lucknow
2019-04-11,30.3,44,9.6,Lucknow
2019-04-12,31.2,40,8.4,Lucknow
2019-04-13,31.6,35,10.3,Lucknow
2019-04-14,32.4,29,10.9,Lucknow
2019-04-15,32.9,29,10.8,Lucknow
2019-04-16,28.7,40,14.6,Lucknow
2019-04-17,24.3,63,7.2,Lucknow
2019-04-18,25.0,60,7.9,Lucknow
2019-04-19,26.6,50,9.7,Lucknow
2019-04-20,27.5,44,8.0,Lucknow
2019-04-21,29.3,37,8.1,Lucknow
2019-04-22,29.9,37,9.4,Lucknow
2019-04-23,30.7,46,12.4,Lucknow
2019-04-24,32.1,45,11.0,Lucknow
2019-04-25,33.6,39,9.1,Lucknow
2019-04-26,34.2,31,11.1,Lucknow
2019-04-27,34.2,20,16.0,Lucknow
2019-04-28,34.0,18,16.5,Lucknow
2019-04-29,33.3,21,11.0,Lucknow
2019-04-30,33.5,29,8.1,Lucknow
2019-05-01,33.5,39,10.6,Lucknow
2019-05-02,33.9,35,14.7,Lucknow
2019-05-03,31.8,48,18.2,Lucknow
2019-05-04,31.4,45,10.3,Lucknow
2019-05-05,31.6,20,15.3,Lucknow
2019-05-06,33.3,17,16.9,Lucknow
2019-05-07,33.9,19,14.8,Lucknow
2019-05-08,34.9,20,15.9,Lucknow
2019-05-09,35.6,19,18.6,Lucknow
2019-05-10,35.4,20,15.8,Lucknow
2019-05-11,34.4,24,10.8,Lucknow
2019-05-12,33.7,26,14.5,Lucknow
2019-05-13,32.9,31,7.9,Lucknow
2019-05-14,32.2,35,9.7,Lucknow
2019-05-15,32.1,40,7.8,Lucknow
2019-05-16,32.5,37,10.1,Lucknow
2019-05-17,33.1,34,12.0,Lucknow
2019-05-18,31.5,37,12.9,Lucknow
2019-05-19,32.3,38,11.4,Lucknow
2019-05-20,33.4,29,10.0,Lucknow
2019-05-21,35.0,25,11.9,Lucknow
2019-05-22,34.2,30,10.1,Lucknow
2019-05-23,35.2,31,8.7,Lucknow
2019-05-24,35.0,36,10.5,Lucknow
2019-05-25,34.1,31,17.6,Lucknow
2019-05-26,33.8,29,14.3,Lucknow
2019-05-27,34.7,27,13.3,Lucknow
2019-05-28,35.3,21,12.1,Lucknow
2019-05-29,34.3,24,8.5,Lucknow
2019-05-30,35.3,30,10.4,Lucknow
2019-05-31,34.6,45,13.7,Lucknow
2019-06-01,34.8,46,14.0,Lucknow
2019-06-02,35.0,46,16.5,Lucknow
2019-06-03,33.7,46,18.8,Lucknow
2019-06-04,34.3,45,12.0,Lucknow
2019-06-05,35.7,42,10.7,Lucknow
2019-06-06,36.0,44,14.6,Lucknow
2019-06-07,34.3,48,10.4,Lucknow
2019-06-08,34.6,44,8.3,Lucknow
2019-06-09,35.7,38,8.0,Lucknow
2019-06-10,35.7,43,10.7,Lucknow
2019-06-11,35.6,51,13.0,Lucknow
2019-06-12,35.1,51,11.1,Lucknow
2019-06-13,34.9,48,9.5,Lucknow
2019-06-14,36.1,36,14.2,Lucknow
2019-06-15,37.1,26,13.2,Lucknow
2019-06-16,36.3,34,20.2,Lucknow
2019-06-17,34.6,47,19.5,Lucknow
2019-06-18,33.0,51,15.5,Lucknow
2019-06-19,27.5,76,7.8,Lucknow
2019-06-20,28.2,72,8.0,Lucknow
2019-06-21,31.5,63,5.3,Lucknow
2019-06-22,31.0,68,14.4,Lucknow
2019-06-23,28.1,82,11.5,Lucknow
2019-06-24,30.8,76,10.6,Lucknow
2019-06-25,31.9,72,5.0,Lucknow
2019-06-26,32.6,70,9.1,Lucknow
2019-06-27,33.6,61,10.1,Lucknow
2019-06-28,34.0,51,10.0,Lucknow
2019-06-29,34.4,49,8.6,Lucknow
2019-06-30,33.4,63,12.9,Lucknow
2019-07-01,32.6,64,9.2,Lucknow
2019-07-02,31.3,74,11.0,Lucknow
2019-07-03,31.7,66,18.5,Lucknow
2019-07-04,32.6,64,14.2,Lucknow
2019-07-05,31.7,72,11.3,Lucknow
2019-07-06,29.8,82,8.1,Lucknow
2019-07-07,29.1,85,4.7,Lucknow
2019-07-08,28.6,86,5.8,Lucknow
2019-07-09,27.3,92,5.5,Lucknow
2019-07-10,27.4,90,9.8,Lucknow
2019-07-11,27.6,90,11.5,Lucknow
2019-07-12,29.8,77,13.2,Lucknow
2019-07-13,31.2,67,16.6,Lucknow
2019-07-14,31.3,65,16.2,Lucknow
2019-07-15,30.2,71,12.5,Lucknow
2019-07-16,28.5,84,5.9,Lucknow
2019-07-17,29.5,81,6.1,Lucknow
2019-07-18,30.3,79,4.8,Lucknow
2019-07-19,30.6,79,4.2,Lucknow
2019-07-20,30.9,80,8.7,Lucknow
2019-07-21,30.3,83,8.7,Lucknow
2019-07-22,30.3,83,6.0,Lucknow
2019-07-23,31.4,80,6.6,Lucknow
2019-07-24,28.7,88,7.4,Lucknow
2019-07-25,27.5,88,7.0,Lucknow
2019-07-26,27.5,88,14.4,Lucknow
2019-07-27,27.7,88,14.1,Lucknow
2019-07-28,28.5,83,17.3,Lucknow
2019-07-29,29.7,74,19.8,Lucknow
2019-07-30,29.4,75,19.6,Lucknow
2019-07-31,29.0,79,13.6,Lucknow
2019-08-01,29.2,83,11.4,Lucknow
2019-08-02,29.1,85,11.2,Lucknow
2019-08-03,29.1,86,10.6,Lucknow
2019-08-04,30.1,84,4.8,Lucknow
2019-08-05,28.9,88,6.0,Lucknow
2019-08-06,29.3,88,5.5,Lucknow
2019-08-07,28.8,87,10.2,Lucknow
2019-08-08,29.7,75,22.8,Lucknow
2019-08-09,28.4,80,25.6,Lucknow
2019-08-10,29.3,82,7.5,Lucknow
2019-08-11,29.2,84,4.4,Lucknow
2019-08-12,30.1,80,9.7,Lucknow
2019-08-13,28.9,87,6.7,Lucknow
2019-08-14,28.7,85,16.8,Lucknow
2019-08-15,28.4,84,21.2,Lucknow
2019-08-16,28.7,81,12.9,Lucknow
2019-08-17,28.7,84,6.2,Lucknow
2019-08-18,29.0,83,6.0,Lucknow
2019-08-19,28.0,89,6.8,Lucknow
2019-08-20,28.2,89,5.0,Lucknow
2019-08-21,27.1,92,8.9,Lucknow
2019-08-22,27.2,89,7.1,Lucknow
2019-08-23,28.7,86,3.5,Lucknow
2019-08-24,27.3,91,8.6,Lucknow
2019-08-25,27.7,88,11.2,Lucknow
2019-08-26,29.1,81,11.1,Lucknow
2019-08-27,29.8,80,11.1,Lucknow
2019-08-28,30.4,77,10.6,Lucknow
2019-08-29,29.6,83,9.5,Lucknow
2019-08-30,30.0,83,5.7,Lucknow
2019-08-31,29.7,84,7.1,Lucknow
2019-09-01,28.7,88,10.9,Lucknow
2019-09-02,30.3,80,3.6,Lucknow
2019-09-03,29.9,82,6.8,Lucknow
2019-09-04,29.1,86,9.5,Lucknow
2019-09-05,29.4,83,11.9,Lucknow
2019-09-06,29.5,83,10.7,Lucknow
2019-09-07,28.9,85,10.9,Lucknow
2019-09-08,29.1,83,11.6,Lucknow
2019-09-09,29.2,83,11.6,Lucknow
2019-09-10,29.2,87,7.9,Lucknow
2019-09-11,29.2,86,8.8,Lucknow
2019-09-12,27.6,90,12.4,Lucknow
2019-09-13,27.1,89,17.0,Lucknow
2019-09-14,27.1,91,13.7,Lucknow
2019-09-15,27.5,90,9.1,Lucknow
2019-09-16,27.6,90,5.8,Lucknow
2019-09-17,26.8,91,9.4,Lucknow
2019-09-18,25.0,94,14.0,Lucknow
2019-09-19,25.6,88,11.7,Lucknow
2019-09-20,26.4,88,6.5,Lucknow
2019-09-21,27.1,88,5.3,Lucknow
2019-09-22,26.6,91,8.3,Lucknow
2019-09-23,26.8,89,7.7,Lucknow
2019-09-24,26.3,89,12.2,Lucknow
2019-09-25,26.7,85,18.9,Lucknow
2019-09-26,25.0,92,22.5,Lucknow
2019-09-27,23.6,97,11.8,Lucknow
2019-09-28,24.4,90,17.2,Lucknow
2019-09-29,24.3,85,15.8,Lucknow
2019-09-30,24.4,85,7.8,Lucknow
2019-10-01,25.6,84,3.8,Lucknow
2019-10-02,25.1,92,6.9,Lucknow
2019-10-03,26.1,87,5.9,Lucknow
2019-10-04,26.9,82,5.9,Lucknow
2019-10-05,26.6,78,7.4,Lucknow
2019-10-06,26.3,76,6.9,Lucknow
2019-10-07,25.9,76,7.1,Lucknow
2019-10-08,26.1,75,6.0,Lucknow
2019-10-09,25.9,83,5.9,Lucknow
2019-10-10,26.0,82,5.5,Lucknow
2019-10-11,25.7,75,6.1,Lucknow
2019-10-12,26.0,73,5.5,Lucknow
2019-10-13,26.4,69,5.4,Lucknow
2019-10-14,26.1,69,5.5,Lucknow
2019-10-15,25.8,71,5.3,Lucknow
2019-10-16,26.0,73,4.6,Lucknow
2019-10-17,25.7,76,5.3,Lucknow
2019-10-18,25.3,80,5.0,Lucknow
2019-10-19,25.6,82,4.8,Lucknow
2019-10-20,25.4,82,5.4,Lucknow
2019-10-21,25.2,69,9.3,Lucknow
2019-10-22,23.5,70,9.3,Lucknow
2019-10-23,23.1,72,6.3,Lucknow
2019-10-24,22.8,75,4.9,Lucknow
2019-10-25,23.7,68,7.8,Lucknow
2019-10-26,23.3,74,5.9,Lucknow
2019-10-27,23.8,68,7.5,Lucknow
2019-10-28,25.0,68,5.2,Lucknow
2019-10-29,24.9,73,5.6,Lucknow
2019-10-30,24.7,77,6.4,Lucknow
2019-10-31,24.5,75,7.7,Lucknow
2019-11-01,24.7,76,6.7,Lucknow
2019-11-02,25.2,77,6.9,Lucknow
2019-11-03,25.3,73,8.8,Lucknow
2019-11-04,25.0,68,10.7,Lucknow
2019-11-05,23.5,63,12.0,Lucknow
2019-11-06,22.1,70,7.3,Lucknow
2019-11-07,22.4,75,4.9,Lucknow
2019-11-08,23.2,73,6.0,Lucknow
2019-11-09,23.2,75,5.7,Lucknow
2019-11-10,23.0,65,9.3,Lucknow
2019-11-11,22.8,62,11.3,Lucknow
2019-11-12,22.0,68,8.9,Lucknow
2019-11-13,20.9,71,6.2,Lucknow
2019-11-14,20.9,74,5.5,Lucknow
2019-11-15,20.7,75,6.6,Lucknow
2019-11-16,21.6,74,6.9,Lucknow
2019-11-17,22.0,66,12.3,Lucknow
2019-11-18,20.7,60,11.9,Lucknow
2019-11-19,19.8,66,9.4,Lucknow
2019-11-20,19.2,70,6.2,Lucknow
2019-11-21,19.8,73,5.8,Lucknow
2019-11-22,19.7,75,6.7,Lucknow
2019-11-23,20.2,69,9.2,Lucknow
2019-11-24,20.8,71,9.1,Lucknow
2019-11-25,20.7,70,3.5,Lucknow
2019-11-26,21.0,79,4.6,Lucknow
2019-11-27,21.8,76,6.6,Lucknow
2019-11-28,22.1,75,9.4,Lucknow
2019-11-29,19.3,80,6.5,Lucknow
2019-11-30,19.9,78,8.7,Lucknow
2019-12-01,19.0,73,9.3,Lucknow
2019-12-02,17.9,70,8.8,Lucknow
2019-12-03,16.1,70,8.4,Lucknow
2019-12-04,16.0,75,6.4,Lucknow
2019-12-05,16.6,76,5.7,Lucknow
2019-12-06,17.1,75,6.2,Lucknow
2019-12-07,18.4,76,6.0,Lucknow
2019-12-08,18.6,73,6.6,Lucknow
2019-12-09,17.3,74,6.5,Lucknow
2019-12-10,16.5,76,6.9,Lucknow
2019-12-11,16.4,73,5.5,Lucknow
2019-12-12,17.8,73,12.5,Lucknow
2019-12-13,17.3,87,20.3,Lucknow
2019-12-14,16.3,88,8.6,Lucknow
2019-12-15,15.9,82,7.1,Lucknow
2019-12-16,14.6,80,7.9,Lucknow
2019-12-17,13.1,82,9.6,Lucknow
2019-12-18,12.1,81,6.0,Lucknow
2019-12-19,10.7,86,5.6,Lucknow
2019-12-20,11.9,84,7.6,Lucknow
2019-12-21,13.7,84,6.9,Lucknow
2019-12-22,15.2,79,8.9,Lucknow
2019-12-23,12.2,84,7.2,Lucknow
2019-12-24,10.6,91,5.7,Lucknow
2019-12-25,10.9,87,6.8,Lucknow
2019-12-26,9.0,87,7.4,Lucknow
2019-12-27,8.6,84,7.5,Lucknow
2019-12-28,8.1,88,5.7,Lucknow
2019-12-29,7.2,87,7.1,Lucknow
2019-12-30,7.1,87,4.8,Lucknow
2019-12-31,8.0,87,6.1,Lucknow
2020-01-01,11.8,84,7.8,Lucknow
2020-01-02,14.6,85,10.0,Lucknow
2020-01-03,14.9,90,8.6,Lucknow
2020-01-04,13.9,88,5.7,Lucknow
2020-01-05,14.2,80,10.1,Lucknow
2020-01-06,15.1,75,10.0,Lucknow
2020-01-07,15.0,82,6.6,Lucknow
2020-01-08,13.9,90,12.1,Lucknow
2020-01-09,14.2,86,8.7,Lucknow
2020-01-10,11.4,77,10.5,Lucknow
2020-01-11,11.1,83,7.8,Lucknow
2020-01-12,12.2,84,6.2,Lucknow
2020-01-13,13.3,89,4.6,Lucknow
2020-01-14,15.0,88,4.6,Lucknow
2020-01-15,15.7,86,3.6,Lucknow
2020-01-16,15.2,93,10.4,Lucknow
2020-01-17,15.7,87,7.7,Lucknow
2020-01-18,14.5,87,6.3,Lucknow
2020-01-19,13.8,83,10.4,Lucknow
2020-01-20,12.9,82,8.3,Lucknow
2020-01-21,13.1,79,4.0,Lucknow
2020-01-22,13.1,83,7.5,Lucknow
2020-01-23,13.9,75,15.5,Lucknow
2020-01-24,12.7,72,15.1,Lucknow
2020-01-25,12.4,81,5.2,Lucknow
2020-01-26,13.0,82,9.4,Lucknow
2020-01-27,15.0,79,5.9,Lucknow
2020-01-28,16.2,86,11.1,Lucknow
2020-01-29,16.4,85,11.6,Lucknow
2020-01-30,14.8,77,11.3,Lucknow
2020-01-31,13.1,73,10.7,Lucknow
2020-02-01,13.3,74,9.5,Lucknow
2020-02-02,12.8,73,10.5,Lucknow
2020-02-03,12.6,77,8.2,Lucknow
2020-02-04,13.4,77,5.9,Lucknow
2020-02-05,14.4,71,10.1,Lucknow
2020-02-06,13.7,75,8.0,Lucknow
2020-02-07,14.0,74,7.2,Lucknow
2020-02-08,13.3,71,9.0,Lucknow
2020-02-09,14.1,74,6.2,Lucknow
2020-02-10,14.3,72,8.4,Lucknow
2020-02-11,13.9,70,8.8,Lucknow
2020-02-12,15.3,68,9.5,Lucknow
2020-02-13,18.6,66,13.5,Lucknow
2020-02-14,20.0,59,17.4,Lucknow
2020-02-15,17.3,63,12.2,Lucknow
2020-02-16,17.4,76,5.8,Lucknow
2020-02-17,18.5,70,9.7,Lucknow
2020-02-18,17.6,56,11.6,Lucknow
2020-02-19,18.3,61,7.1,Lucknow
2020-02-20,20.6,63,12.3,Lucknow
2020-02-21,19.2,74,20.4,Lucknow
2020-02-22,18.6,78,10.2,Lucknow
2020-02-23,19.9,81,7.6,Lucknow
2020-02-24,19.3,82,6.0,Lucknow
2020-02-25,17.9,85,7.9,Lucknow
2020-02-26,17.4,80,6.1,Lucknow
2020-02-27,18.2,79,5.5,Lucknow
2020-02-28,19.0,75,6.9,Lucknow
2020-02-29,20.8,74,7.8,Lucknow
2020-03-01,21.4,75,6.8,Lucknow
2020-03-02,21.3,76,6.9,Lucknow
2020-03-03,21.8,67,7.2,Lucknow
2020-03-04,21.2,66,6.7,Lucknow
2020-03-05,20.4,74,8.3,Lucknow
2020-03-06,19.3,85,13.0,Lucknow
2020-03-07,19.5,83,13.5,Lucknow
2020-03-08,18.8,76,10.1,Lucknow
2020-03-09,19.1,61,12.3,Lucknow
2020-03-10,18.9,65,6.7,Lucknow
2020-03-11,21.1,69,9.9,Lucknow
2020-03-12,23.2,67,8.6,Lucknow
2020-03-13,20.4,85,11.6,Lucknow
2020-03-14,18.7,84,7.2,Lucknow
2020-03-15,19.4,78,8.7,Lucknow
2020-03-16,19.5,69,7.9,Lucknow
2020-03-17,20.4,65,8.1,Lucknow
2020-03-18,21.8,57,11.1,Lucknow
2020-03-19,22.5,61,8.9,Lucknow
2020-03-20,23.4,62,5.9,Lucknow
2020-03-21,22.9,64,8.6,Lucknow
2020-03-22,23.3,63,8.5,Lucknow
2020-03-23,23.5,67,7.7,Lucknow
2020-03-24,25.0,63,6.5,Lucknow
2020-03-25,26.3,55,10.7,Lucknow
2020-03-26,27.3,44,15.1,Lucknow
2020-03-27,23.5,67,13.0,Lucknow
2020-03-28,24.2,61,14.0,Lucknow
2020-03-29,24.6,47,16.3,Lucknow
2020-03-30,24.6,39,15.6,Lucknow
2020-03-31,25.0,44,11.2,Lucknow
2020-04-01,26.4,48,8.6,Lucknow
2020-04-02,26.5,42,13.0,Lucknow
2020-04-03,25.4,33,13.8,Lucknow
2020-04-04,24.7,37,11.6,Lucknow
2020-04-05,25.9,36,11.1,Lucknow
2020-04-06,28.6,33,13.6,Lucknow
2020-04-07,28.5,32,12.0,Lucknow
2020-04-08,28.4,35,10.1,Lucknow
2020-04-09,27.3,36,9.6,Lucknow
2020-04-10,26.9,39,8.3,Lucknow
2020-04-11,29.3,36,6.6,Lucknow
2020-04-12,29.0,36,8.6,Lucknow
2020-04-13,29.8,36,8.9,Lucknow
2020-04-14,29.7,49,9.4,Lucknow
2020-04-15,29.9,48,11.0,Lucknow
2020-04-16,29.8,53,10.3,Lucknow
2020-04-17,30.6,47,7.5,Lucknow
2020-04-18,30.3,45,10.8,Lucknow
2020-04-19,30.1,44,7.9,Lucknow
2020-04-20,29.1,43,10.8,Lucknow
2020-04-21,27.3,53,9.5,Lucknow
2020-04-22,27.7,50,10.0,Lucknow
2020-04-23,27.8,47,8.4,Lucknow
2020-04-24,29.3,44,8.6,Lucknow
2020-04-25,27.3,64,10.6,Lucknow
2020-04-26,26.4,69,15.6,Lucknow
2020-04-27,26.1,69,13.4,Lucknow
2020-04-28,26.3,70,8.7,Lucknow
2020-04-29,27.2,67,9.2,Lucknow
2020-04-30,28.9,57,8.2,Lucknow
2020-05-01,27.2,67,14.4,Lucknow
2020-05-02,27.6,64,12.4,Lucknow
2020-05-03,29.1,58,12.3,Lucknow
2020-05-04,28.7,64,9.0,Lucknow
2020-05-05,26.6,71,7.7,Lucknow
2020-05-06,27.6,63,6.8,Lucknow
2020-05-07,27.3,65,9.0,Lucknow
2020-05-08,28.9,60,8.0,Lucknow
2020-05-09,29.1,62,11.6,Lucknow
2020-05-10,27.8,70,14.7,Lucknow
2020-05-11,27.1,71,5.7,Lucknow
2020-05-12,27.7,71,7.2,Lucknow
2020-05-13,29.0,69,6.6,Lucknow
2020-05-14,29.6,66,6.0,Lucknow
2020-05-15,30.8,56,7.9,Lucknow
2020-05-16,30.3,47,9.9,Lucknow
2020-05-17,30.5,45,8.6,Lucknow
2020-05-18,30.6,47,6.6,Lucknow
2020-05-19,30.8,40,7.5,Lucknow
2020-05-20,29.9,52,7.9,Lucknow
2020-05-21,30.5,43,8.6,Lucknow
2020-05-22,31.2,45,5.9,Lucknow
2020-05-23,32.3,57,9.6,Lucknow
2020-05-24,33.5,49,8.7,Lucknow
2020-05-25,34.5,33,12.2,Lucknow
2020-05-26,34.5,27,9.4,Lucknow
2020-05-27,33.9,38,10.9,Lucknow
2020-05-28,31.2,54,18.2,Lucknow
2020-05-29,30.4,57,16.6,Lucknow
2020-05-30,29.0,65,13.0,Lucknow
2020-05-31,28.0,71,6.6,Lucknow
2020-06-01,28.7,69,7.7,Lucknow
2020-06-02,29.9,61,6.8,Lucknow
2020-06-03,30.5,60,5.5,Lucknow
2020-06-04,26.4,81,6.2,Lucknow
2020-06-05,24.4,88,11.0,Lucknow
2020-06-06,26.5,74,4.8,Lucknow
2020-06-07,28.8,68,4.4,Lucknow
2020-06-08,30.3,67,5.6,Lucknow
2020-06-09,31.9,58,5.4,Lucknow
2020-06-10,32.6,64,10.1,Lucknow
2020-06-11,32.6,64,11.0,Lucknow
2020-06-12,33.0,62,11.4,Lucknow
2020-06-13,32.8,62,13.7,Lucknow
2020-06-14,32.3,63,11.8,Lucknow
2020-06-15,31.6,67,10.4,Lucknow
2020-06-16,30.9,68,15.1,Lucknow
2020-06-17,28.0,85,10.6,Lucknow
2020-06-18,28.5,86,8.8,Lucknow
2020-06-19,29.0,78,12.8,Lucknow
2020-06-20,28.3,81,13.1,Lucknow
2020-06-21,27.3,86,10.0,Lucknow
2020-06-22,27.6,86,11.6,Lucknow
2020-06-23,28.0,85,14.8,Lucknow
2020-06-24,28.5,86,9.6,Lucknow
2020-06-25,27.5,90,6.4,Lucknow
2020-06-26,29.4,81,8.3,Lucknow
2020-06-27,29.5,81,10.7,Lucknow
2020-06-28,30.2,80,11.0,Lucknow
2020-06-29,27.6,84,9.8,Lucknow
2020-06-30,28.6,81,9.0,Lucknow
2020-07-01,29.6,81,6.6,Lucknow
2015-01-01,25.1,87,6.5,Chennai
2015-01-02,25.6,87,10.5,Chennai
2015-01-03,25.3,90,7.7,Chennai
2015-01-04,25.2,86,7.2,Chennai
2015-01-05,24.8,83,9.8,Chennai
2015-01-06,24.6,84,7.2,Chennai
2015-01-07,24.4,85,8.2,Chennai
2015-01-08,24.5,85,6.9,Chennai
2015-01-09,24.0,81,9.1,Chennai
2015-01-10,23.0,73,12.1,Chennai
2015-01-11,23.2,68,12.6,Chennai
2015-01-12,23.3,64,14.2,Chennai
2015-01-13,23.0,66,13.1,Chennai
2015-01-14,23.0,68,12.1,Chennai
2015-01-15,23.2,77,11.2,Chennai
2015-01-16,24.4,79,14.0,Chennai
2015-01-17,24.4,73,13.8,Chennai
2015-01-18,24.0,68,11.4,Chennai
2015-01-19,23.9,68,12.2,Chennai
2015-01-20,23.7,66,13.8,Chennai
2015-01-21,23.5,66,14.3,Chennai
2015-01-22,23.7,79,12.7,Chennai
2015-01-23,24.4,80,11.3,Chennai
2015-01-24,24.5,80,13.3,Chennai
2015-01-25,23.8,71,13.8,Chennai
2015-01-26,24.3,66,12.2,Chennai
2015-01-27,24.1,69,15.5,Chennai
2015-01-28,24.3,70,12.0,Chennai
2015-01-29,24.5,73,13.0,Chennai
2015-01-30,24.8,70,12.3,Chennai
2015-01-31,24.6,70,13.3,Chennai
2015-02-01,24.5,73,12.3,Chennai
2015-02-02,24.7,72,15.3,Chennai
2015-02-03,24.9,66,16.1,Chennai
2015-02-04,24.7,68,15.2,Chennai
2015-02-05,24.4,72,12.9,Chennai
2015-02-06,24.7,72,10.5,Chennai
2015-02-07,24.3,73,11.2,Chennai
2015-02-08,24.6,70,10.8,Chennai
2015-02-09,24.6,66,12.4,Chennai
2015-02-10,24.6,65,13.9,Chennai
2015-02-11,24.6,77,13.3,Chennai
2015-02-12,25.5,73,13.2,Chennai
2015-02-13,25.3,73,9.0,Chennai
2015-02-14,24.8,76,9.0,Chennai
2015-02-15,25.2,74,9.8,Chennai
2015-02-16,25.2,76,9.4,Chennai
2015-02-17,24.7,77,7.8,Chennai
2015-02-18,24.5,76,12.3,Chennai
2015-02-19,24.7,73,11.5,Chennai
2015-02-20,24.7,73,10.0,Chennai
2015-02-21,24.6,72,9.3,Chennai
2015-02-22,24.8,72,9.1,Chennai
2015-02-23,24.5,73,7.5,Chennai
2015-02-24,24.6,73,7.8,Chennai
2015-02-25,24.6,71,8.1,Chennai
2015-02-26,25.6,73,9.0,Chennai
2015-02-27,26.7,77,12.2,Chennai
2015-02-28,26.7,77,14.3,Chennai
2015-03-01,27.0,74,17.0,Chennai
2015-03-02,26.7,75,13.7,Chennai
2015-03-03,27.1,74,7.9,Chennai
2015-03-04,27.7,73,11.9,Chennai
2015-03-05,27.8,78,11.8,Chennai
2015-03-06,27.8,77,10.1,Chennai
2015-03-07,27.4,76,8.6,Chennai
2015-03-08,27.2,75,9.3,Chennai
2015-03-09,27.1,74,8.8,Chennai
2015-03-10,26.5,71,9.9,Chennai
2015-03-11,26.5,68,10.5,Chennai
2015-03-12,27.6,67,12.4,Chennai
2015-03-13,27.3,71,10.2,Chennai
2015-03-14,27.1,70,12.1,Chennai
2015-03-15,27.2,74,11.8,Chennai
2015-03-16,26.7,73,10.3,Chennai
2015-03-17,26.2,75,7.3,Chennai
2015-03-18,26.8,72,10.8,Chennai
2015-03-19,27.2,74,10.7,Chennai
2015-03-20,27.0,74,8.5,Chennai
2015-03-21,27.3,72,7.2,Chennai
2015-03-22,27.6,72,10.3,Chennai
2015-03-23,28.3,75,13.1,Chennai
2015-03-24,27.8,77,13.7,Chennai
2015-03-25,27.8,75,13.0,Chennai
2015-03-26,27.8,72,10.5,Chennai
2015-03-27,28.1,69,9.4,Chennai
2015-03-28,28.5,71,10.3,Chennai
2015-03-29,28.6,72,11.4,Chennai
2015-03-30,29.1,71,13.1,Chennai
2015-03-31,29.0,74,12.6,Chennai
2015-04-01,29.1,74,12.9,Chennai
2015-04-02,29.6,73,16.3,Chennai
2015-04-03,30.3,71,17.0,Chennai
2015-04-04,30.7,71,18.3,Chennai
2015-04-05,30.2,74,18.8,Chennai
2015-04-06,29.8,70,18.7,Chennai
2015-04-07,29.8,73,18.0,Chennai
2015-04-08,29.2,76,15.7,Chennai
2015-04-09,29.1,75,13.2,Chennai
2015-04-10,29.4,70,14.1,Chennai
2015-04-11,29.2,70,16.5,Chennai
2015-04-12,29.0,67,12.4,Chennai
2015-04-13,28.4,67,9.9,Chennai
2015-04-14,28.4,67,10.9,Chennai
2015-04-15,25.8,83,9.0,Chennai
2015-04-16,27.3,80,6.2,Chennai
2015-04-17,28.3,76,7.5,Chennai
2015-04-18,28.6,73,8.1,Chennai
2015-04-19,28.8,74,9.3,Chennai
2015-04-20,29.0,74,10.5,Chennai
2015-04-21,28.9,77,13.4,Chennai
2015-04-22,29.8,74,16.6,Chennai
2015-04-23,30.7,71,18.3,Chennai
2015-04-24,30.8,71,14.4,Chennai
2015-04-25,28.8,77,15.7,Chennai
2015-04-26,29.4,74,13.5,Chennai
2015-04-27,29.0,77,12.1,Chennai
2015-04-28,29.7,74,15.6,Chennai
2015-04-29,30.1,74,19.8,Chennai
2015-04-30,30.5,72,19.6,Chennai
2015-05-01,30.8,72,19.5,Chennai
2015-05-02,30.8,71,19.5,Chennai
2015-05-03,30.6,73,17.3,Chennai
2015-05-04,29.9,73,14.2,Chennai
2015-05-05,29.7,74,9.7,Chennai
2015-05-06,29.8,74,12.2,Chennai
2015-05-07,30.3,72,11.5,Chennai
2015-05-08,31.0,72,14.0,Chennai
2015-05-09,31.1,72,16.8,Chennai
2015-05-10,30.9,72,14.3,Chennai
2015-05-11,30.0,74,14.1,Chennai
2015-05-12,30.7,70,10.6,Chennai
2015-05-13,28.0,83,9.6,Chennai
2015-05-14,27.2,86,9.7,Chennai
2015-05-15,28.3,83,8.6,Chennai
2015-05-16,27.8,83,9.6,Chennai
2015-05-17,28.0,84,13.4,Chennai
2015-05-18,29.7,77,15.2,Chennai
2015-05-19,31.1,71,18.4,Chennai
2015-05-20,31.4,69,18.0,Chennai
2015-05-21,32.7,66,23.0,Chennai
2015-05-22,33.0,62,21.7,Chennai
2015-05-23,33.2,60,20.4,Chennai
2015-05-24,33.5,57,18.2,Chennai
2015-05-25,33.9,54,16.9,Chennai
2015-05-26,33.4,56,16.7,Chennai
2015-05-27,33.0,56,19.9,Chennai
2015-05-28,32.0,63,16.2,Chennai
2015-05-29,32.3,63,16.3,Chennai
2015-05-30,31.6,65,13.6,Chennai
2015-05-31,31.6,70,19.0,Chennai
2015-06-01,30.0,74,10.5,Chennai
2015-06-02,30.4,73,8.6,Chennai
2015-06-03,30.3,71,11.5,Chennai
2015-06-04,30.5,74,17.3,Chennai
2015-06-05,30.8,71,16.5,Chennai
2015-06-06,30.6,74,13.0,Chennai
2015-06-07,31.1,71,18.7,Chennai
2015-06-08,31.2,68,16.1,Chennai
2015-06-09,30.8,67,10.8,Chennai
2015-06-10,30.6,72,14.2,Chennai
2015-06-11,31.8,65,17.1,Chennai
2015-06-12,29.6,73,11.5,Chennai
2015-06-13,30.9,68,14.4,Chennai
2015-06-14,31.1,62,11.8,Chennai
2015-06-15,31.2,57,13.6,Chennai
2015-06-16,30.5,60,15.7,Chennai
2015-06-17,27.2,80,17.1,Chennai
2015-06-18,26.8,80,13.3,Chennai
2015-06-19,28.6,68,15.8,Chennai
2015-06-20,29.7,59,19.1,Chennai
2015-06-21,31.2,52,20.1,Chennai
2015-06-22,31.7,53,20.0,Chennai
2015-06-23,31.9,56,19.3,Chennai
2015-06-24,32.2,55,18.8,Chennai
2015-06-25,32.6,49,18.9,Chennai
2015-06-26,31.8,54,18.4,Chennai
2015-06-27,32.0,52,18.5,Chennai
2015-06-28,31.5,58,16.0,Chennai
2015-06-29,31.3,62,15.3,Chennai
2015-06-30,31.5,62,13.3,Chennai
2015-07-01,32.0,59,14.6,Chennai
2015-07-02,32.5,58,14.1,Chennai
2015-07-03,31.4,64,13.1,Chennai
2015-07-04,32.5,56,14.5,Chennai
2015-07-05,32.8,51,15.4,Chennai
2015-07-06,33.1,47,14.4,Chennai
2015-07-07,32.8,44,16.6,Chennai
2015-07-08,32.7,52,14.1,Chennai
2015-07-09,33.0,48,15.4,Chennai
2015-07-10,31.6,59,16.6,Chennai
2015-07-11,32.1,52,14.8,Chennai
2015-07-12,32.1,55,13.7,Chennai
2015-07-13,31.4,63,14.0,Chennai
2015-07-14,30.9,65,10.8,Chennai
2015-07-15,30.1,68,10.1,Chennai
2015-07-16,30.9,63,14.1,Chennai
2015-07-17,31.2,58,14.7,Chennai
2015-07-18,31.2,58,14.0,Chennai
2015-07-19,31.0,58,17.0,Chennai
2015-07-20,30.7,56,15.7,Chennai
2015-07-21,30.3,63,14.8,Chennai
2015-07-22,29.6,72,16.1,Chennai
2015-07-23,29.7,71,16.6,Chennai
2015-07-24,29.5,73,14.0,Chennai
2015-07-25,30.1,65,14.2,Chennai
2015-07-26,29.3,68,14.6,Chennai
2015-07-27,29.1,70,11.2,Chennai
2015-07-28,29.9,66,12.3,Chennai
2015-07-29,30.4,64,15.5,Chennai
2015-07-30,30.8,61,14.2,Chennai
2015-07-31,30.0,66,14.6,Chennai
2015-08-01,30.1,64,10.5,Chennai
2015-08-02,27.7,78,14.0,Chennai
2015-08-03,29.9,65,15.9,Chennai
2015-08-04,29.9,64,14.1,Chennai
2015-08-05,29.4,69,14.8,Chennai
2015-08-06,30.6,59,14.5,Chennai
2015-08-07,30.6,62,13.6,Chennai
2015-08-08,30.7,65,10.7,Chennai
2015-08-09,30.5,65,11.1,Chennai
2015-08-10,29.9,68,10.2,Chennai
2015-08-11,30.0,66,11.2,Chennai
2015-08-12,29.5,68,8.1,Chennai
2015-08-13,30.5,65,11.5,Chennai
2015-08-14,30.5,68,11.1,Chennai
2015-08-15,30.4,69,13.0,Chennai
2015-08-16,29.0,75,11.6,Chennai
2015-08-17,28.2,79,11.1,Chennai
2015-08-18,28.7,79,14.2,Chennai
2015-08-19,29.2,76,17.4,Chennai
2015-08-20,29.8,74,16.7,Chennai
2015-08-21,28.8,79,8.4,Chennai
2015-08-22,27.3,82,12.2,Chennai
2015-08-23,27.8,80,14.7,Chennai
2015-08-24,29.1,72,13.0,Chennai
2015-08-25,30.0,64,11.3,Chennai
2015-08-26,29.6,71,13.4,Chennai
2015-08-27,28.7,75,12.0,Chennai
2015-08-28,29.2,70,13.2,Chennai
2015-08-29,29.6,71,13.6,Chennai
2015-08-30,30.1,71,12.3,Chennai
2015-08-31,30.1,73,10.7,Chennai
2015-09-01,30.4,70,14.8,Chennai
2015-09-02,30.4,69,12.8,Chennai
2015-09-03,29.5,77,14.5,Chennai
2015-09-04,29.5,76,13.3,Chennai
2015-09-05,29.4,76,13.5,Chennai
2015-09-06,30.0,72,19.7,Chennai
2015-09-07,27.8,80,10.7,Chennai
2015-09-08,28.9,73,13.5,Chennai
2015-09-09,29.0,72,12.3,Chennai
2015-09-10,28.2,79,6.9,Chennai
2015-09-11,27.9,77,10.0,Chennai
2015-09-12,28.4,75,10.2,Chennai
2015-09-13,29.4,69,12.7,Chennai
2015-09-14,29.4,68,13.1,Chennai
2015-09-15,29.6,62,16.2,Chennai
2015-09-16,30.7,57,16.0,Chennai
2015-09-17,30.5,62,14.0,Chennai
2015-09-18,30.4,67,11.9,Chennai
2015-09-19,28.5,80,8.6,Chennai
2015-09-20,30.0,74,9.1,Chennai
2015-09-21,29.5,74,10.1,Chennai
2015-09-22,29.8,74,12.7,Chennai
2015-09-23,29.9,75,12.8,Chennai
2015-09-24,29.9,75,15.3,Chennai
2015-09-25,29.9,74,12.7,Chennai
2015-09-26,29.2,77,8.8,Chennai
2015-09-27,28.7,78,6.2,Chennai
2015-09-28,28.0,78,9.6,Chennai
2015-09-29,27.7,81,6.2,Chennai
2015-09-30,27.3,81,4.9,Chennai
2015-10-01,27.6,82,10.9,Chennai
2015-10-02,28.9,77,11.9,Chennai
2015-10-03,28.0,82,8.8,Chennai
2015-10-04,27.9,81,9.7,Chennai
2015-10-05,27.4,83,7.6,Chennai
2015-10-06,27.7,79,7.5,Chennai
2015-10-07,28.4,81,8.8,Chennai
2015-10-08,28.5,79,10.2,Chennai
2015-10-09,28.7,80,11.4,Chennai
2015-10-10,28.9,79,9.9,Chennai
2015-10-11,28.4,80,6.7,Chennai
2015-10-12,28.5,81,8.4,Chennai
2015-10-13,28.1,80,9.0,Chennai
2015-10-14,27.7,79,8.4,Chennai
2015-10-15,27.6,77,8.6,Chennai
2015-10-16,27.7,77,7.5,Chennai
2015-10-17,27.7,79,7.9,Chennai
2015-10-18,28.2,78,9.5,Chennai
2015-10-19,28.3,79,8.1,Chennai
2015-10-20,28.4,77,6.7,Chennai
2015-10-21,28.3,75,7.4,Chennai
2015-10-22,27.7,73,8.1,Chennai
2015-10-23,27.2,79,9.1,Chennai
2015-10-24,28.1,70,11.6,Chennai
2015-10-25,27.7,72,12.5,Chennai
2015-10-26,28.0,71,13.5,Chennai
2015-10-27,27.3,78,13.8,Chennai
2015-10-28,26.4,85,8.8,Chennai
2015-10-29,26.4,85,12.0,Chennai
2015-10-30,25.9,89,6.6,Chennai
2015-10-31,25.5,91,5.1,Chennai
2015-11-01,26.0,89,9.8,Chennai
2015-11-02,25.9,87,6.3,Chennai
2015-11-03,26.7,85,5.2,Chennai
2015-11-04,27.0,85,7.6,Chennai
2015-11-05,26.6,85,8.4,Chennai
2015-11-06,26.6,85,11.9,Chennai
2015-11-07,26.3,86,13.5,Chennai
2015-11-08,25.0,93,26.0,Chennai
2015-11-09,25.4,92,33.0,Chennai
2015-11-10,25.5,79,24.0,Chennai
2015-11-11,25.6,90,12.4,Chennai
2015-11-12,25.8,89,12.0,Chennai
2015-11-13,25.7,84,17.9,Chennai
2015-11-14,26.5,78,18.0,Chennai
2015-11-15,25.2,91,20.4,Chennai
2015-11-16,25.1,93,18.1,Chennai
2015-11-17,24.1,86,12.2,Chennai
2015-11-18,25.2,86,6.0,Chennai
2015-11-19,25.1,92,6.0,Chennai
2015-11-20,25.4,91,9.4,Chennai
2015-11-21,25.7,89,13.6,Chennai
2015-11-22,25.4,91,13.7,Chennai
2015-11-23,25.5,90,11.2,Chennai
2015-11-24,25.9,86,10.6,Chennai
2015-11-25,25.9,80,13.6,Chennai
2015-11-26,26.0,79,14.0,Chennai
2015-11-27,25.9,78,10.7,Chennai
2015-11-28,25.2,78,11.6,Chennai
2015-11-29,25.4,90,13.6,Chennai
2015-11-30,25.0,91,15.4,Chennai
2015-12-01,24.7,93,18.9,Chennai
2015-12-02,24.3,94,13.6,Chennai
2015-12-03,25.1,88,19.9,Chennai
2015-12-04,25.4,86,19.4,Chennai
2015-12-05,25.6,85,19.6,Chennai
2015-12-06,25.3,88,17.2,Chennai
2015-12-07,26.1,76,20.7,Chennai
2015-12-08,25.9,76,18.9,Chennai
2015-12-09,25.1,89,13.8,Chennai
2015-12-10,25.5,83,14.6,Chennai
2015-12-11,25.7,86,7.3,Chennai
2015-12-12,25.9,81,8.9,Chennai
2015-12-13,25.4,76,5.7,Chennai
2015-12-14,25.1,82,8.5,Chennai
2015-12-15,24.4,79,7.7,Chennai
2015-12-16,24.3,75,6.2,Chennai
2015-12-17,24.9,76,7.3,Chennai
2015-12-18,25.4,77,8.5,Chennai
2015-12-19,25.6,81,10.3,Chennai
2015-12-20,25.1,81,9.8,Chennai
2015-12-21,24.6,79,5.8,Chennai
2015-12-22,25.1,80,6.5,Chennai
2015-12-23,25.5,79,8.9,Chennai
2015-12-24,25.3,81,9.4,Chennai
2015-12-25,25.2,80,10.7,Chennai
2015-12-26,24.8,83,17.6,Chennai
2015-12-27,25.6,77,22.5,Chennai
2015-12-28,25.2,71,17.3,Chennai
2015-12-29,24.7,74,14.1,Chennai
2015-12-30,24.6,77,11.9,Chennai
2015-12-31,24.4,75,13.8,Chennai
2016-01-01,25.1,70,16.5,Chennai
2016-01-02,24.6,76,14.4,Chennai
2016-01-03,24.0,78,9.3,Chennai
2016-01-04,24.5,77,10.5,Chennai
2016-01-05,24.6,76,12.0,Chennai
2016-01-06,24.8,73,13.0,Chennai
2016-01-07,24.8,70,12.8,Chennai
2016-01-08,24.5,70,13.0,Chennai
2016-01-09,23.5,75,8.8,Chennai
2016-01-10,23.2,73,8.4,Chennai
2016-01-11,23.2,73,8.7,Chennai
2016-01-12,23.5,72,7.8,Chennai
2016-01-13,23.9,72,7.5,Chennai
2016-01-14,24.2,70,9.0,Chennai
2016-01-15,24.0,65,10.3,Chennai
2016-01-16,23.2,70,9.6,Chennai
2016-01-17,24.1,69,8.2,Chennai
2016-01-18,24.6,69,9.3,Chennai
2016-01-19,25.6,68,9.8,Chennai
2016-01-20,25.4,74,7.9,Chennai
2016-01-21,25.8,74,9.1,Chennai
2016-01-22,25.5,78,12.0,Chennai
2016-01-23,24.9,84,15.3,Chennai
2016-01-24,25.6,80,16.0,Chennai
2016-01-25,25.6,75,10.9,Chennai
2016-01-26,25.4,75,10.4,Chennai
2016-01-27,25.3,73,7.8,Chennai
2016-01-28,25.0,76,7.2,Chennai
2016-01-29,24.9,78,7.0,Chennai
2016-01-30,24.6,78,7.1,Chennai
2016-01-31,24.4,78,7.1,Chennai
2016-02-01,23.9,78,6.4,Chennai
2016-02-02,23.8,76,6.0,Chennai
2016-02-03,24.3,79,6.3,Chennai
2016-02-04,24.4,78,7.8,Chennai
2016-02-05,25.5,74,7.6,Chennai
2016-02-06,25.4,72,9.5,Chennai
2016-02-07,26.1,70,10.1,Chennai
2016-02-08,25.9,73,8.8,Chennai
2016-02-09,25.4,76,7.8,Chennai
2016-02-10,25.2,77,7.9,Chennai
2016-02-11,25.7,75,11.7,Chennai
2016-02-12,25.7,76,10.5,Chennai
2016-02-13,25.8,77,9.6,Chennai
2016-02-14,25.4,73,10.1,Chennai
2016-02-15,25.7,72,11.5,Chennai
2016-02-16,26.2,72,12.0,Chennai
2016-02-17,26.6,70,14.5,Chennai
2016-02-18,27.1,68,12.8,Chennai
2016-02-19,26.4,74,9.9,Chennai
2016-02-20,27.2,76,8.7,Chennai
2016-02-21,27.2,78,10.8,Chennai
2016-02-22,26.9,77,12.2,Chennai
2016-02-23,26.3,73,14.2,Chennai
2016-02-24,26.6,67,14.3,Chennai
2016-02-25,27.1,74,14.3,Chennai
2016-02-26,27.0,75,14.7,Chennai
2016-02-27,27.2,73,11.8,Chennai
2016-02-28,27.8,75,12.4,Chennai
2016-02-29,27.6,74,11.5,Chennai
2016-03-01,27.5,72,10.8,Chennai
2016-03-02,27.0,73,10.2,Chennai
2016-03-03,26.6,72,10.9,Chennai
2016-03-04,26.6,72,8.3,Chennai
2016-03-05,27.0,72,8.7,Chennai
2016-03-06,26.9,72,10.6,Chennai
2016-03-07,27.0,70,10.9,Chennai
2016-03-08,27.1,70,10.0,Chennai
2016-03-09,26.9,71,9.7,Chennai
2016-03-10,27.7,71,9.6,Chennai
2016-03-11,28.2,72,10.1,Chennai
2016-03-12,27.8,74,11.5,Chennai
2016-03-13,28.8,73,15.4,Chennai
2016-03-14,28.6,72,17.2,Chennai
2016-03-15,28.5,70,15.7,Chennai
2016-03-16,28.8,71,13.7,Chennai
2016-03-17,28.8,74,12.3,Chennai
2016-03-18,28.1,74,11.9,Chennai
2016-03-19,28.3,74,14.5,Chennai
2016-03-20,29.1,73,16.2,Chennai
2016-03-21,29.8,68,16.3,Chennai
2016-03-22,30.2,71,18.3,Chennai
2016-03-23,30.3,73,18.5,Chennai
2016-03-24,29.3,75,14.4,Chennai
2016-03-25,28.5,73,14.9,Chennai
2016-03-26,28.5,72,12.8,Chennai
2016-03-27,28.0,72,14.5,Chennai
2016-03-28,28.4,70,10.7,Chennai
2016-03-29,28.8,75,12.1,Chennai
2016-03-30,29.2,73,14.3,Chennai
2016-03-31,29.3,71,14.6,Chennai
2016-04-01,29.4,70,15.2,Chennai
2016-04-02,29.4,71,15.3,Chennai
2016-04-03,29.8,72,15.8,Chennai
2016-04-04,29.5,73,15.5,Chennai
2016-04-05,29.6,70,16.4,Chennai
2016-04-06,29.6,74,15.5,Chennai
2016-04-07,30.0,75,13.3,Chennai
2016-04-08,29.8,73,14.5,Chennai
2016-04-09,29.5,71,13.4,Chennai
2016-04-10,29.5,72,12.6,Chennai
2016-04-11,29.5,74,14.3,Chennai
2016-04-12,30.5,75,17.7,Chennai
2016-04-13,31.5,73,18.3,Chennai
2016-04-14,31.5,72,21.4,Chennai
2016-04-15,31.0,74,17.1,Chennai
2016-04-16,30.7,75,19.2,Chennai
2016-04-17,30.6,75,18.4,Chennai
2016-04-18,30.5,74,18.2,Chennai
2016-04-19,30.5,72,16.4,Chennai
2016-04-20,30.9,70,16.4,Chennai
2016-04-21,31.5,73,20.4,Chennai
2016-04-22,32.2,69,21.9,Chennai
2016-04-23,32.6,67,21.3,Chennai
2016-04-24,32.5,69,21.7,Chennai
2016-04-25,31.9,70,20.6,Chennai
2016-04-26,31.0,72,17.8,Chennai
2016-04-27,30.7,74,14.7,Chennai
2016-04-28,30.9,74,16.8,Chennai
2016-04-29,31.0,73,16.6,Chennai
2016-04-30,30.8,73,17.5,Chennai
2016-05-01,31.0,71,18.7,Chennai
2016-05-02,31.5,69,18.8,Chennai
2016-05-03,31.5,72,19.7,Chennai
2016-05-04,31.4,71,18.6,Chennai
2016-05-05,31.2,71,16.8,Chennai
2016-05-06,30.8,71,11.8,Chennai
2016-05-07,31.0,69,13.8,Chennai
2016-05-08,31.4,68,12.4,Chennai
2016-05-09,31.3,72,13.2,Chennai
2016-05-10,31.0,72,11.9,Chennai
2016-05-11,30.9,72,11.7,Chennai
2016-05-12,31.2,70,16.6,Chennai
2016-05-13,31.8,66,15.8,Chennai
2016-05-14,31.5,70,15.0,Chennai
2016-05-15,31.1,70,10.6,Chennai
2016-05-16,29.0,81,13.6,Chennai
2016-05-17,26.3,94,23.7,Chennai
2016-05-18,26.5,89,28.2,Chennai
2016-05-19,27.6,81,23.7,Chennai
2016-05-20,30.3,69,18.3,Chennai
2016-05-21,30.8,71,16.5,Chennai
2016-05-22,31.4,68,16.0,Chennai
2016-05-23,31.4,70,14.8,Chennai
2016-05-24,31.4,71,15.9,Chennai
2016-05-25,31.6,70,15.9,Chennai
2016-05-26,31.6,69,14.1,Chennai
2016-05-27,31.2,73,13.1,Chennai
2016-05-28,31.4,68,14.2,Chennai
2016-05-29,30.9,69,11.3,Chennai
2016-05-30,31.4,68,13.9,Chennai
2016-05-31,31.4,67,11.8,Chennai
2016-06-01,31.3,68,12.8,Chennai
2016-06-02,30.5,72,11.0,Chennai
2016-06-03,30.8,74,12.0,Chennai
2016-06-04,29.7,76,11.8,Chennai
2016-06-05,29.4,79,8.8,Chennai
2016-06-06,29.3,80,12.9,Chennai
2016-06-07,28.9,82,12.4,Chennai
2016-06-08,28.3,85,10.1,Chennai
2016-06-09,29.5,77,17.1,Chennai
2016-06-10,30.1,72,18.4,Chennai
2016-06-11,30.7,65,16.2,Chennai
2016-06-12,30.7,65,15.3,Chennai
2016-06-13,30.3,68,13.1,Chennai
2016-06-14,30.1,66,13.3,Chennai
2016-06-15,30.8,62,14.0,Chennai
2016-06-16,31.2,61,13.5,Chennai
2016-06-17,30.2,64,12.7,Chennai
2016-06-18,29.6,68,9.9,Chennai
2016-06-19,28.8,76,11.5,Chennai
2016-06-20,28.3,80,8.1,Chennai
2016-06-21,27.9,84,9.6,Chennai
2016-06-22,27.7,81,9.9,Chennai
2016-06-23,27.5,81,15.7,Chennai
2016-06-24,27.6,75,10.9,Chennai
2016-06-25,28.8,67,14.3,Chennai
2016-06-26,28.3,70,11.4,Chennai
2016-06-27,28.2,76,9.3,Chennai
2016-06-28,27.4,80,15.8,Chennai
2016-06-29,26.6,83,17.4,Chennai
2016-06-30,28.3,73,15.9,Chennai
2016-07-01,29.7,64,16.7,Chennai
2016-07-02,30.0,62,16.1,Chennai
2016-07-03,29.8,67,15.2,Chennai
2016-07-04,29.6,70,14.8,Chennai
2016-07-05,28.8,73,14.0,Chennai
2016-07-06,29.4,71,13.7,Chennai
2016-07-07,28.8,73,14.5,Chennai
2016-07-08,29.5,68,16.5,Chennai
2016-07-09,30.3,59,19.7,Chennai
2016-07-10,30.7,56,18.6,Chennai
2016-07-11,30.9,54,18.9,Chennai
2016-07-12,30.8,55,15.3,Chennai
2016-07-13,31.0,56,13.4,Chennai
2016-07-14,30.6,65,12.3,Chennai
2016-07-15,29.5,75,12.8,Chennai
2016-07-16,29.0,76,11.8,Chennai
2016-07-17,28.4,81,12.1,Chennai
2016-07-18,28.7,78,10.8,Chennai
2016-07-19,26.6,86,8.4,Chennai
2016-07-20,27.5,80,9.2,Chennai
2016-07-21,27.9,75,12.4,Chennai
2016-07-22,26.9,81,13.5,Chennai
2016-07-23,27.2,80,10.7,Chennai
2016-07-24,28.0,80,10.5,Chennai
2016-07-25,27.6,82,11.1,Chennai
2016-07-26,27.4,83,11.9,Chennai
2016-07-27,28.0,82,13.8,Chennai
2016-07-28,27.6,82,10.0,Chennai
2016-07-29,27.4,85,11.7,Chennai
2016-07-30,27.8,77,12.5,Chennai
2016-07-31,27.7,77,12.5,Chennai
2016-08-01,28.3,69,14.0,Chennai
2016-08-02,28.9,61,17.6,Chennai
2016-08-03,29.6,58,17.5,Chennai
2016-08-04,29.5,61,14.1,Chennai
2016-08-05,28.9,64,14.4,Chennai
2016-08-06,29.8,62,13.7,Chennai
2016-08-07,29.7,64,12.5,Chennai
2016-08-08,29.9,67,12.1,Chennai
2016-08-09,30.1,68,13.6,Chennai
2016-08-10,30.3,65,13.7,Chennai
2016-08-11,30.2,66,12.8,Chennai
2016-08-12,30.1,69,11.6,Chennai
2016-08-13,30.0,68,12.6,Chennai
2016-08-14,30.5,63,14.1,Chennai
2016-08-15,31.1,54,14.0,Chennai
2016-08-16,31.5,51,17.1,Chennai
2016-08-17,31.3,52,15.0,Chennai
2016-08-18,31.1,57,13.9,Chennai
2016-08-19,30.8,62,12.5,Chennai
2016-08-20,30.5,67,13.1,Chennai
2016-08-21,30.8,69,12.1,Chennai
2016-08-22,30.6,70,10.9,Chennai
2016-08-23,30.8,67,12.6,Chennai
2016-08-24,30.8,67,13.4,Chennai
2016-08-25,29.6,73,11.4,Chennai
2016-08-26,28.3,81,9.3,Chennai
2016-08-27,27.3,85,12.2,Chennai
2016-08-28,28.3,76,10.6,Chennai
2016-08-29,28.9,74,11.9,Chennai
2016-08-30,28.2,79,13.3,Chennai
2016-08-31,27.3,85,11.2,Chennai
2016-09-01,28.6,78,11.3,Chennai
2016-09-02,28.2,81,12.3,Chennai
2016-09-03,28.8,73,11.4,Chennai
2016-09-04,28.6,77,11.3,Chennai
2016-09-05,29.6,66,11.4,Chennai
2016-09-06,29.7,63,12.3,Chennai
2016-09-07,29.8,62,12.6,Chennai
2016-09-08,29.5,67,11.1,Chennai
2016-09-09,29.9,72,11.8,Chennai
2016-09-10,29.6,70,10.2,Chennai
2016-09-11,28.3,78,6.3,Chennai
2016-09-12,28.3,72,9.2,Chennai
2016-09-13,28.5,73,8.2,Chennai
2016-09-14,28.4,77,10.9,Chennai
2016-09-15,29.1,74,14.9,Chennai
2016-09-16,29.0,75,12.4,Chennai
2016-09-17,29.2,75,11.6,Chennai
2016-09-18,29.4,70,11.9,Chennai
2016-09-19,29.7,71,9.1,Chennai
2016-09-20,29.1,68,7.6,Chennai
2016-09-21,27.4,73,12.8,Chennai
2016-09-22,28.8,70,13.6,Chennai
2016-09-23,29.7,64,12.1,Chennai
2016-09-24,29.3,71,10.2,Chennai
2016-09-25,29.9,65,13.2,Chennai
2016-09-26,29.8,70,11.1,Chennai
2016-09-27,28.9,80,11.7,Chennai
2016-09-28,28.3,83,13.2,Chennai
2016-09-29,28.4,82,12.8,Chennai
2016-09-30,28.9,78,12.6,Chennai
2016-10-01,29.1,76,9.3,Chennai
2016-10-02,28.8,78,11.5,Chennai
2016-10-03,28.5,80,12.3,Chennai
2016-10-04,28.5,82,7.5,Chennai
2016-10-05,29.4,75,9.9,Chennai
2016-10-06,29.6,72,9.3,Chennai
2016-10-07,29.3,75,11.3,Chennai
2016-10-08,29.9,71,13.7,Chennai
2016-10-09,29.8,70,11.8,Chennai
2016-10-10,29.7,71,11.4,Chennai
2016-10-11,29.8,73,10.7,Chennai
2016-10-12,29.6,73,10.4,Chennai
2016-10-13,29.2,73,6.7,Chennai
2016-10-14,28.7,74,7.8,Chennai
2016-10-15,28.2,73,9.3,Chennai
2016-10-16,28.0,71,8.9,Chennai
2016-10-17,27.9,71,7.0,Chennai
2016-10-18,27.9,69,8.2,Chennai
2016-10-19,28.1,70,8.2,Chennai
2016-10-20,28.3,71,6.9,Chennai
2016-10-21,28.4,67,8.2,Chennai
2016-10-22,28.6,66,7.1,Chennai
2016-10-23,28.0,66,6.3,Chennai
2016-10-24,28.1,61,8.6,Chennai
2016-10-25,27.9,59,7.8,Chennai
2016-10-26,27.8,62,9.6,Chennai
2016-10-27,28.1,61,8.9,Chennai
2016-10-28,27.7,63,7.1,Chennai
2016-10-29,26.6,83,10.5,Chennai
2016-10-30,26.3,87,10.3,Chennai
2016-10-31,26.4,83,9.9,Chennai
2016-11-01,26.7,85,14.2,Chennai
2016-11-02,26.4,86,15.0,Chennai
2016-11-03,26.9,84,17.3,Chennai
2016-11-04,28.2,75,11.7,Chennai
2016-11-05,27.9,74,8.3,Chennai
2016-11-06,27.3,74,7.7,Chennai
2016-11-07,27.3,78,7.6,Chennai
2016-11-08,26.9,71,12.7,Chennai
2016-11-09,26.0,60,13.4,Chennai
2016-11-10,25.7,65,11.5,Chennai
2016-11-11,26.0,68,10.2,Chennai
2016-11-12,26.5,74,12.7,Chennai
2016-11-13,26.2,86,12.3,Chennai
2016-11-14,27.1,82,10.3,Chennai
2016-11-15,27.1,81,10.3,Chennai
2016-11-16,27.5,78,16.8,Chennai
2016-11-17,27.2,75,19.6,Chennai
2016-11-18,27.0,70,20.4,Chennai
2016-11-19,26.2,70,17.4,Chennai
2016-11-20,26.3,70,16.0,Chennai
2016-11-21,26.2,69,16.2,Chennai
2016-11-22,25.4,70,13.9,Chennai
2016-11-23,25.4,69,12.6,Chennai
2016-11-24,25.3,66,14.0,Chennai
2016-11-25,25.5,67,15.4,Chennai
2016-11-26,25.7,66,11.3,Chennai
2016-11-27,24.3,73,9.3,Chennai
2016-11-28,24.1,76,6.7,Chennai
2016-11-29,24.3,76,7.9,Chennai
2016-11-30,24.9,74,17.3,Chennai
2016-12-01,24.8,87,23.8,Chennai
2016-12-02,25.0,86,17.1,Chennai
2016-12-03,25.8,85,11.0,Chennai
2016-12-04,25.3,89,9.9,Chennai
2016-12-05,25.8,81,15.5,Chennai
2016-12-06,25.6,66,17.1,Chennai
2016-12-07,25.4,77,15.2,Chennai
2016-12-08,25.9,77,15.2,Chennai
2016-12-09,24.8,73,11.7,Chennai
2016-12-10,24.4,70,13.3,Chennai
2016-12-11,25.1,66,20.3,Chennai
2016-12-12,23.1,88,43.0,Chennai
2016-12-13,25.8,83,16.7,Chennai
2016-12-14,25.5,82,10.0,Chennai
2016-12-15,25.1,85,10.0,Chennai
2016-12-16,25.4,80,14.4,Chennai
2016-12-17,24.7,79,11.8,Chennai
2016-12-18,24.0,80,12.2,Chennai
2016-12-19,24.2,76,17.1,Chennai
2016-12-20,24.8,79,15.3,Chennai
2016-12-21,24.8,80,12.8,Chennai
2016-12-22,23.6,76,9.5,Chennai
2016-12-23,23.0,75,6.8,Chennai
2016-12-24,22.5,76,6.8,Chennai
2016-12-25,23.0,72,6.6,Chennai
2016-12-26,23.3,76,13.3,Chennai
2016-12-27,24.9,77,17.0,Chennai
2016-12-28,25.7,72,17.5,Chennai
2016-12-29,24.7,71,15.7,Chennai
2016-12-30,24.5,69,12.6,Chennai
2016-12-31,24.0,71,11.2,Chennai
2017-01-01,24.9,76,12.7,Chennai
2017-01-02,25.4,76,12.0,Chennai
2017-01-03,24.6,76,10.8,Chennai
2017-01-04,24.5,76,10.8,Chennai
2017-01-05,25.0,74,11.1,Chennai
2017-01-06,24.8,74,11.2,Chennai
2017-01-07,25.0,65,11.2,Chennai
2017-01-08,24.6,64,10.3,Chennai
2017-01-09,23.8,69,9.8,Chennai
2017-01-10,24.5,68,9.1,Chennai
2017-01-11,24.7,75,8.2,Chennai
2017-01-12,24.7,76,8.9,Chennai
2017-01-13,25.2,72,10.8,Chennai
2017-01-14,25.6,68,12.3,Chennai
2017-01-15,25.6,67,13.6,Chennai
2017-01-16,25.0,66,11.8,Chennai
2017-01-17,24.3,67,11.0,Chennai
2017-01-18,25.2,60,14.1,Chennai
2017-01-19,25.8,56,17.7,Chennai
2017-01-20,26.0,67,17.5,Chennai
2017-01-21,26.6,72,17.4,Chennai
2017-01-22,26.2,71,15.3,Chennai
2017-01-23,25.5,73,14.2,Chennai
2017-01-24,25.8,72,16.4,Chennai
2017-01-25,26.4,65,17.6,Chennai
2017-01-26,26.0,75,14.9,Chennai
2017-01-27,25.4,85,11.2,Chennai
2017-01-28,26.0,82,11.0,Chennai
2017-01-29,25.9,81,10.4,Chennai
2017-01-30,25.2,76,8.6,Chennai
2017-01-31,24.7,74,7.6,Chennai
2017-02-01,24.3,75,8.4,Chennai
2017-02-02,24.4,75,8.7,Chennai
2017-02-03,24.8,73,9.7,Chennai
2017-02-04,24.8,70,8.6,Chennai
2017-02-05,24.6,62,8.1,Chennai
2017-02-06,24.5,63,8.0,Chennai
2017-02-07,24.0,73,8.4,Chennai
2017-02-08,24.2,70,7.7,Chennai
2017-02-09,23.9,72,8.5,Chennai
2017-02-10,23.7,68,8.7,Chennai
2017-02-11,24.4,65,7.8,Chennai
2017-02-12,24.8,63,10.7,Chennai
2017-02-13,26.4,64,14.5,Chennai
2017-02-14,26.9,69,16.7,Chennai
2017-02-15,25.9,71,13.5,Chennai
2017-02-16,25.7,63,12.1,Chennai
2017-02-17,25.0,67,8.5,Chennai
2017-02-18,24.5,70,8.8,Chennai
2017-02-19,24.6,74,7.6,Chennai
2017-02-20,25.6,77,11.6,Chennai
2017-02-21,26.2,78,14.5,Chennai
2017-02-22,25.7,81,11.9,Chennai
2017-02-23,26.3,77,11.6,Chennai
2017-02-24,25.7,79,9.0,Chennai
2017-02-25,25.0,79,8.4,Chennai
2017-02-26,25.7,78,8.5,Chennai
2017-02-27,25.9,74,9.6,Chennai
2017-02-28,25.7,75,9.8,Chennai
2017-03-01,25.4,76,9.3,Chennai
2017-03-02,25.4,77,9.3,Chennai
2017-03-03,26.6,71,10.1,Chennai
2017-03-04,27.3,78,13.5,Chennai
2017-03-05,27.6,80,13.7,Chennai
2017-03-06,27.9,81,16.5,Chennai
2017-03-07,27.9,82,17.5,Chennai
2017-03-08,28.0,81,16.4,Chennai
2017-03-09,27.9,81,18.2,Chennai
2017-03-10,28.3,79,19.1,Chennai
2017-03-11,28.3,81,17.7,Chennai
2017-03-12,28.5,79,16.6,Chennai
2017-03-13,28.3,81,14.2,Chennai
2017-03-14,27.6,81,12.2,Chennai
2017-03-15,28.0,77,11.9,Chennai
2017-03-16,27.8,75,10.5,Chennai
2017-03-17,27.9,74,13.8,Chennai
2017-03-18,28.0,76,15.6,Chennai
2017-03-19,28.3,78,16.1,Chennai
2017-03-20,28.8,78,16.0,Chennai
2017-03-21,28.8,79,13.9,Chennai
2017-03-22,28.1,76,9.1,Chennai
2017-03-23,27.7,73,11.5,Chennai
2017-03-24,27.5,71,10.6,Chennai
2017-03-25,27.3,75,11.8,Chennai
2017-03-26,27.3,75,10.6,Chennai
2017-03-27,27.6,72,13.6,Chennai
2017-03-28,28.7,73,14.1,Chennai
2017-03-29,28.5,75,14.5,Chennai
2017-03-30,29.0,75,14.3,Chennai
2017-03-31,29.0,75,15.7,Chennai
2017-04-01,28.8,78,15.8,Chennai
2017-04-02,29.2,76,19.0,Chennai
2017-04-03,29.6,76,18.8,Chennai
2017-04-04,29.3,78,18.7,Chennai
2017-04-05,29.6,79,17.8,Chennai
2017-04-06,29.7,78,19.0,Chennai
2017-04-07,29.7,79,16.5,Chennai
2017-04-08,29.3,79,15.5,Chennai
2017-04-09,29.3,79,16.0,Chennai
2017-04-10,29.9,78,16.7,Chennai
2017-04-11,30.0,77,13.8,Chennai
2017-04-12,29.5,78,10.8,Chennai
2017-04-13,29.1,78,11.2,Chennai
2017-04-14,28.8,77,9.2,Chennai
2017-04-15,28.5,77,10.7,Chennai
2017-04-16,30.2,77,16.0,Chennai
2017-04-17,30.9,74,16.4,Chennai
2017-04-18,30.7,75,20.6,Chennai
2017-04-19,30.4,76,21.8,Chennai
2017-04-20,30.5,75,22.7,Chennai
2017-04-21,31.0,71,19.4,Chennai
2017-04-22,30.9,75,17.5,Chennai
2017-04-23,30.9,77,18.2,Chennai
2017-04-24,30.7,79,19.3,Chennai
2017-04-25,30.5,79,17.1,Chennai
2017-04-26,30.3,80,17.7,Chennai
2017-04-27,30.2,78,18.7,Chennai
2017-04-28,30.3,76,16.8,Chennai
2017-04-29,30.2,75,16.7,Chennai
2017-04-30,30.0,77,16.0,Chennai
2017-05-01,29.9,74,17.2,Chennai
2017-05-02,29.7,76,15.1,Chennai
2017-05-03,29.5,78,14.6,Chennai
2017-05-04,29.9,76,15.5,Chennai
2017-05-05,30.2,77,17.6,Chennai
2017-05-06,30.6,75,19.3,Chennai
2017-05-07,30.6,75,16.5,Chennai
2017-05-08,30.8,73,14.8,Chennai
2017-05-09,31.1,74,18.3,Chennai
2017-05-10,30.0,78,14.2,Chennai
2017-05-11,30.0,77,15.0,Chennai
2017-05-12,30.0,77,14.2,Chennai
2017-05-13,30.2,77,14.1,Chennai
2017-05-14,31.0,77,15.9,Chennai
2017-05-15,32.2,68,13.1,Chennai
2017-05-16,32.9,66,13.3,Chennai
2017-05-17,33.6,61,16.8,Chennai
2017-05-18,34.3,56,15.0,Chennai
2017-05-19,33.1,55,14.4,Chennai
2017-05-20,32.8,62,13.1,Chennai
2017-05-21,32.1,63,12.7,Chennai
2017-05-22,31.5,74,14.5,Chennai
2017-05-23,31.6,68,9.0,Chennai
2017-05-24,31.6,75,15.1,Chennai
2017-05-25,31.7,74,12.1,Chennai
2017-05-26,32.3,71,9.4,Chennai
2017-05-27,31.8,68,11.7,Chennai
2017-05-28,32.9,63,12.5,Chennai
2017-05-29,34.1,50,15.8,Chennai
2017-05-30,33.5,54,18.8,Chennai
2017-05-31,32.2,60,16.6,Chennai
2017-06-01,31.7,66,14.0,Chennai
2017-06-02,30.7,75,16.9,Chennai
2017-06-03,31.7,70,13.6,Chennai
2017-06-04,32.8,59,12.6,Chennai
2017-06-05,33.0,62,11.3,Chennai
2017-06-06,31.3,67,11.4,Chennai
2017-06-07,29.7,67,14.2,Chennai
2017-06-08,29.7,60,13.8,Chennai
2017-06-09,31.4,55,15.3,Chennai
2017-06-10,31.6,54,14.0,Chennai
2017-06-11,31.4,58,18.1,Chennai
2017-06-12,31.8,60,16.6,Chennai
2017-06-13,31.1,69,15.7,Chennai
2017-06-14,31.4,71,16.3,Chennai
2017-06-15,30.5,75,13.0,Chennai
2017-06-16,29.9,77,11.9,Chennai
2017-06-17,30.3,77,13.0,Chennai
2017-06-18,30.4,75,11.4,Chennai
2017-06-19,29.9,74,8.2,Chennai
2017-06-20,28.5,78,10.0,Chennai
2017-06-21,30.3,71,12.1,Chennai
2017-06-22,30.3,67,11.8,Chennai
2017-06-23,30.8,68,12.5,Chennai
2017-06-24,29.1,73,9.4,Chennai
2017-06-25,30.3,67,12.6,Chennai
2017-06-26,31.1,58,15.2,Chennai
2017-06-27,30.9,56,17.7,Chennai
2017-06-28,31.0,57,16.9,Chennai
2017-06-29,31.7,56,16.2,Chennai
2017-06-30,31.4,60,12.7,Chennai
2017-07-01,30.5,64,13.1,Chennai
2017-07-02,31.0,65,13.6,Chennai
2017-07-03,31.6,64,11.2,Chennai
2017-07-04,31.2,63,11.4,Chennai
2017-07-05,31.6,59,12.3,Chennai
2017-07-06,31.4,59,12.9,Chennai
2017-07-07,29.8,67,11.2,Chennai
2017-07-08,29.3,72,8.3,Chennai
2017-07-09,30.0,70,12.7,Chennai
2017-07-10,29.8,75,11.7,Chennai
2017-07-11,30.7,69,8.2,Chennai
2017-07-12,27.5,78,10.1,Chennai
2017-07-13,29.0,70,10.9,Chennai
2017-07-14,29.8,60,11.4,Chennai
2017-07-15,30.1,63,13.3,Chennai
2017-07-16,29.8,63,12.3,Chennai
2017-07-17,30.6,60,14.7,Chennai
2017-07-18,30.2,60,13.4,Chennai
2017-07-19,30.6,61,15.2,Chennai
2017-07-20,30.8,63,16.2,Chennai
2017-07-21,31.0,56,17.8,Chennai
2017-07-22,30.9,63,14.7,Chennai
2017-07-23,31.2,66,12.3,Chennai
2017-07-24,31.2,63,11.8,Chennai
2017-07-25,31.1,63,11.4,Chennai
2017-07-26,30.7,69,14.0,Chennai
2017-07-27,30.5,68,11.8,Chennai
2017-07-28,29.9,69,14.0,Chennai
2017-07-29,28.8,77,7.3,Chennai
2017-07-30,29.5,77,10.1,Chennai
2017-07-31,28.8,79,9.4,Chennai
2017-08-01,30.0,76,10.4,Chennai
2017-08-02,29.7,77,9.5,Chennai
2017-08-03,30.4,71,12.3,Chennai
2017-08-04,30.6,63,11.6,Chennai
2017-08-05,29.9,70,11.1,Chennai
2017-08-06,30.2,70,12.5,Chennai
2017-08-07,29.5,75,10.0,Chennai
2017-08-08,29.0,78,10.0,Chennai
2017-08-09,28.7,82,9.6,Chennai
2017-08-10,27.9,83,8.7,Chennai
2017-08-11,28.6,82,9.3,Chennai
2017-08-12,28.5,81,6.7,Chennai
2017-08-13,27.7,84,9.2,Chennai
2017-08-14,28.2,84,8.8,Chennai
2017-08-15,28.0,82,10.9,Chennai
2017-08-16,28.9,78,10.7,Chennai
2017-08-17,28.3,79,10.2,Chennai
2017-08-18,27.1,86,11.4,Chennai
2017-08-19,28.5,76,12.9,Chennai
2017-08-20,28.6,75,13.8,Chennai
2017-08-21,28.7,77,11.1,Chennai
2017-08-22,28.5,81,8.8,Chennai
2017-08-23,29.0,77,8.4,Chennai
2017-08-24,28.1,81,6.4,Chennai
2017-08-25,27.3,84,9.9,Chennai
2017-08-26,29.0,77,12.6,Chennai
2017-08-27,27.5,85,11.6,Chennai
2017-08-28,28.4,76,14.8,Chennai
2017-08-29,29.2,72,15.1,Chennai
2017-08-30,29.5,73,10.6,Chennai
2017-08-31,28.7,81,6.9,Chennai
2017-09-01,28.8,83,6.3,Chennai
2017-09-02,28.4,86,7.6,Chennai
2017-09-03,28.1,84,8.8,Chennai
2017-09-04,28.8,83,7.8,Chennai
2017-09-05,29.1,84,7.9,Chennai
2017-09-06,28.2,83,9.0,Chennai
2017-09-07,27.8,85,10.5,Chennai
2017-09-08,27.8,86,10.5,Chennai
2017-09-09,27.9,83,8.0,Chennai
2017-09-10,28.0,82,7.6,Chennai
2017-09-11,28.4,82,10.0,Chennai
2017-09-12,28.4,82,12.3,Chennai
2017-09-13,28.6,81,12.9,Chennai
2017-09-14,28.6,81,12.9,Chennai
2017-09-15,28.8,82,8.1,Chennai
2017-09-16,28.7,84,8.2,Chennai
2017-09-17,26.8,87,13.7,Chennai
2017-09-18,28.2,73,14.4,Chennai
2017-09-19,29.3,69,16.7,Chennai
2017-09-20,29.0,69,16.1,Chennai
2017-09-21,29.0,70,13.2,Chennai
2017-09-22,28.3,82,5.6,Chennai
2017-09-23,28.8,82,8.0,Chennai
2017-09-24,28.2,85,6.1,Chennai
2017-09-25,27.4,85,7.4,Chennai
2017-09-26,27.2,87,5.6,Chennai
2017-09-27,27.6,85,6.3,Chennai
2017-09-28,27.2,86,8.2,Chennai
2017-09-29,28.0,82,7.9,Chennai
2017-09-30,27.9,85,5.0,Chennai
2017-10-01,27.7,86,8.2,Chennai
2017-10-02,27.6,84,8.1,Chennai
2017-10-03,27.9,86,8.7,Chennai
2017-10-04,27.6,84,6.9,Chennai
2017-10-05,27.2,86,7.5,Chennai
2017-10-06,27.5,84,9.7,Chennai
2017-10-07,28.0,83,12.1,Chennai
2017-10-08,28.4,82,12.3,Chennai
2017-10-09,28.1,83,10.8,Chennai
2017-10-10,27.9,84,8.2,Chennai
2017-10-11,27.9,84,7.4,Chennai
2017-10-12,27.6,86,5.9,Chennai
2017-10-13,27.1,86,5.3,Chennai
2017-10-14,27.1,86,7.1,Chennai
2017-10-15,27.5,85,6.7,Chennai
2017-10-16,26.8,87,7.9,Chennai
2017-10-17,27.4,84,8.3,Chennai
2017-10-18,28.2,82,7.8,Chennai
2017-10-19,28.4,80,7.4,Chennai
2017-10-20,28.6,85,10.9,Chennai
2017-10-21,28.7,86,9.2,Chennai
2017-10-22,28.6,83,7.7,Chennai
2017-10-23,28.6,83,6.7,Chennai
2017-10-24,28.1,84,7.4,Chennai
2017-10-25,27.7,83,7.8,Chennai
2017-10-26,26.7,86,7.4,Chennai
2017-10-27,26.5,82,10.3,Chennai
2017-10-28,27.6,76,12.4,Chennai
2017-10-29,27.4,78,18.1,Chennai
2017-10-30,25.0,91,14.4,Chennai
2017-10-31,24.7,92,11.0,Chennai
2017-11-01,24.9,92,13.1,Chennai
2017-11-02,25.2,89,15.5,Chennai
2017-11-03,25.2,79,18.5,Chennai
2017-11-04,24.8,92,11.0,Chennai
2017-11-05,25.6,90,13.3,Chennai
2017-11-06,25.6,88,12.2,Chennai
2017-11-07,25.7,89,9.4,Chennai
2017-11-08,26.7,81,12.5,Chennai
2017-11-09,27.1,75,16.6,Chennai
2017-11-10,26.8,77,18.2,Chennai
2017-11-11,26.8,77,21.0,Chennai
2017-11-12,24.7,92,17.7,Chennai
2017-11-13,23.9,92,15.2,Chennai
2017-11-14,24.2,88,17.0,Chennai
2017-11-15,26.9,82,8.6,Chennai
2017-11-16,27.4,85,7.2,Chennai
2017-11-17,27.2,85,6.0,Chennai
2017-11-18,26.9,86,6.2,Chennai
2017-11-19,26.9,86,7.1,Chennai
2017-11-20,26.8,86,8.3,Chennai
2017-11-21,26.8,86,9.6,Chennai
2017-11-22,27.2,78,13.2,Chennai
2017-11-23,26.8,80,8.2,Chennai
2017-11-24,26.3,81,10.4,Chennai
2017-11-25,26.6,73,16.3,Chennai
2017-11-26,25.9,87,15.7,Chennai
2017-11-27,26.4,84,16.1,Chennai
2017-11-28,26.8,77,16.2,Chennai
2017-11-29,26.3,79,19.2,Chennai
2017-11-30,25.3,90,18.2,Chennai
2017-12-01,25.6,85,20.7,Chennai
2017-12-02,26.3,70,17.9,Chennai
2017-12-03,25.9,71,14.9,Chennai
2017-12-04,25.4,76,11.4,Chennai
2017-12-05,25.9,76,12.5,Chennai
2017-12-06,25.8,74,13.6,Chennai
2017-12-07,25.3,75,12.4,Chennai
2017-12-08,24.6,77,10.0,Chennai
2017-12-09,25.3,80,6.5,Chennai
2017-12-10,25.2,83,6.9,Chennai
2017-12-11,25.2,83,7.5,Chennai
2017-12-12,25.4,86,7.5,Chennai
2017-12-13,25.5,83,7.6,Chennai
2017-12-14,25.4,81,9.3,Chennai
2017-12-15,26.1,78,14.7,Chennai
2017-12-16,26.3,71,16.6,Chennai
2017-12-17,26.3,66,16.9,Chennai
2017-12-18,25.8,65,16.4,Chennai
2017-12-19,25.6,66,17.2,Chennai
2017-12-20,25.1,71,15.5,Chennai
2017-12-21,24.9,80,14.7,Chennai
2017-12-22,25.2,77,14.9,Chennai
2017-12-23,25.2,74,12.8,Chennai
2017-12-24,24.8,74,12.2,Chennai
2017-12-25,25.1,77,13.5,Chennai
2017-12-26,25.2,74,15.5,Chennai
2017-12-27,24.8,71,13.5,Chennai
2017-12-28,25.0,59,13.9,Chennai
2017-12-29,25.1,68,13.2,Chennai
2017-12-30,24.6,77,10.6,Chennai
2017-12-31,24.9,79,11.0,Chennai
2018-01-01,25.0,80,10.9,Chennai
2018-01-02,24.5,83,9.8,Chennai
2018-01-03,25.2,78,11.7,Chennai
2018-01-04,25.2,66,12.6,Chennai
2018-01-05,24.2,62,11.2,Chennai
2018-01-06,23.8,63,9.4,Chennai
2018-01-07,23.6,65,11.3,Chennai
2018-01-08,24.3,67,14.1,Chennai
2018-01-09,25.1,73,17.9,Chennai
2018-01-10,24.8,84,14.3,Chennai
2018-01-11,25.3,80,10.6,Chennai
2018-01-12,24.8,83,7.0,Chennai
2018-01-13,24.3,86,6.8,Chennai
2018-01-14,24.5,83,8.5,Chennai
2018-01-15,24.4,82,7.2,Chennai
2018-01-16,24.9,79,8.5,Chennai
2018-01-17,23.9,77,7.9,Chennai
2018-01-18,24.0,69,9.3,Chennai
2018-01-19,23.6,66,10.9,Chennai
2018-01-20,23.7,68,9.1,Chennai
2018-01-21,23.7,67,12.4,Chennai
2018-01-22,24.2,66,11.4,Chennai
2018-01-23,24.1,68,10.3,Chennai
2018-01-24,23.9,75,9.1,Chennai
2018-01-25,24.0,79,9.5,Chennai
2018-01-26,24.3,77,8.3,Chennai
2018-01-27,24.4,74,10.0,Chennai
2018-01-28,24.4,70,12.8,Chennai
2018-01-29,24.6,72,13.6,Chennai
2018-01-30,24.0,72,11.3,Chennai
2018-01-31,23.3,72,7.9,Chennai
2018-02-01,22.5,73,7.5,Chennai
2018-02-02,23.1,73,7.6,Chennai
2018-02-03,23.1,68,8.4,Chennai
2018-02-04,23.4,64,10.0,Chennai
2018-02-05,24.8,62,10.2,Chennai
2018-02-06,24.9,77,11.7,Chennai
2018-02-07,25.7,81,9.3,Chennai
2018-02-08,25.9,78,8.0,Chennai
2018-02-09,25.1,81,9.2,Chennai
2018-02-10,25.7,77,9.2,Chennai
2018-02-11,26.1,72,9.9,Chennai
2018-02-12,26.0,69,11.5,Chennai
2018-02-13,25.7,72,11.5,Chennai
2018-02-14,26.3,73,13.0,Chennai
2018-02-15,26.3,74,13.0,Chennai
2018-02-16,25.5,75,9.8,Chennai
2018-02-17,25.0,78,8.8,Chennai
2018-02-18,24.9,75,8.3,Chennai
2018-02-19,24.8,74,8.4,Chennai
2018-02-20,24.7,75,7.9,Chennai
2018-02-21,24.7,76,8.1,Chennai
2018-02-22,24.6,76,7.9,Chennai
2018-02-23,24.7,73,7.7,Chennai
2018-02-24,25.7,71,11.2,Chennai
2018-02-25,26.0,72,11.4,Chennai
2018-02-26,25.9,72,9.7,Chennai
2018-02-27,25.7,75,8.9,Chennai
2018-02-28,25.4,80,8.5,Chennai
2018-03-01,25.9,78,8.3,Chennai
2018-03-02,26.0,73,7.2,Chennai
2018-03-03,25.3,72,8.3,Chennai
2018-03-04,25.2,74,10.0,Chennai
2018-03-05,24.4,79,8.6,Chennai
2018-03-06,25.6,76,8.3,Chennai
2018-03-07,25.6,74,7.1,Chennai
2018-03-08,25.2,77,7.0,Chennai
2018-03-09,26.5,78,9.6,Chennai
2018-03-10,26.6,79,8.3,Chennai
2018-03-11,26.4,79,8.3,Chennai
2018-03-12,27.3,78,10.2,Chennai
2018-03-13,27.9,77,11.1,Chennai
2018-03-14,28.0,78,11.1,Chennai
2018-03-15,27.9,79,14.2,Chennai
2018-03-16,28.1,79,14.2,Chennai
2018-03-17,27.0,78,9.4,Chennai
2018-03-18,27.6,70,11.2,Chennai
2018-03-19,27.4,69,9.6,Chennai
2018-03-20,26.7,77,10.2,Chennai
2018-03-21,27.5,77,13.4,Chennai
2018-03-22,28.1,79,15.0,Chennai
2018-03-23,28.5,80,15.0,Chennai
2018-03-24,28.3,80,14.5,Chennai
2018-03-25,27.8,75,11.0,Chennai
2018-03-26,27.5,75,9.7,Chennai
2018-03-27,28.1,78,13.9,Chennai
2018-03-28,28.8,80,17.8,Chennai
2018-03-29,29.0,79,18.4,Chennai
2018-03-30,28.8,80,18.6,Chennai
2018-03-31,28.8,80,16.9,Chennai
2018-04-01,28.6,83,15.9,Chennai
2018-04-02,28.6,79,13.7,Chennai
2018-04-03,28.3,80,13.4,Chennai
2018-04-04,28.2,78,13.9,Chennai
2018-04-05,28.3,75,14.4,Chennai
2018-04-06,28.4,76,13.6,Chennai
2018-04-07,28.7,77,12.8,Chennai
2018-04-08,28.4,78,11.9,Chennai
2018-04-09,28.9,71,11.6,Chennai
2018-04-10,29.0,73,12.1,Chennai
2018-04-11,28.9,78,11.2,Chennai
2018-04-12,29.3,76,12.0,Chennai
2018-04-13,29.3,76,13.5,Chennai
2018-04-14,29.3,77,13.4,Chennai
2018-04-15,29.6,76,13.5,Chennai
2018-04-16,29.8,76,12.0,Chennai
2018-04-17,29.7,76,12.8,Chennai
2018-04-18,29.7,75,15.9,Chennai
2018-04-19,30.3,74,19.5,Chennai
2018-04-20,30.6,74,20.0,Chennai
2018-04-21,30.4,75,20.1,Chennai
2018-04-22,30.0,76,18.3,Chennai
2018-04-23,30.0,77,17.3,Chennai
2018-04-24,29.9,73,17.3,Chennai
2018-04-25,30.1,74,18.4,Chennai
2018-04-26,30.2,75,18.1,Chennai
2018-04-27,30.2,75,16.5,Chennai
2018-04-28,29.9,75,14.5,Chennai
2018-04-29,30.0,76,18.3,Chennai
2018-04-30,30.7,74,20.9,Chennai
2018-05-01,31.1,75,22.2,Chennai
2018-05-02,30.9,76,19.9,Chennai
2018-05-03,30.4,76,18.5,Chennai
2018-05-04,29.9,76,13.5,Chennai
2018-05-05,30.0,75,14.4,Chennai
2018-05-06,30.1,75,15.4,Chennai
2018-05-07,30.6,75,16.7,Chennai
2018-05-08,30.6,76,18.9,Chennai
2018-05-09,30.5,74,19.5,Chennai
2018-05-10,30.2,75,17.9,Chennai
2018-05-11,30.8,72,17.8,Chennai
2018-05-12,30.8,74,17.9,Chennai
2018-05-13,30.7,73,17.6,Chennai
2018-05-14,30.2,75,15.0,Chennai
2018-05-15,29.9,75,12.8,Chennai
2018-05-16,30.0,75,14.0,Chennai
2018-05-17,30.4,74,16.3,Chennai
2018-05-18,30.4,74,16.0,Chennai
2018-05-19,30.9,74,16.2,Chennai
2018-05-20,30.9,72,17.2,Chennai
2018-05-21,30.5,75,16.0,Chennai
2018-05-22,30.3,76,12.5,Chennai
2018-05-23,29.9,76,13.3,Chennai
2018-05-24,30.0,73,11.4,Chennai
2018-05-25,29.7,77,9.3,Chennai
2018-05-26,30.0,76,12.0,Chennai
2018-05-27,30.1,75,12.8,Chennai
2018-05-28,30.6,75,16.7,Chennai
2018-05-29,32.5,66,15.3,Chennai
2018-05-30,32.4,63,14.8,Chennai
2018-05-31,32.0,69,11.3,Chennai
2018-06-01,31.3,73,10.1,Chennai
2018-06-02,30.4,75,9.6,Chennai
2018-06-03,30.2,71,9.6,Chennai
2018-06-04,31.2,67,11.5,Chennai
2018-06-05,31.3,70,14.0,Chennai
2018-06-06,31.1,72,12.7,Chennai
2018-06-07,31.0,71,15.3,Chennai
2018-06-08,32.3,55,18.7,Chennai
2018-06-09,32.7,51,22.1,Chennai
2018-06-10,33.0,50,20.2,Chennai
2018-06-11,32.0,56,17.6,Chennai
2018-06-12,32.4,54,16.4,Chennai
2018-06-13,31.8,60,16.3,Chennai
2018-06-14,32.3,55,14.3,Chennai
2018-06-15,32.0,59,12.6,Chennai
2018-06-16,30.9,65,13.9,Chennai
2018-06-17,32.1,53,14.5,Chennai
2018-06-18,32.2,55,16.1,Chennai
2018-06-19,31.3,59,19.0,Chennai
2018-06-20,31.3,62,16.8,Chennai
2018-06-21,31.4,60,15.5,Chennai
2018-06-22,31.2,59,16.9,Chennai
2018-06-23,30.6,66,15.3,Chennai
2018-06-24,29.7,70,12.7,Chennai
2018-06-25,29.9,71,11.6,Chennai
2018-06-26,31.5,57,15.6,Chennai
2018-06-27,30.5,62,14.0,Chennai
2018-06-28,30.2,64,13.4,Chennai
2018-06-29,29.8,71,12.3,Chennai
2018-06-30,29.0,73,9.3,Chennai
2018-07-01,28.9,77,8.1,Chennai
2018-07-02,28.0,82,11.0,Chennai
2018-07-03,28.6,75,14.3,Chennai
2018-07-04,29.9,71,12.2,Chennai
2018-07-05,30.2,66,13.2,Chennai
2018-07-06,30.1,63,12.7,Chennai
2018-07-07,29.2,65,16.2,Chennai
2018-07-08,30.9,57,15.8,Chennai
2018-07-09,30.3,63,14.5,Chennai
2018-07-10,30.2,63,14.6,Chennai
2018-07-11,29.9,63,15.0,Chennai
2018-07-12,30.5,56,15.0,Chennai
2018-07-13,30.4,60,14.4,Chennai
2018-07-14,31.0,56,16.5,Chennai
2018-07-15,31.5,52,18.1,Chennai
2018-07-16,32.3,48,19.2,Chennai
2018-07-17,32.1,49,18.7,Chennai
2018-07-18,32.4,49,16.9,Chennai
2018-07-19,32.2,51,18.3,Chennai
2018-07-20,31.8,52,17.4,Chennai
2018-07-21,31.9,51,17.8,Chennai
2018-07-22,31.5,55,16.6,Chennai
2018-07-23,31.7,54,14.8,Chennai
2018-07-24,31.1,61,13.2,Chennai
2018-07-25,30.6,63,13.2,Chennai
2018-07-26,29.9,71,12.2,Chennai
2018-07-27,29.4,71,12.7,Chennai
2018-07-28,30.0,66,14.4,Chennai
2018-07-29,30.1,69,15.7,Chennai
2018-07-30,30.6,68,15.4,Chennai
2018-07-31,30.3,66,13.7,Chennai
2018-08-01,30.2,65,13.6,Chennai
2018-08-02,30.3,64,14.5,Chennai
2018-08-03,30.2,65,13.0,Chennai
2018-08-04,29.9,66,13.1,Chennai
2018-08-05,29.7,65,11.4,Chennai
2018-08-06,30.7,56,13.6,Chennai
2018-08-07,30.3,57,15.5,Chennai
2018-08-08,30.2,60,14.3,Chennai
2018-08-09,29.4,72,10.9,Chennai
2018-08-10,28.6,71,11.6,Chennai
2018-08-11,25.9,85,15.1,Chennai
2018-08-12,28.9,63,17.5,Chennai
2018-08-13,28.9,65,14.7,Chennai
2018-08-14,27.0,78,16.3,Chennai
2018-08-15,26.2,87,15.9,Chennai
2018-08-16,29.2,67,17.9,Chennai
2018-08-17,29.4,67,12.9,Chennai
2018-08-18,30.2,60,14.9,Chennai
2018-08-19,30.1,60,15.2,Chennai
2018-08-20,30.4,60,16.1,Chennai
2018-08-21,30.1,62,14.3,Chennai
2018-08-22,30.0,64,12.8,Chennai
2018-08-23,29.7,69,12.3,Chennai
2018-08-24,28.5,73,10.7,Chennai
2018-08-25,28.6,73,11.6,Chennai
2018-08-26,29.2,69,10.2,Chennai
2018-08-27,28.7,69,9.3,Chennai
2018-08-28,28.5,74,11.8,Chennai
2018-08-29,28.7,74,11.2,Chennai
2018-08-30,29.4,71,11.9,Chennai
2018-08-31,27.5,81,11.3,Chennai
2018-09-01,28.1,78,11.6,Chennai
2018-09-02,28.8,79,8.9,Chennai
2018-09-03,28.7,78,8.6,Chennai
2018-09-04,29.1,78,10.5,Chennai
2018-09-05,28.8,80,9.4,Chennai
2018-09-06,29.5,73,11.7,Chennai
2018-09-07,29.7,68,12.9,Chennai
2018-09-08,29.5,69,10.2,Chennai
2018-09-09,29.2,73,11.2,Chennai
2018-09-10,28.8,79,10.6,Chennai
2018-09-11,28.9,78,13.1,Chennai
2018-09-12,28.7,81,12.1,Chennai
2018-09-13,29.1,76,13.6,Chennai
2018-09-14,29.1,78,11.9,Chennai
2018-09-15,29.0,77,10.3,Chennai
2018-09-16,28.0,78,12.0,Chennai
2018-09-17,26.9,83,10.7,Chennai
2018-09-18,26.8,84,9.1,Chennai
2018-09-19,26.7,78,11.4,Chennai
2018-09-20,28.0,75,9.6,Chennai
2018-09-21,28.3,77,12.0,Chennai
2018-09-22,28.1,82,10.4,Chennai
2018-09-23,28.4,80,11.1,Chennai
2018-09-24,27.8,84,8.7,Chennai
2018-09-25,28.1,82,9.1,Chennai
2018-09-26,28.0,81,9.5,Chennai
2018-09-27,28.0,82,8.7,Chennai
2018-09-28,28.0,81,8.6,Chennai
2018-09-29,28.2,81,6.6,Chennai
2018-09-30,28.7,80,8.0,Chennai
2018-10-01,28.6,80,9.2,Chennai
2018-10-02,28.5,81,9.1,Chennai
2018-10-03,28.1,82,10.0,Chennai
2018-10-04,26.7,87,10.1,Chennai
2018-10-05,26.6,88,9.9,Chennai
2018-10-06,27.4,85,9.1,Chennai
2018-10-07,27.4,85,8.0,Chennai
2018-10-08,27.5,85,9.0,Chennai
2018-10-09,28.0,78,9.0,Chennai
2018-10-10,28.3,69,11.0,Chennai
2018-10-11,28.9,71,12.9,Chennai
2018-10-12,28.9,79,13.1,Chennai
2018-10-13,29.0,79,16.7,Chennai
2018-10-14,28.8,80,13.4,Chennai
2018-10-15,28.4,80,11.1,Chennai
2018-10-16,27.7,83,8.4,Chennai
2018-10-17,26.9,85,7.4,Chennai
2018-10-18,26.3,84,5.5,Chennai
2018-10-19,26.9,82,6.9,Chennai
2018-10-20,27.2,74,10.9,Chennai
2018-10-21,26.5,83,10.7,Chennai
2018-10-22,27.1,76,8.9,Chennai
2018-10-23,26.2,79,7.8,Chennai
2018-10-24,26.8,78,8.8,Chennai
2018-10-25,27.9,73,11.9,Chennai
2018-10-26,28.1,69,15.6,Chennai
2018-10-27,28.0,66,17.1,Chennai
2018-10-28,27.5,70,17.4,Chennai
2018-10-29,27.4,73,19.5,Chennai
2018-10-30,26.7,84,16.9,Chennai
2018-10-31,26.0,88,10.7,Chennai
2018-11-01,25.4,92,7.8,Chennai
2018-11-02,26.8,84,10.5,Chennai
2018-11-03,27.4,80,11.6,Chennai
2018-11-04,27.2,82,11.9,Chennai
2018-11-05,27.8,78,11.5,Chennai
2018-11-06,27.2,81,9.9,Chennai
2018-11-07,27.1,72,9.7,Chennai
2018-11-08,26.9,73,12.6,Chennai
2018-11-09,27.4,69,11.7,Chennai
2018-11-10,26.8,78,10.1,Chennai
2018-11-11,26.4,77,10.7,Chennai
2018-11-12,26.0,74,12.2,Chennai
2018-11-13,26.3,71,14.0,Chennai
2018-11-14,26.9,73,16.0,Chennai
2018-11-15,26.6,87,21.0,Chennai
2018-11-16,26.9,84,14.7,Chennai
2018-11-17,26.9,83,6.5,Chennai
2018-11-18,27.4,82,9.4,Chennai
2018-11-19,27.5,80,12.8,Chennai
2018-11-20,26.2,84,19.2,Chennai
2018-11-21,24.9,91,20.2,Chennai
2018-11-22,25.0,91,16.5,Chennai
2018-11-23,25.7,87,11.7,Chennai
2018-11-24,26.7,76,11.2,Chennai
2018-11-25,25.9,77,10.1,Chennai
2018-11-26,25.4,69,10.3,Chennai
2018-11-27,25.8,63,11.4,Chennai
2018-11-28,25.7,74,11.9,Chennai
2018-11-29,26.4,75,15.3,Chennai
2018-11-30,26.3,73,12.9,Chennai
2018-12-01,25.4,75,10.4,Chennai
2018-12-02,25.3,77,11.1,Chennai
2018-12-03,26.2,76,14.4,Chennai
2018-12-04,26.1,86,12.3,Chennai
2018-12-05,25.7,90,10.9,Chennai
2018-12-06,26.4,81,10.7,Chennai
2018-12-07,26.5,79,12.1,Chennai
2018-12-08,26.6,78,12.4,Chennai
2018-12-09,26.0,77,11.0,Chennai
2018-12-10,25.1,78,8.4,Chennai
2018-12-11,25.4,79,8.8,Chennai
2018-12-12,25.4,81,9.6,Chennai
2018-12-13,25.9,79,9.6,Chennai
2018-12-14,25.8,77,16.6,Chennai
2018-12-15,26.1,73,25.6,Chennai
2018-12-16,23.1,78,27.3,Chennai
2018-12-17,24.4,73,12.8,Chennai
2018-12-18,23.8,82,11.6,Chennai
2018-12-19,23.2,75,14.4,Chennai
2018-12-20,24.3,80,12.7,Chennai
2018-12-21,25.6,80,16.7,Chennai
2018-12-22,25.9,79,17.1,Chennai
2018-12-23,25.9,77,16.7,Chennai
2018-12-24,25.5,76,13.4,Chennai
2018-12-25,24.8,79,9.3,Chennai
2018-12-26,24.4,82,7.4,Chennai
2018-12-27,24.6,81,7.5,Chennai
2018-12-28,25.2,80,6.6,Chennai
2018-12-29,25.0,74,13.4,Chennai
2018-12-30,24.9,71,16.3,Chennai
2018-12-31,24.3,62,16.4,Chennai
2019-01-01,23.3,63,13.1,Chennai
2019-01-02,24.1,64,12.2,Chennai
2019-01-03,24.1,69,10.9,Chennai
2019-01-04,24.0,72,11.3,Chennai
2019-01-05,24.3,68,11.5,Chennai
2019-01-06,24.0,67,10.8,Chennai
2019-01-07,24.3,73,10.9,Chennai
2019-01-08,23.6,78,10.2,Chennai
2019-01-09,23.2,79,8.6,Chennai
2019-01-10,24.2,72,10.4,Chennai
2019-01-11,24.9,65,12.4,Chennai
2019-01-12,24.3,69,12.1,Chennai
2019-01-13,24.6,68,12.0,Chennai
2019-01-14,24.3,66,12.4,Chennai
2019-01-15,23.8,73,11.7,Chennai
2019-01-16,24.2,76,10.7,Chennai
2019-01-17,24.3,75,10.9,Chennai
2019-01-18,24.0,71,10.4,Chennai
2019-01-19,23.8,73,10.5,Chennai
2019-01-20,23.4,76,9.4,Chennai
2019-01-21,23.5,74,9.2,Chennai
2019-01-22,24.2,72,10.1,Chennai
2019-01-23,24.6,75,10.6,Chennai
2019-01-24,24.6,78,9.3,Chennai
2019-01-25,25.4,80,12.0,Chennai
2019-01-26,25.7,80,11.6,Chennai
2019-01-27,25.5,77,11.8,Chennai
2019-01-28,25.5,68,12.6,Chennai
2019-01-29,25.2,70,15.4,Chennai
2019-01-30,25.1,73,15.1,Chennai
2019-01-31,25.2,67,16.0,Chennai
2019-02-01,25.0,67,13.7,Chennai
2019-02-02,24.9,71,11.2,Chennai
2019-02-03,25.2,74,12.5,Chennai
2019-02-04,25.7,76,15.3,Chennai
2019-02-05,25.6,76,12.5,Chennai
2019-02-06,25.0,79,8.1,Chennai
2019-02-07,25.4,79,9.3,Chennai
2019-02-08,26.5,78,12.0,Chennai
2019-02-09,26.5,81,9.3,Chennai
2019-02-10,26.4,80,10.4,Chennai
2019-02-11,26.6,73,14.5,Chennai
2019-02-12,26.3,71,14.5,Chennai
2019-02-13,25.8,72,13.7,Chennai
2019-02-14,25.6,75,9.3,Chennai
2019-02-15,25.8,79,8.4,Chennai
2019-02-16,26.5,79,12.8,Chennai
2019-02-17,27.2,80,11.3,Chennai
2019-02-18,27.5,82,11.7,Chennai
2019-02-19,27.4,81,12.3,Chennai
2019-02-20,27.2,75,10.4,Chennai
2019-02-21,26.4,74,10.0,Chennai
2019-02-22,25.8,73,7.6,Chennai
2019-02-23,25.3,70,7.1,Chennai
2019-02-24,25.8,76,7.8,Chennai
2019-02-25,26.0,77,12.3,Chennai
2019-02-26,27.1,77,16.6,Chennai
2019-02-27,27.6,76,16.9,Chennai
2019-02-28,27.6,79,15.3,Chennai
2019-03-01,27.9,76,13.7,Chennai
2019-03-02,27.9,66,11.6,Chennai
2019-03-03,27.4,72,9.8,Chennai
2019-03-04,27.5,73,14.4,Chennai
2019-03-05,28.3,76,19.3,Chennai
2019-03-06,28.7,78,19.8,Chennai
2019-03-07,28.9,77,20.7,Chennai
2019-03-08,28.5,80,16.4,Chennai
2019-03-09,28.0,80,12.3,Chennai
2019-03-10,28.1,78,15.1,Chennai
2019-03-11,27.7,76,13.4,Chennai
2019-03-12,27.3,76,12.9,Chennai
2019-03-13,26.9,77,9.5,Chennai
2019-03-14,26.9,73,9.3,Chennai
2019-03-15,27.1,75,8.2,Chennai
2019-03-16,27.2,75,8.8,Chennai
2019-03-17,27.1,71,11.4,Chennai
2019-03-18,27.3,72,12.6,Chennai
2019-03-19,27.8,74,14.8,Chennai
2019-03-20,27.9,75,16.0,Chennai
2019-03-21,27.7,75,15.0,Chennai
2019-03-22,28.3,73,15.8,Chennai
2019-03-23,28.4,77,14.3,Chennai
2019-03-24,28.2,77,15.1,Chennai
2019-03-25,28.0,76,10.5,Chennai
2019-03-26,28.2,74,12.9,Chennai
2019-03-27,27.6,75,13.3,Chennai
2019-03-28,28.2,75,14.3,Chennai
2019-03-29,28.6,78,15.7,Chennai
2019-03-30,28.7,76,16.6,Chennai
2019-03-31,29.2,77,17.8,Chennai
2019-04-01,29.2,75,19.2,Chennai
2019-04-02,28.8,77,18.0,Chennai
2019-04-03,28.5,75,16.2,Chennai
2019-04-04,28.9,74,16.8,Chennai
2019-04-05,28.7,79,14.4,Chennai
2019-04-06,29.1,78,13.9,Chennai
2019-04-07,29.3,76,17.8,Chennai
2019-04-08,29.6,76,18.7,Chennai
2019-04-09,29.6,78,18.0,Chennai
2019-04-10,29.7,77,16.5,Chennai
2019-04-11,29.4,78,15.1,Chennai
2019-04-12,29.6,77,15.3,Chennai
2019-04-13,29.4,76,14.5,Chennai
2019-04-14,29.3,75,15.2,Chennai
2019-04-15,29.1,75,16.0,Chennai
2019-04-16,29.4,74,16.5,Chennai
2019-04-17,30.1,73,16.3,Chennai
2019-04-18,30.3,75,15.4,Chennai
2019-04-19,30.1,77,16.4,Chennai
2019-04-20,30.3,75,16.6,Chennai
2019-04-21,30.4,73,16.9,Chennai
2019-04-22,30.4,75,11.0,Chennai
2019-04-23,30.3,76,10.3,Chennai
2019-04-24,29.7,74,10.8,Chennai
2019-04-25,29.8,71,11.2,Chennai
2019-04-26,30.2,73,14.4,Chennai
2019-04-27,30.5,74,15.3,Chennai
2019-04-28,30.2,76,14.8,Chennai
2019-04-29,30.5,77,14.1,Chennai
2019-04-30,30.8,77,10.2,Chennai
2019-05-01,31.5,69,12.7,Chennai
2019-05-02,32.5,69,17.6,Chennai
2019-05-03,32.4,63,18.0,Chennai
2019-05-04,32.0,69,14.2,Chennai
2019-05-05,31.3,76,16.3,Chennai
2019-05-06,31.5,74,19.0,Chennai
2019-05-07,31.8,73,20.2,Chennai
2019-05-08,32.5,63,14.9,Chennai
2019-05-09,32.7,61,15.1,Chennai
2019-05-10,31.8,70,18.5,Chennai
2019-05-11,30.9,75,21.2,Chennai
2019-05-12,30.3,78,19.3,Chennai
2019-05-13,30.2,79,18.9,Chennai
2019-05-14,30.4,80,15.9,Chennai
2019-05-15,30.8,79,16.8,Chennai
2019-05-16,30.7,78,17.0,Chennai
2019-05-17,30.8,78,18.3,Chennai
2019-05-18,30.5,80,18.1,Chennai
2019-05-19,30.4,76,19.1,Chennai
2019-05-20,30.4,73,18.9,Chennai
2019-05-21,30.5,74,19.6,Chennai
2019-05-22,30.4,76,19.3,Chennai
2019-05-23,30.7,76,21.5,Chennai
2019-05-24,30.6,76,19.3,Chennai
2019-05-25,31.1,75,18.8,Chennai
2019-05-26,31.5,73,19.4,Chennai
2019-05-27,31.2,75,17.5,Chennai
2019-05-28,31.4,76,19.0,Chennai
2019-05-29,31.6,73,21.9,Chennai
2019-05-30,31.2,77,19.5,Chennai
2019-05-31,30.7,73,20.7,Chennai
2019-06-01,31.9,66,15.6,Chennai
2019-06-02,32.2,68,15.6,Chennai
2019-06-03,31.7,66,12.0,Chennai
2019-06-04,31.3,75,12.1,Chennai
2019-06-05,30.6,74,16.4,Chennai
2019-06-06,30.7,73,19.2,Chennai
2019-06-07,30.9,76,19.1,Chennai
2019-06-08,31.7,69,14.3,Chennai
2019-06-09,32.8,63,20.1,Chennai
2019-06-10,33.2,54,20.2,Chennai
2019-06-11,32.0,59,19.3,Chennai
2019-06-12,32.9,57,16.6,Chennai
2019-06-13,33.0,55,16.8,Chennai
2019-06-14,32.9,55,18.4,Chennai
2019-06-15,32.5,59,16.4,Chennai
2019-06-16,32.8,58,16.6,Chennai
2019-06-17,32.9,54,16.1,Chennai
2019-06-18,31.7,67,11.9,Chennai
2019-06-19,32.5,57,16.8,Chennai
2019-06-20,32.2,61,13.4,Chennai
2019-06-21,30.9,69,10.9,Chennai
2019-06-22,31.5,66,12.2,Chennai
2019-06-23,30.2,76,9.5,Chennai
2019-06-24,29.7,78,9.4,Chennai
2019-06-25,29.5,80,11.2,Chennai
2019-06-26,28.2,85,10.6,Chennai
2019-06-27,29.6,77,12.6,Chennai
2019-06-28,30.2,68,13.9,Chennai
2019-06-29,31.8,60,13.8,Chennai
2019-06-30,31.6,60,12.8,Chennai
2019-07-01,30.9,68,14.0,Chennai
2019-07-02,31.1,66,16.2,Chennai
2019-07-03,31.1,66,17.4,Chennai
2019-07-04,31.6,62,17.7,Chennai
2019-07-05,31.2,63,17.8,Chennai
2019-07-06,31.3,61,16.9,Chennai
2019-07-07,31.7,58,18.5,Chennai
2019-07-08,31.6,57,18.8,Chennai
2019-07-09,31.5,56,16.2,Chennai
2019-07-10,29.8,71,15.2,Chennai
2019-07-11,30.0,62,14.3,Chennai
2019-07-12,29.4,73,14.8,Chennai
2019-07-13,29.6,74,14.9,Chennai
2019-07-14,29.5,74,12.3,Chennai
2019-07-15,29.5,74,12.7,Chennai
2019-07-16,29.6,77,9.5,Chennai
2019-07-17,29.9,75,8.4,Chennai
2019-07-18,29.6,76,10.5,Chennai
2019-07-19,28.5,82,10.0,Chennai
2019-07-20,29.4,72,11.5,Chennai
2019-07-21,29.8,75,11.0,Chennai
2019-07-22,27.0,90,9.9,Chennai
2019-07-23,27.2,82,10.8,Chennai
2019-07-24,29.0,79,12.5,Chennai
2019-07-25,28.7,82,12.1,Chennai
2019-07-26,28.5,79,11.5,Chennai
2019-07-27,28.8,73,11.8,Chennai
2019-07-28,28.9,72,10.0,Chennai
2019-07-29,29.1,75,13.2,Chennai
2019-07-30,29.2,74,11.9,Chennai
2019-07-31,29.6,72,14.5,Chennai
2019-08-01,29.7,70,14.7,Chennai
2019-08-02,29.3,72,12.2,Chennai
2019-08-03,29.9,68,14.1,Chennai
2019-08-04,30.0,67,14.7,Chennai
2019-08-05,28.8,69,17.0,Chennai
2019-08-06,30.1,59,19.3,Chennai
2019-08-07,30.1,63,17.2,Chennai
2019-08-08,30.2,62,17.8,Chennai
2019-08-09,30.7,62,16.1,Chennai
2019-08-10,30.8,59,14.4,Chennai
2019-08-11,30.0,66,14.2,Chennai
2019-08-12,30.4,61,13.4,Chennai
2019-08-13,29.7,70,11.8,Chennai
2019-08-14,29.2,77,13.0,Chennai
2019-08-15,29.0,78,10.4,Chennai
2019-08-16,29.4,77,9.1,Chennai
2019-08-17,27.9,80,11.1,Chennai
2019-08-18,27.5,84,10.7,Chennai
2019-08-19,27.7,85,11.9,Chennai
2019-08-20,28.2,83,9.6,Chennai
2019-08-21,28.7,78,12.3,Chennai
2019-08-22,28.1,76,13.8,Chennai
2019-08-23,28.6,75,15.1,Chennai
2019-08-24,28.5,75,13.9,Chennai
2019-08-25,29.0,75,14.7,Chennai
2019-08-26,29.2,73,15.0,Chennai
2019-08-27,29.2,73,15.3,Chennai
2019-08-28,29.0,73,12.7,Chennai
2019-08-29,29.5,76,11.8,Chennai
2019-08-30,29.3,72,12.2,Chennai
2019-08-31,28.8,74,12.5,Chennai
2019-09-01,28.1,81,8.1,Chennai
2019-09-02,28.2,78,11.5,Chennai
2019-09-03,28.6,74,14.1,Chennai
2019-09-04,28.3,80,12.1,Chennai
2019-09-05,29.3,71,15.3,Chennai
2019-09-06,29.8,68,15.7,Chennai
2019-09-07,29.8,70,14.8,Chennai
2019-09-08,30.1,65,14.9,Chennai
2019-09-09,29.4,72,13.5,Chennai
2019-09-10,28.6,82,15.1,Chennai
2019-09-11,28.3,81,12.1,Chennai
2019-09-12,28.2,82,12.3,Chennai
2019-09-13,28.1,83,13.5,Chennai
2019-09-14,28.2,83,13.8,Chennai
2019-09-15,28.2,83,12.3,Chennai
2019-09-16,28.2,82,9.6,Chennai
2019-09-17,26.9,87,8.8,Chennai
2019-09-18,26.9,88,10.9,Chennai
2019-09-19,26.5,88,8.7,Chennai
2019-09-20,27.3,86,6.5,Chennai
2019-09-21,28.0,87,8.5,Chennai
2019-09-22,27.8,90,5.9,Chennai
2019-09-23,27.6,87,7.7,Chennai
2019-09-24,27.4,85,10.5,Chennai
2019-09-25,27.0,85,20.2,Chennai
2019-09-26,27.8,81,20.1,Chennai
2019-09-27,27.7,85,9.9,Chennai
2019-09-28,27.5,84,9.5,Chennai
2019-09-29,27.4,83,9.4,Chennai
2019-09-30,27.2,83,11.8,Chennai
2019-10-01,27.8,82,11.3,Chennai
2019-10-02,27.9,84,11.3,Chennai
2019-10-03,28.1,82,11.8,Chennai
2019-10-04,27.8,84,10.4,Chennai
2019-10-05,27.7,84,11.5,Chennai
2019-10-06,27.9,81,12.2,Chennai
2019-10-07,28.1,81,10.1,Chennai
2019-10-08,27.7,82,10.1,Chennai
2019-10-09,27.9,81,11.4,Chennai
2019-10-10,28.3,80,10.8,Chennai
2019-10-11,28.0,81,10.2,Chennai
2019-10-12,28.3,80,8.8,Chennai
2019-10-13,28.3,80,7.8,Chennai
2019-10-14,28.1,81,9.4,Chennai
2019-10-15,27.0,86,10.8,Chennai
2019-10-16,26.6,85,10.5,Chennai
2019-10-17,26.4,87,6.7,Chennai
2019-10-18,26.8,85,8.7,Chennai
2019-10-19,26.7,87,8.8,Chennai
2019-10-20,26.4,90,8.8,Chennai
2019-10-21,25.7,92,6.8,Chennai
2019-10-22,24.8,92,10.3,Chennai
2019-10-23,27.2,80,9.6,Chennai
2019-10-24,25.9,90,9.2,Chennai
2019-10-25,27.5,82,9.0,Chennai
2019-10-26,27.4,85,10.0,Chennai
2019-10-27,27.4,84,6.5,Chennai
2019-10-28,27.1,84,10.4,Chennai
2019-10-29,26.2,88,13.6,Chennai
2019-10-30,25.6,90,11.9,Chennai
2019-10-31,26.2,89,9.5,Chennai
2019-11-01,26.9,84,7.7,Chennai
2019-11-02,27.3,85,7.5,Chennai
2019-11-03,27.2,83,9.1,Chennai
2019-11-04,27.1,83,8.0,Chennai
2019-11-05,26.9,82,8.2,Chennai
2019-11-06,27.2,82,7.3,Chennai
2019-11-07,27.0,82,5.8,Chennai
2019-11-08,27.8,80,7.1,Chennai
2019-11-09,27.7,83,6.6,Chennai
2019-11-10,27.2,82,6.4,Chennai
2019-11-11,26.8,80,8.2,Chennai
2019-11-12,27.5,76,11.8,Chennai
2019-11-13,27.6,73,14.5,Chennai
2019-11-14,26.1,88,10.7,Chennai
2019-11-15,25.9,88,9.9,Chennai
2019-11-16,26.7,84,9.7,Chennai
2019-11-17,26.4,86,12.3,Chennai
2019-11-18,26.9,86,8.7,Chennai
2019-11-19,26.6,87,9.6,Chennai
2019-11-20,25.8,89,11.2,Chennai
2019-11-21,26.4,84,14.6,Chennai
2019-11-22,26.3,82,14.8,Chennai
2019-11-23,25.8,84,13.6,Chennai
2019-11-24,26.7,74,13.5,Chennai
2019-11-25,26.1,83,14.3,Chennai
2019-11-26,26.3,78,14.9,Chennai
2019-11-27,26.4,86,14.9,Chennai
2019-11-28,25.9,89,15.1,Chennai
2019-11-29,26.7,84,16.2,Chennai
2019-11-30,25.7,89,15.3,Chennai
2019-12-01,25.2,91,16.8,Chennai
2019-12-02,26.5,83,12.0,Chennai
2019-12-03,27.2,73,17.0,Chennai
2019-12-04,26.9,73,21.3,Chennai
2019-12-05,26.7,67,19.1,Chennai
2019-12-06,26.3,66,17.4,Chennai
2019-12-07,25.2,88,14.4,Chennai
2019-12-08,26.0,78,12.7,Chennai
2019-12-09,26.0,74,13.8,Chennai
2019-12-10,25.8,73,13.0,Chennai
2019-12-11,25.4,74,10.8,Chennai
2019-12-12,26.1,73,11.5,Chennai
2019-12-13,26.1,80,11.8,Chennai
2019-12-14,25.8,82,12.8,Chennai
2019-12-15,26.0,76,12.9,Chennai
2019-12-16,25.5,85,13.9,Chennai
2019-12-17,26.2,72,18.5,Chennai
2019-12-18,26.1,78,16.3,Chennai
2019-12-19,26.4,72,16.5,Chennai
2019-12-20,26.2,72,13.7,Chennai
2019-12-21,25.9,75,12.3,Chennai
2019-12-22,25.8,68,11.7,Chennai
2019-12-23,25.4,70,11.1,Chennai
2019-12-24,25.3,84,14.0,Chennai
2019-12-25,26.1,72,12.8,Chennai
2019-12-26,25.1,75,9.1,Chennai
2019-12-27,25.1,72,7.8,Chennai
2019-12-28,25.8,70,11.0,Chennai
2019-12-29,25.3,78,13.2,Chennai
2019-12-30,25.0,81,13.6,Chennai
2019-12-31,25.1,84,11.4,Chennai
2020-01-01,25.0,88,8.9,Chennai
2020-01-02,25.5,88,8.0,Chennai
2020-01-03,26.1,85,7.3,Chennai
2020-01-04,26.4,85,8.3,Chennai
2020-01-05,26.1,84,7.6,Chennai
2020-01-06,25.6,85,12.9,Chennai
2020-01-07,26.0,79,16.8,Chennai
2020-01-08,25.4,75,11.0,Chennai
2020-01-09,24.6,74,7.4,Chennai
2020-01-10,25.1,70,10.8,Chennai
2020-01-11,25.2,70,10.4,Chennai
2020-01-12,25.0,78,11.1,Chennai
2020-01-13,24.3,79,8.4,Chennai
2020-01-14,23.9,71,8.5,Chennai
2020-01-15,25.2,62,8.9,Chennai
2020-01-16,25.4,68,9.4,Chennai
2020-01-17,25.3,82,11.3,Chennai
2020-01-18,25.9,81,13.0,Chennai
2020-01-19,26.2,75,10.5,Chennai
2020-01-20,25.7,77,9.5,Chennai
2020-01-21,25.7,71,12.1,Chennai
2020-01-22,26.1,70,14.3,Chennai
2020-01-23,25.9,72,11.8,Chennai
2020-01-24,24.1,79,8.5,Chennai
2020-01-25,23.3,82,8.0,Chennai
2020-01-26,23.5,83,8.0,Chennai
2020-01-27,24.5,80,10.7,Chennai
2020-01-28,25.7,77,12.6,Chennai
2020-01-29,25.8,78,12.1,Chennai
2020-01-30,25.3,80,10.5,Chennai
2020-01-31,25.7,77,9.5,Chennai
2020-02-01,26.6,71,10.8,Chennai
2020-02-02,26.4,72,11.7,Chennai
2020-02-03,26.0,73,10.3,Chennai
2020-02-04,26.0,75,10.0,Chennai
2020-02-05,25.9,71,9.5,Chennai
2020-02-06,25.6,75,10.8,Chennai
2020-02-07,26.5,67,15.9,Chennai
2020-02-08,26.5,69,14.5,Chennai
2020-02-09,26.7,68,14.0,Chennai
2020-02-10,26.8,62,14.4,Chennai
2020-02-11,26.4,72,15.1,Chennai
2020-02-12,26.7,72,14.6,Chennai
2020-02-13,26.3,74,10.9,Chennai
2020-02-14,25.5,74,8.4,Chennai
2020-02-15,24.9,71,7.6,Chennai
2020-02-16,25.1,71,9.3,Chennai
2020-02-17,25.3,68,8.4,Chennai
2020-02-18,25.2,68,9.1,Chennai
2020-02-19,25.7,65,9.6,Chennai
2020-02-20,25.9,62,9.9,Chennai
2020-02-21,26.4,67,12.0,Chennai
2020-02-22,27.0,73,15.8,Chennai
2020-02-23,26.8,74,13.1,Chennai
2020-02-24,26.5,76,10.4,Chennai
2020-02-25,27.1,75,12.6,Chennai
2020-02-26,27.2,75,10.9,Chennai
2020-02-27,27.2,74,11.1,Chennai
2020-02-28,27.0,72,11.8,Chennai
2020-02-29,26.8,73,11.3,Chennai
2020-03-01,26.8,71,11.1,Chennai
2020-03-02,26.4,71,9.8,Chennai
2020-03-03,27.0,70,9.9,Chennai
2020-03-04,26.8,76,11.4,Chennai
2020-03-05,27.2,75,15.4,Chennai
2020-03-06,27.5,74,16.5,Chennai
2020-03-07,27.6,74,17.7,Chennai
2020-03-08,27.3,74,13.1,Chennai
2020-03-09,26.9,73,10.7,Chennai
2020-03-10,27.3,71,12.3,Chennai
2020-03-11,26.9,73,13.8,Chennai
2020-03-12,27.4,73,12.9,Chennai
2020-03-13,27.5,73,10.9,Chennai
2020-03-14,27.5,73,10.1,Chennai
2020-03-15,27.7,71,10.6,Chennai
2020-03-16,28.2,71,12.2,Chennai
2020-03-17,27.8,75,10.1,Chennai
2020-03-18,27.7,78,9.9,Chennai
2020-03-19,28.1,77,13.8,Chennai
2020-03-20,27.8,77,15.0,Chennai
2020-03-21,28.1,75,15.9,Chennai
2020-03-22,28.2,74,15.0,Chennai
2020-03-23,28.0,70,12.8,Chennai
2020-03-24,27.9,72,10.2,Chennai
2020-03-25,27.8,72,10.3,Chennai
2020-03-26,28.1,72,9.9,Chennai
2020-03-27,27.8,71,9.6,Chennai
2020-03-28,27.3,73,9.8,Chennai
2020-03-29,27.6,74,11.4,Chennai
2020-03-30,27.1,76,8.9,Chennai
2020-03-31,27.5,76,8.5,Chennai
2020-04-01,28.0,76,11.1,Chennai
2020-04-02,28.5,77,14.3,Chennai
2020-04-03,28.8,75,15.6,Chennai
2020-04-04,28.6,74,12.8,Chennai
2020-04-05,29.3,76,14.8,Chennai
2020-04-06,29.4,78,15.4,Chennai
2020-04-07,29.3,77,16.1,Chennai
2020-04-08,29.6,77,16.0,Chennai
2020-04-09,29.3,78,14.1,Chennai
2020-04-10,29.0,74,13.1,Chennai
2020-04-11,29.0,73,10.4,Chennai
2020-04-12,28.3,76,9.9,Chennai
2020-04-13,28.2,77,10.9,Chennai
2020-04-14,28.2,75,10.5,Chennai
2020-04-15,28.7,73,11.5,Chennai
2020-04-16,28.9,77,13.9,Chennai
2020-04-17,29.6,75,17.3,Chennai
2020-04-18,29.5,75,16.4,Chennai
2020-04-19,29.7,75,15.0,Chennai
2020-04-20,29.6,75,13.2,Chennai
2020-04-21,29.5,74,13.5,Chennai
2020-04-22,29.6,76,16.9,Chennai
2020-04-23,29.8,76,16.8,Chennai
2020-04-24,30.1,75,19.3,Chennai
2020-04-25,30.6,76,18.9,Chennai
2020-04-26,30.0,76,18.5,Chennai
2020-04-27,30.1,76,15.9,Chennai
2020-04-28,30.0,75,13.6,Chennai
2020-04-29,29.8,74,10.1,Chennai
2020-04-30,29.9,78,13.4,Chennai
2020-05-01,30.3,76,13.9,Chennai
2020-05-02,30.4,78,14.4,Chennai
2020-05-03,30.3,78,15.1,Chennai
2020-05-04,29.9,76,15.6,Chennai
2020-05-05,30.1,77,16.2,Chennai
2020-05-06,30.2,74,16.4,Chennai
2020-05-07,30.3,77,15.5,Chennai
2020-05-08,30.4,76,14.8,Chennai
2020-05-09,30.5,76,13.3,Chennai
2020-05-10,30.2,76,11.6,Chennai
2020-05-11,30.3,75,10.7,Chennai
2020-05-12,29.3,80,8.9,Chennai
2020-05-13,30.0,76,9.7,Chennai
2020-05-14,30.2,75,9.0,Chennai
2020-05-15,30.4,75,12.4,Chennai
2020-05-16,30.9,72,12.9,Chennai
2020-05-17,30.7,74,11.6,Chennai
2020-05-18,32.1,65,11.5,Chennai
2020-05-19,34.1,54,16.0,Chennai
2020-05-20,34.1,54,18.4,Chennai
2020-05-21,32.9,58,17.8,Chennai
2020-05-22,32.3,66,15.6,Chennai
2020-05-23,31.3,75,17.0,Chennai
2020-05-24,30.9,78,17.4,Chennai
2020-05-25,30.7,77,16.1,Chennai
2020-05-26,30.7,77,17.3,Chennai
2020-05-27,31.2,77,18.4,Chennai
2020-05-28,31.7,75,18.8,Chennai
2020-05-29,31.7,68,17.3,Chennai
2020-05-30,31.0,75,17.4,Chennai
2020-05-31,30.8,74,20.4,Chennai
2020-06-01,31.1,73,16.5,Chennai
2020-06-02,30.9,71,13.8,Chennai
2020-06-03,31.3,64,17.8,Chennai
2020-06-04,31.6,66,17.1,Chennai
2020-06-05,31.9,64,14.7,Chennai
2020-06-06,31.3,65,15.1,Chennai
2020-06-07,31.9,59,16.6,Chennai
2020-06-08,32.0,58,14.1,Chennai
2020-06-09,31.4,65,13.2,Chennai
2020-06-10,30.8,64,11.5,Chennai
2020-06-11,30.0,65,13.5,Chennai
2020-06-12,31.4,56,17.1,Chennai
2020-06-13,31.2,59,17.5,Chennai
2020-06-14,31.6,64,14.1,Chennai
2020-06-15,32.4,57,16.1,Chennai
2020-06-16,31.9,65,17.0,Chennai
2020-06-17,31.7,64,14.3,Chennai
2020-06-18,32.0,61,13.0,Chennai
2020-06-19,31.9,60,13.0,Chennai
2020-06-20,31.5,63,12.2,Chennai
2020-06-21,31.0,65,9.5,Chennai
2020-06-22,30.4,69,12.2,Chennai
2020-06-23,29.2,77,11.1,Chennai
2020-06-24,28.9,79,10.0,Chennai
2020-06-25,28.4,80,10.3,Chennai
2020-06-26,28.6,80,12.9,Chennai
2020-06-27,29.8,79,11.2,Chennai
2020-06-28,29.5,80,9.7,Chennai
2020-06-29,29.0,81,10.0,Chennai
2020-06-30,28.4,83,7.8,Chennai
2020-07-01,29.0,83,8.2,Chennai
2015-01-01,23.3,69,11.2,Hyderabad
2015-01-02,23.1,72,6.8,Hyderabad
2015-01-03,22.4,84,7.8,Hyderabad
2015-01-04,21.7,85,7.5,Hyderabad
2015-01-05,22.1,70,9.1,Hyderabad
2015-01-06,21.5,61,8.4,Hyderabad
2015-01-07,22.2,52,6.3,Hyderabad
2015-01-08,21.6,52,6.8,Hyderabad
2015-01-09,20.0,42,8.4,Hyderabad
2015-01-10,19.1,42,8.4,Hyderabad
2015-01-11,19.1,39,8.8,Hyderabad
2015-01-12,19.2,39,8.6,Hyderabad
2015-01-13,20.0,39,8.1,Hyderabad
2015-01-14,20.3,45,7.7,Hyderabad
2015-01-15,20.9,57,9.0,Hyderabad
2015-01-16,21.2,46,7.0,Hyderabad
2015-01-17,21.1,36,8.4,Hyderabad
2015-01-18,21.1,40,7.0,Hyderabad
2015-01-19,21.5,48,9.4,Hyderabad
2015-01-20,22.0,57,11.3,Hyderabad
2015-01-21,21.9,60,13.4,Hyderabad
2015-01-22,22.0,57,12.1,Hyderabad
2015-01-23,21.9,56,11.4,Hyderabad
2015-01-24,22.3,54,11.8,Hyderabad
2015-01-25,22.2,48,14.1,Hyderabad
2015-01-26,21.7,55,13.5,Hyderabad
2015-01-27,21.6,50,12.0,Hyderabad
2015-01-28,21.5,58,10.8,Hyderabad
2015-01-29,22.2,58,10.1,Hyderabad
2015-01-30,22.5,61,7.8,Hyderabad
2015-01-31,22.6,55,9.2,Hyderabad
2015-02-01,22.1,58,7.5,Hyderabad
2015-02-02,22.6,62,11.6,Hyderabad
2015-02-03,22.1,63,11.1,Hyderabad
2015-02-04,22.0,55,9.5,Hyderabad
2015-02-05,22.9,45,9.2,Hyderabad
2015-02-06,22.8,37,10.6,Hyderabad
2015-02-07,22.8,43,12.2,Hyderabad
2015-02-08,23.1,49,12.6,Hyderabad
2015-02-09,23.0,54,15.2,Hyderabad
2015-02-10,22.4,61,14.5,Hyderabad
2015-02-11,22.3,60,9.6,Hyderabad
2015-02-12,22.8,52,9.1,Hyderabad
2015-02-13,24.4,45,7.7,Hyderabad
2015-02-14,25.0,41,6.5,Hyderabad
2015-02-15,25.3,40,6.7,Hyderabad
2015-02-16,25.2,42,6.3,Hyderabad
2015-02-17,25.4,41,6.5,Hyderabad
2015-02-18,26.0,37,9.2,Hyderabad
2015-02-19,25.4,46,10.6,Hyderabad
2015-02-20,24.9,44,9.9,Hyderabad
2015-02-21,25.1,48,8.8,Hyderabad
2015-02-22,25.3,45,7.8,Hyderabad
2015-02-23,26.0,36,8.4,Hyderabad
2015-02-24,26.2,32,9.7,Hyderabad
2015-02-25,26.2,28,7.9,Hyderabad
2015-02-26,26.5,30,9.1,Hyderabad
2015-02-27,26.1,31,10.0,Hyderabad
2015-02-28,25.8,53,14.5,Hyderabad
2015-03-01,24.0,74,14.2,Hyderabad
2015-03-02,23.7,77,8.8,Hyderabad
2015-03-03,24.6,63,7.9,Hyderabad
2015-03-04,23.8,50,8.1,Hyderabad
2015-03-05,25.2,53,8.3,Hyderabad
2015-03-06,25.2,72,5.7,Hyderabad
2015-03-07,25.2,69,4.9,Hyderabad
2015-03-08,25.9,65,8.9,Hyderabad
2015-03-09,25.6,62,4.8,Hyderabad
2015-03-10,25.7,65,6.9,Hyderabad
2015-03-11,26.4,45,9.6,Hyderabad
2015-03-12,26.1,43,10.4,Hyderabad
2015-03-13,27.0,44,9.8,Hyderabad
2015-03-14,27.5,36,13.0,Hyderabad
2015-03-15,26.5,45,13.4,Hyderabad
2015-03-16,27.7,48,8.9,Hyderabad
2015-03-17,27.9,45,6.0,Hyderabad
2015-03-18,29.1,36,6.4,Hyderabad
2015-03-19,29.1,38,9.0,Hyderabad
2015-03-20,29.3,31,9.3,Hyderabad
2015-03-21,29.6,33,8.4,Hyderabad
2015-03-22,30.5,34,6.5,Hyderabad
2015-03-23,30.6,36,6.7,Hyderabad
2015-03-24,30.4,34,7.7,Hyderabad
2015-03-25,29.5,38,9.6,Hyderabad
2015-03-26,28.9,47,9.9,Hyderabad
2015-03-27,28.7,42,9.8,Hyderabad
2015-03-28,28.9,37,9.0,Hyderabad
2015-03-29,28.6,47,8.1,Hyderabad
2015-03-30,28.0,52,5.3,Hyderabad
2015-03-31,28.1,53,6.8,Hyderabad
2015-04-01,29.0,50,6.2,Hyderabad
2015-04-02,29.8,48,7.9,Hyderabad
2015-04-03,30.8,39,8.9,Hyderabad
2015-04-04,30.4,32,9.9,Hyderabad
2015-04-05,29.9,33,7.2,Hyderabad
2015-04-06,30.6,44,8.1,Hyderabad
2015-04-07,30.3,52,10.7,Hyderabad
2015-04-08,29.6,53,12.1,Hyderabad
2015-04-09,29.1,52,10.6,Hyderabad
2015-04-10,29.2,57,6.4,Hyderabad
2015-04-11,27.0,67,6.2,Hyderabad
2015-04-12,23.8,79,9.9,Hyderabad
2015-04-13,24.0,75,8.8,Hyderabad
2015-04-14,22.6,81,8.6,Hyderabad
2015-04-15,24.2,75,9.2,Hyderabad
2015-04-16,25.2,71,6.7,Hyderabad
2015-04-17,25.9,68,4.6,Hyderabad
2015-04-18,27.7,55,5.9,Hyderabad
2015-04-19,29.0,47,8.2,Hyderabad
2015-04-20,29.6,49,8.8,Hyderabad
2015-04-21,30.0,46,8.4,Hyderabad
2015-04-22,31.0,45,8.8,Hyderabad
2015-04-23,30.2,51,5.0,Hyderabad
2015-04-24,28.9,60,8.9,Hyderabad
2015-04-25,29.2,52,9.8,Hyderabad
2015-04-26,29.0,59,10.0,Hyderabad
2015-04-27,29.5,54,8.4,Hyderabad
2015-04-28,30.9,44,9.9,Hyderabad
2015-04-29,32.0,38,9.3,Hyderabad
2015-04-30,31.8,38,11.3,Hyderabad
2015-05-01,31.8,34,9.4,Hyderabad
2015-05-02,31.9,37,7.9,Hyderabad
2015-05-03,31.5,43,8.0,Hyderabad
2015-05-04,30.2,55,8.5,Hyderabad
2015-05-05,30.5,45,6.0,Hyderabad
2015-05-06,30.4,44,6.2,Hyderabad
2015-05-07,31.3,44,7.1,Hyderabad
2015-05-08,32.2,37,8.5,Hyderabad
2015-05-09,32.4,40,7.8,Hyderabad
2015-05-10,31.6,45,5.8,Hyderabad
2015-05-11,31.2,46,7.9,Hyderabad
2015-05-12,30.8,50,5.7,Hyderabad
2015-05-13,30.0,55,4.1,Hyderabad
2015-05-14,30.3,54,6.9,Hyderabad
2015-05-15,30.3,55,5.1,Hyderabad
2015-05-16,27.9,69,4.9,Hyderabad
2015-05-17,29.9,58,6.9,Hyderabad
2015-05-18,31.5,48,9.9,Hyderabad
2015-05-19,33.2,41,11.1,Hyderabad
2015-05-20,34.3,35,16.5,Hyderabad
2015-05-21,34.7,30,11.5,Hyderabad
2015-05-22,34.8,29,14.2,Hyderabad
2015-05-23,34.4,31,16.5,Hyderabad
2015-05-24,33.8,32,16.0,Hyderabad
2015-05-25,33.6,33,16.6,Hyderabad
2015-05-26,34.0,30,14.1,Hyderabad
2015-05-27,34.4,27,12.5,Hyderabad
2015-05-28,33.7,35,11.8,Hyderabad
2015-05-29,34.3,36,12.7,Hyderabad
2015-05-30,33.7,41,12.2,Hyderabad
2015-05-31,34.0,36,8.8,Hyderabad
2015-06-01,31.2,54,9.5,Hyderabad
2015-06-02,31.4,50,11.0,Hyderabad
2015-06-03,30.7,51,6.8,Hyderabad
2015-06-04,30.7,56,7.8,Hyderabad
2015-06-05,29.6,62,9.5,Hyderabad
2015-06-06,29.4,63,9.4,Hyderabad
2015-06-07,28.2,69,10.2,Hyderabad
2015-06-08,29.0,66,10.4,Hyderabad
2015-06-09,28.6,64,13.5,Hyderabad
2015-06-10,29.2,63,12.4,Hyderabad
2015-06-11,30.1,63,10.8,Hyderabad
2015-06-12,27.3,77,12.6,Hyderabad
2015-06-13,26.6,77,11.4,Hyderabad
2015-06-14,25.4,80,14.9,Hyderabad
2015-06-15,24.7,83,17.0,Hyderabad
2015-06-16,25.7,77,17.2,Hyderabad
2015-06-17,25.8,74,18.4,Hyderabad
2015-06-18,25.1,80,21.3,Hyderabad
2015-06-19,25.0,81,25.4,Hyderabad
2015-06-20,24.2,86,25.8,Hyderabad
2015-06-21,23.2,91,26.5,Hyderabad
2015-06-22,25.0,79,25.4,Hyderabad
2015-06-23,26.7,69,22.2,Hyderabad
2015-06-24,26.7,72,25.1,Hyderabad
2015-06-25,26.9,69,25.3,Hyderabad
2015-06-26,27.0,66,23.3,Hyderabad
2015-06-27,26.8,66,19.7,Hyderabad
2015-06-28,27.1,64,16.0,Hyderabad
2015-06-29,27.3,65,12.7,Hyderabad
2015-06-30,27.6,63,13.0,Hyderabad
2015-07-01,27.6,63,14.5,Hyderabad
2015-07-02,26.9,69,13.2,Hyderabad
2015-07-03,28.3,57,16.0,Hyderabad
2015-07-04,28.7,52,17.3,Hyderabad
2015-07-05,28.8,51,20.2,Hyderabad
2015-07-06,28.8,50,21.0,Hyderabad
2015-07-07,28.3,55,21.2,Hyderabad
2015-07-08,28.7,57,21.1,Hyderabad
2015-07-09,29.1,56,21.8,Hyderabad
2015-07-10,28.2,61,21.9,Hyderabad
2015-07-11,28.1,58,19.1,Hyderabad
2015-07-12,28.8,55,16.2,Hyderabad
2015-07-13,29.4,57,13.3,Hyderabad
2015-07-14,29.2,62,8.9,Hyderabad
2015-07-15,27.6,71,14.5,Hyderabad
2015-07-16,29.3,53,17.1,Hyderabad
2015-07-17,28.8,58,18.6,Hyderabad
2015-07-18,28.4,62,18.1,Hyderabad
2015-07-19,27.8,66,18.7,Hyderabad
2015-07-20,27.3,65,19.6,Hyderabad
2015-07-21,27.6,65,17.7,Hyderabad
2015-07-22,26.2,72,13.3,Hyderabad
2015-07-23,27.3,67,12.8,Hyderabad
2015-07-24,27.2,70,14.6,Hyderabad
2015-07-25,27.6,64,18.3,Hyderabad
2015-07-26,26.8,67,16.5,Hyderabad
2015-07-27,27.6,59,18.2,Hyderabad
2015-07-28,28.3,54,19.8,Hyderabad
2015-07-29,27.8,54,21.5,Hyderabad
2015-07-30,26.8,60,18.2,Hyderabad
2015-07-31,27.1,64,16.7,Hyderabad
2015-08-01,27.6,64,13.4,Hyderabad
2015-08-02,28.4,58,13.1,Hyderabad
2015-08-03,28.1,57,14.4,Hyderabad
2015-08-04,27.4,59,17.8,Hyderabad
2015-08-05,26.4,64,20.1,Hyderabad
2015-08-06,26.0,70,17.3,Hyderabad
2015-08-07,26.6,68,16.5,Hyderabad
2015-08-08,26.0,76,14.6,Hyderabad
2015-08-09,25.8,79,12.2,Hyderabad
2015-08-10,25.8,80,11.3,Hyderabad
2015-08-11,25.0,85,14.5,Hyderabad
2015-08-12,23.3,92,14.9,Hyderabad
2015-08-13,24.3,83,16.4,Hyderabad
2015-08-14,26.0,74,13.4,Hyderabad
2015-08-15,26.7,71,13.6,Hyderabad
2015-08-16,26.1,74,11.7,Hyderabad
2015-08-17,26.9,69,9.4,Hyderabad
2015-08-18,26.9,74,7.7,Hyderabad
2015-08-19,27.1,77,7.0,Hyderabad
2015-08-20,25.9,84,6.8,Hyderabad
2015-08-21,25.6,82,12.6,Hyderabad
2015-08-22,26.1,73,13.3,Hyderabad
2015-08-23,26.4,69,13.6,Hyderabad
2015-08-24,26.9,64,14.1,Hyderabad
2015-08-25,27.0,64,14.3,Hyderabad
2015-08-26,26.7,70,13.9,Hyderabad
2015-08-27,26.0,75,13.7,Hyderabad
2015-08-28,24.9,83,14.3,Hyderabad
2015-08-29,25.2,80,15.7,Hyderabad
2015-08-30,26.4,72,13.9,Hyderabad
2015-08-31,27.2,67,13.1,Hyderabad
2015-09-01,27.2,65,11.6,Hyderabad
2015-09-02,27.0,65,9.9,Hyderabad
2015-09-03,27.3,63,6.3,Hyderabad
2015-09-04,28.2,64,7.1,Hyderabad
2015-09-05,27.3,73,5.5,Hyderabad
2015-09-06,26.3,80,6.1,Hyderabad
2015-09-07,25.5,84,8.5,Hyderabad
2015-09-08,25.4,82,6.6,Hyderabad
2015-09-09,24.8,83,5.4,Hyderabad
2015-09-10,25.2,84,8.8,Hyderabad
2015-09-11,25.4,83,7.6,Hyderabad
2015-09-12,24.2,89,12.1,Hyderabad
2015-09-13,24.8,87,13.1,Hyderabad
2015-09-14,24.3,89,14.6,Hyderabad
2015-09-15,24.2,89,14.2,Hyderabad
2015-09-16,24.2,90,18.1,Hyderabad
2015-09-17,25.0,84,19.5,Hyderabad
2015-09-18,26.4,77,14.6,Hyderabad
2015-09-19,26.2,76,10.8,Hyderabad
2015-09-20,25.6,72,10.4,Hyderabad
2015-09-21,26.0,69,11.6,Hyderabad
2015-09-22,26.1,66,10.3,Hyderabad
2015-09-23,26.9,64,7.8,Hyderabad
2015-09-24,27.3,68,6.7,Hyderabad
2015-09-25,27.6,72,4.5,Hyderabad
2015-09-26,26.3,79,6.5,Hyderabad
2015-09-27,26.7,65,8.4,Hyderabad
2015-09-28,25.8,67,8.4,Hyderabad
2015-09-29,25.9,74,7.5,Hyderabad
2015-09-30,26.0,77,7.4,Hyderabad
2015-10-01,24.8,85,7.7,Hyderabad
2015-10-02,25.3,83,6.7,Hyderabad
2015-10-03,25.8,82,7.5,Hyderabad
2015-10-04,25.9,83,7.6,Hyderabad
2015-10-05,26.0,78,8.1,Hyderabad
2015-10-06,26.5,68,7.4,Hyderabad
2015-10-07,26.5,59,7.0,Hyderabad
2015-10-08,26.8,54,5.0,Hyderabad
2015-10-09,27.3,57,7.7,Hyderabad
2015-10-10,28.0,58,9.5,Hyderabad
2015-10-11,27.0,69,7.1,Hyderabad
2015-10-12,27.8,61,6.4,Hyderabad
2015-10-13,28.5,47,5.9,Hyderabad
2015-10-14,28.7,45,6.2,Hyderabad
2015-10-15,28.1,49,6.6,Hyderabad
2015-10-16,27.4,64,7.6,Hyderabad
2015-10-17,27.1,71,8.6,Hyderabad
2015-10-18,27.4,68,7.5,Hyderabad
2015-10-19,27.7,59,7.5,Hyderabad
2015-10-20,27.8,52,8.5,Hyderabad
2015-10-21,28.1,50,9.1,Hyderabad
2015-10-22,28.2,52,9.5,Hyderabad
2015-10-23,27.9,53,8.3,Hyderabad
2015-10-24,27.8,55,9.3,Hyderabad
2015-10-25,27.2,58,10.8,Hyderabad
2015-10-26,26.6,58,9.2,Hyderabad
2015-10-27,26.5,51,9.0,Hyderabad
2015-10-28,25.6,63,11.7,Hyderabad
2015-10-29,25.4,76,8.3,Hyderabad
2015-10-30,25.7,70,8.2,Hyderabad
2015-10-31,26.1,63,11.1,Hyderabad
2015-11-01,26.0,59,8.8,Hyderabad
2015-11-02,26.3,60,7.8,Hyderabad
2015-11-03,27.1,59,6.4,Hyderabad
2015-11-04,27.2,56,8.1,Hyderabad
2015-11-05,26.5,60,8.1,Hyderabad
2015-11-06,26.7,58,8.9,Hyderabad
2015-11-07,26.4,55,9.6,Hyderabad
2015-11-08,26.3,51,10.7,Hyderabad
2015-11-09,25.2,47,10.8,Hyderabad
2015-11-10,24.3,54,13.0,Hyderabad
2015-11-11,25.4,56,11.0,Hyderabad
2015-11-12,25.4,53,9.4,Hyderabad
2015-11-13,25.6,46,9.8,Hyderabad
2015-11-14,25.2,47,10.3,Hyderabad
2015-11-15,25.3,50,10.1,Hyderabad
2015-11-16,23.1,65,9.2,Hyderabad
2015-11-17,23.9,62,13.0,Hyderabad
2015-11-18,24.4,54,12.2,Hyderabad
2015-11-19,23.9,58,14.7,Hyderabad
2015-11-20,23.4,75,11.3,Hyderabad
2015-11-21,24.8,69,11.8,Hyderabad
2015-11-22,25.5,65,12.4,Hyderabad
2015-11-23,25.1,65,11.6,Hyderabad
2015-11-24,25.2,66,7.9,Hyderabad
2015-11-25,25.3,61,8.4,Hyderabad
2015-11-26,24.9,61,7.8,Hyderabad
2015-11-27,25.4,61,8.4,Hyderabad
2015-11-28,25.4,62,11.4,Hyderabad
2015-11-29,24.6,59,13.8,Hyderabad
2015-11-30,21.6,83,8.0,Hyderabad
2015-12-01,24.0,72,9.4,Hyderabad
2015-12-02,23.6,72,11.1,Hyderabad
2015-12-03,24.0,60,8.0,Hyderabad
2015-12-04,24.5,59,7.9,Hyderabad
2015-12-05,24.6,55,8.6,Hyderabad
2015-12-06,23.5,66,9.4,Hyderabad
2015-12-07,24.1,60,7.9,Hyderabad
2015-12-08,24.1,58,7.9,Hyderabad
2015-12-09,23.5,58,9.6,Hyderabad
2015-12-10,24.0,59,9.2,Hyderabad
2015-12-11,25.8,54,8.4,Hyderabad
2015-12-12,27.1,57,6.7,Hyderabad
2015-12-13,27.0,60,8.5,Hyderabad
2015-12-14,26.8,55,7.5,Hyderabad
2015-12-15,26.4,52,9.1,Hyderabad
2015-12-16,25.7,54,11.1,Hyderabad
2015-12-17,24.6,53,11.4,Hyderabad
2015-12-18,24.8,56,7.7,Hyderabad
2015-12-19,25.1,58,10.3,Hyderabad
2015-12-20,25.3,55,10.3,Hyderabad
2015-12-21,25.3,58,8.8,Hyderabad
2015-12-22,25.6,56,7.5,Hyderabad
2015-12-23,25.7,57,6.3,Hyderabad
2015-12-24,25.8,52,7.4,Hyderabad
2015-12-25,22.6,36,12.2,Hyderabad
2015-12-26,20.6,33,7.9,Hyderabad
2015-12-27,21.5,35,9.2,Hyderabad
2015-12-28,22.6,35,9.1,Hyderabad
2015-12-29,23.7,36,9.5,Hyderabad
2015-12-30,24.1,35,9.5,Hyderabad
2015-12-31,24.4,47,8.4,Hyderabad
2016-01-01,23.8,52,8.8,Hyderabad
2016-01-02,24.1,45,6.6,Hyderabad
2016-01-03,24.0,43,6.9,Hyderabad
2016-01-04,23.5,49,6.7,Hyderabad
2016-01-05,23.6,50,7.4,Hyderabad
2016-01-06,23.2,53,8.1,Hyderabad
2016-01-07,23.1,51,8.9,Hyderabad
2016-01-08,23.1,46,7.2,Hyderabad
2016-01-09,23.3,41,7.5,Hyderabad
2016-01-10,23.5,37,8.4,Hyderabad
2016-01-11,23.2,39,7.7,Hyderabad
2016-01-12,22.7,39,6.8,Hyderabad
2016-01-13,23.2,38,7.5,Hyderabad
2016-01-14,23.7,44,10.3,Hyderabad
2016-01-15,23.0,54,12.1,Hyderabad
2016-01-16,23.5,46,10.8,Hyderabad
2016-01-17,24.0,42,12.9,Hyderabad
2016-01-18,23.2,53,13.3,Hyderabad
2016-01-19,22.5,71,10.2,Hyderabad
2016-01-20,21.3,75,6.4,Hyderabad
2016-01-21,21.5,61,9.7,Hyderabad
2016-01-22,21.6,43,10.4,Hyderabad
2016-01-23,22.3,41,7.4,Hyderabad
2016-01-24,22.9,51,7.1,Hyderabad
2016-01-25,23.4,66,8.9,Hyderabad
2016-01-26,24.1,65,10.1,Hyderabad
2016-01-27,24.8,62,7.4,Hyderabad
2016-01-28,25.6,45,6.4,Hyderabad
2016-01-29,24.8,39,9.4,Hyderabad
2016-01-30,25.1,38,8.0,Hyderabad
2016-01-31,25.8,44,7.0,Hyderabad
2016-02-01,26.5,37,6.9,Hyderabad
2016-02-02,27.2,35,8.7,Hyderabad
2016-02-03,26.5,35,7.0,Hyderabad
2016-02-04,25.8,38,6.6,Hyderabad
2016-02-05,25.3,43,8.9,Hyderabad
2016-02-06,25.7,47,12.1,Hyderabad
2016-02-07,25.9,47,9.6,Hyderabad
2016-02-08,26.3,53,9.9,Hyderabad
2016-02-09,27.2,49,9.0,Hyderabad
2016-02-10,27.7,43,11.7,Hyderabad
2016-02-11,27.3,45,11.5,Hyderabad
2016-02-12,27.3,51,10.2,Hyderabad
2016-02-13,27.0,52,11.5,Hyderabad
2016-02-14,26.7,54,11.8,Hyderabad
2016-02-15,26.3,36,15.9,Hyderabad
2016-02-16,25.1,54,14.9,Hyderabad
2016-02-17,25.0,38,13.7,Hyderabad
2016-02-18,25.5,42,12.9,Hyderabad
2016-02-19,25.7,34,10.8,Hyderabad
2016-02-20,27.1,35,8.0,Hyderabad
2016-02-21,28.4,30,7.3,Hyderabad
2016-02-22,29.4,36,9.4,Hyderabad
2016-02-23,29.4,40,11.0,Hyderabad
2016-02-24,28.3,46,12.6,Hyderabad
2016-02-25,28.2,50,11.8,Hyderabad
2016-02-26,26.7,62,13.1,Hyderabad
2016-02-27,26.6,57,11.5,Hyderabad
2016-02-28,26.8,58,9.6,Hyderabad
2016-02-29,27.5,55,10.3,Hyderabad
2016-03-01,27.6,54,8.6,Hyderabad
2016-03-02,26.9,59,6.2,Hyderabad
2016-03-03,27.1,59,6.9,Hyderabad
2016-03-04,27.2,57,6.3,Hyderabad
2016-03-05,27.4,52,6.4,Hyderabad
2016-03-06,28.4,36,12.2,Hyderabad
2016-03-07,27.6,36,12.8,Hyderabad
2016-03-08,27.9,32,10.6,Hyderabad
2016-03-09,28.5,35,9.0,Hyderabad
2016-03-10,29.7,35,10.9,Hyderabad
2016-03-11,30.1,32,11.0,Hyderabad
2016-03-12,30.5,33,13.7,Hyderabad
2016-03-13,29.6,44,8.1,Hyderabad
2016-03-14,28.5,62,8.4,Hyderabad
2016-03-15,27.6,66,12.2,Hyderabad
2016-03-16,29.5,53,10.3,Hyderabad
2016-03-17,30.1,50,11.4,Hyderabad
2016-03-18,30.9,50,9.9,Hyderabad
2016-03-19,31.2,45,8.1,Hyderabad
2016-03-20,31.5,32,9.5,Hyderabad
2016-03-21,31.5,26,9.7,Hyderabad
2016-03-22,30.9,18,8.7,Hyderabad
2016-03-23,30.9,27,9.0,Hyderabad
2016-03-24,31.1,39,9.1,Hyderabad
2016-03-25,31.2,38,9.7,Hyderabad
2016-03-26,30.9,42,11.3,Hyderabad
2016-03-27,31.2,36,11.8,Hyderabad
2016-03-28,29.3,42,12.5,Hyderabad
2016-03-29,30.3,39,8.0,Hyderabad
2016-03-30,30.5,44,9.5,Hyderabad
2016-03-31,30.4,46,10.3,Hyderabad
2016-04-01,30.9,42,7.9,Hyderabad
2016-04-02,31.7,40,7.7,Hyderabad
2016-04-03,32.2,41,8.9,Hyderabad
2016-04-04,32.4,39,9.3,Hyderabad
2016-04-05,31.4,41,7.1,Hyderabad
2016-04-06,31.6,35,9.7,Hyderabad
2016-04-07,31.7,31,9.3,Hyderabad
2016-04-08,31.2,36,13.4,Hyderabad
2016-04-09,30.8,37,14.5,Hyderabad
2016-04-10,31.6,36,11.1,Hyderabad
2016-04-11,32.5,30,7.4,Hyderabad
2016-04-12,33.5,24,7.0,Hyderabad
2016-04-13,33.8,33,9.1,Hyderabad
2016-04-14,33.4,41,7.4,Hyderabad
2016-04-15,33.5,45,9.7,Hyderabad
2016-04-16,33.9,41,10.7,Hyderabad
2016-04-17,33.8,42,9.7,Hyderabad
2016-04-18,32.6,46,10.1,Hyderabad
2016-04-19,32.2,43,12.7,Hyderabad
2016-04-20,32.7,42,9.9,Hyderabad
2016-04-21,34.0,37,8.6,Hyderabad
2016-04-22,35.7,25,8.5,Hyderabad
2016-04-23,34.6,19,13.5,Hyderabad
2016-04-24,34.6,21,11.1,Hyderabad
2016-04-25,34.4,23,7.8,Hyderabad
2016-04-26,33.6,44,10.8,Hyderabad
2016-04-27,33.3,44,10.9,Hyderabad
2016-04-28,33.6,37,7.0,Hyderabad
2016-04-29,34.3,34,9.0,Hyderabad
2016-04-30,33.6,35,6.3,Hyderabad
2016-05-01,33.5,37,8.1,Hyderabad
2016-05-02,33.6,33,7.8,Hyderabad
2016-05-03,32.2,42,9.1,Hyderabad
2016-05-04,30.6,50,10.0,Hyderabad
2016-05-05,30.8,52,9.4,Hyderabad
2016-05-06,29.2,57,10.2,Hyderabad
2016-05-07,30.2,52,6.7,Hyderabad
2016-05-08,30.3,55,10.1,Hyderabad
2016-05-09,29.6,57,6.2,Hyderabad
2016-05-10,29.7,59,5.7,Hyderabad
2016-05-11,30.6,53,6.0,Hyderabad
2016-05-12,31.9,48,6.6,Hyderabad
2016-05-13,33.3,41,6.3,Hyderabad
2016-05-14,33.7,40,7.9,Hyderabad
2016-05-15,32.6,46,11.3,Hyderabad
2016-05-16,32.2,45,10.5,Hyderabad
2016-05-17,31.4,51,11.2,Hyderabad
2016-05-18,30.0,59,10.0,Hyderabad
2016-05-19,29.6,64,10.7,Hyderabad
2016-05-20,30.3,60,21.1,Hyderabad
2016-05-21,33.0,42,20.5,Hyderabad
2016-05-22,33.6,33,18.7,Hyderabad
2016-05-23,33.4,35,20.7,Hyderabad
2016-05-24,33.7,36,17.2,Hyderabad
2016-05-25,33.6,36,19.1,Hyderabad
2016-05-26,33.7,36,15.4,Hyderabad
2016-05-27,33.8,37,16.0,Hyderabad
2016-05-28,33.8,38,13.5,Hyderabad
2016-05-29,32.8,42,16.4,Hyderabad
2016-05-30,32.9,38,13.9,Hyderabad
2016-05-31,32.9,41,13.1,Hyderabad
2016-06-01,33.1,42,12.1,Hyderabad
2016-06-02,31.2,53,12.1,Hyderabad
2016-06-03,31.8,53,11.5,Hyderabad
2016-06-04,29.6,67,12.6,Hyderabad
2016-06-05,27.0,81,12.9,Hyderabad
2016-06-06,26.2,85,10.2,Hyderabad
2016-06-07,26.0,85,9.5,Hyderabad
2016-06-08,27.0,79,11.3,Hyderabad
2016-06-09,27.6,77,14.4,Hyderabad
2016-06-10,27.3,79,11.7,Hyderabad
2016-06-11,27.0,78,18.5,Hyderabad
2016-06-12,27.0,76,18.5,Hyderabad
2016-06-13,27.3,72,19.8,Hyderabad
2016-06-14,28.4,64,21.1,Hyderabad
2016-06-15,28.2,61,21.9,Hyderabad
2016-06-16,28.5,60,19.4,Hyderabad
2016-06-17,29.2,56,15.4,Hyderabad
2016-06-18,25.2,81,12.7,Hyderabad
2016-06-19,24.1,90,9.4,Hyderabad
2016-06-20,25.7,78,11.1,Hyderabad
2016-06-21,26.5,76,10.8,Hyderabad
2016-06-22,26.8,74,10.6,Hyderabad
2016-06-23,27.4,71,14.5,Hyderabad
2016-06-24,27.1,72,14.5,Hyderabad
2016-06-25,26.3,76,17.8,Hyderabad
2016-06-26,25.3,78,19.0,Hyderabad
2016-06-27,25.2,84,16.4,Hyderabad
2016-06-28,24.4,88,19.8,Hyderabad
2016-06-29,23.5,92,21.7,Hyderabad
2016-06-30,24.1,86,24.2,Hyderabad
2016-07-01,24.2,88,22.1,Hyderabad
2016-07-02,24.6,86,21.9,Hyderabad
2016-07-03,25.6,81,21.1,Hyderabad
2016-07-04,26.2,76,20.5,Hyderabad
2016-07-05,25.6,80,22.4,Hyderabad
2016-07-06,25.5,79,20.5,Hyderabad
2016-07-07,24.9,78,22.0,Hyderabad
2016-07-08,25.1,79,24.1,Hyderabad
2016-07-09,23.5,88,25.2,Hyderabad
2016-07-10,23.2,91,26.6,Hyderabad
2016-07-11,23.0,92,26.7,Hyderabad
2016-07-12,25.1,80,23.4,Hyderabad
2016-07-13,26.0,74,20.0,Hyderabad
2016-07-14,26.1,73,16.4,Hyderabad
2016-07-15,26.6,71,13.6,Hyderabad
2016-07-16,26.0,73,12.9,Hyderabad
2016-07-17,26.1,73,10.7,Hyderabad
2016-07-18,26.0,78,11.8,Hyderabad
2016-07-19,24.1,86,14.2,Hyderabad
2016-07-20,24.1,86,15.3,Hyderabad
2016-07-21,24.4,83,14.5,Hyderabad
2016-07-22,23.7,90,14.2,Hyderabad
2016-07-23,24.5,81,13.7,Hyderabad
2016-07-24,24.4,87,10.1,Hyderabad
2016-07-25,25.0,86,8.7,Hyderabad
2016-07-26,25.5,84,6.8,Hyderabad
2016-07-27,24.9,87,7.9,Hyderabad
2016-07-28,25.1,86,4.7,Hyderabad
2016-07-29,24.8,86,8.7,Hyderabad
2016-07-30,24.7,84,12.0,Hyderabad
2016-07-31,23.5,89,18.3,Hyderabad
2016-08-01,23.2,90,22.6,Hyderabad
2016-08-02,24.1,82,27.0,Hyderabad
2016-08-03,23.2,88,23.5,Hyderabad
2016-08-04,24.0,84,22.4,Hyderabad
2016-08-05,24.9,79,25.0,Hyderabad
2016-08-06,24.9,80,23.7,Hyderabad
2016-08-07,25.1,77,22.2,Hyderabad
2016-08-08,25.3,75,20.2,Hyderabad
2016-08-09,25.4,75,20.7,Hyderabad
2016-08-10,25.4,74,20.0,Hyderabad
2016-08-11,25.6,74,18.2,Hyderabad
2016-08-12,25.8,75,17.5,Hyderabad
2016-08-13,25.6,77,17.4,Hyderabad
2016-08-14,25.7,73,18.7,Hyderabad
2016-08-15,25.7,71,21.0,Hyderabad
2016-08-16,25.5,72,22.5,Hyderabad
2016-08-17,25.3,71,20.5,Hyderabad
2016-08-18,25.4,72,18.4,Hyderabad
2016-08-19,25.3,71,17.1,Hyderabad
2016-08-20,25.6,69,13.5,Hyderabad
2016-08-21,26.0,71,12.8,Hyderabad
2016-08-22,26.2,71,13.7,Hyderabad
2016-08-23,26.2,72,15.1,Hyderabad
2016-08-24,26.4,73,13.2,Hyderabad
2016-08-25,26.3,76,11.9,Hyderabad
2016-08-26,26.7,73,9.5,Hyderabad
2016-08-27,26.3,76,11.6,Hyderabad
2016-08-28,25.5,80,9.9,Hyderabad
2016-08-29,25.6,84,9.4,Hyderabad
2016-08-30,24.7,88,11.8,Hyderabad
2016-08-31,23.5,92,10.1,Hyderabad
2016-09-01,24.8,83,12.3,Hyderabad
2016-09-02,25.3,79,13.7,Hyderabad
2016-09-03,24.8,79,13.0,Hyderabad
2016-09-04,25.2,73,14.1,Hyderabad
2016-09-05,24.9,68,14.1,Hyderabad
2016-09-06,24.6,69,13.4,Hyderabad
2016-09-07,24.6,70,13.5,Hyderabad
2016-09-08,24.9,74,12.4,Hyderabad
2016-09-09,25.3,74,14.3,Hyderabad
2016-09-10,23.5,90,13.5,Hyderabad
2016-09-11,23.1,90,14.4,Hyderabad
2016-09-12,23.4,88,16.4,Hyderabad
2016-09-13,22.3,90,16.1,Hyderabad
2016-09-14,23.0,95,10.7,Hyderabad
2016-09-15,23.2,95,9.8,Hyderabad
2016-09-16,24.0,89,8.2,Hyderabad
2016-09-17,23.7,85,15.7,Hyderabad
2016-09-18,24.5,78,16.7,Hyderabad
2016-09-19,24.8,78,17.2,Hyderabad
2016-09-20,24.1,84,16.3,Hyderabad
2016-09-21,23.0,94,13.3,Hyderabad
2016-09-22,23.1,95,15.1,Hyderabad
2016-09-23,22.5,98,15.4,Hyderabad
2016-09-24,22.5,98,14.6,Hyderabad
2016-09-25,23.4,92,14.9,Hyderabad
2016-09-26,24.1,91,12.0,Hyderabad
2016-09-27,24.2,90,11.6,Hyderabad
2016-09-28,25.8,83,11.0,Hyderabad
2016-09-29,26.0,82,12.1,Hyderabad
2016-09-30,25.3,82,13.4,Hyderabad
2016-10-01,23.4,91,11.7,Hyderabad
2016-10-02,24.3,86,10.8,Hyderabad
2016-10-03,24.5,76,10.3,Hyderabad
2016-10-04,24.5,77,10.1,Hyderabad
2016-10-05,24.6,77,14.7,Hyderabad
2016-10-06,24.8,78,12.5,Hyderabad
2016-10-07,25.1,78,11.1,Hyderabad
2016-10-08,24.0,88,11.8,Hyderabad
2016-10-09,24.5,87,13.9,Hyderabad
2016-10-10,25.4,81,12.8,Hyderabad
2016-10-11,25.8,84,8.1,Hyderabad
2016-10-12,25.4,74,8.0,Hyderabad
2016-10-13,24.4,70,8.0,Hyderabad
2016-10-14,23.5,64,8.8,Hyderabad
2016-10-15,23.7,60,7.1,Hyderabad
2016-10-16,23.8,60,6.8,Hyderabad
2016-10-17,23.4,63,8.4,Hyderabad
2016-10-18,23.6,64,8.3,Hyderabad
2016-10-19,23.4,63,8.4,Hyderabad
2016-10-20,23.4,64,8.1,Hyderabad
2016-10-21,23.4,61,8.7,Hyderabad
2016-10-22,23.1,63,8.3,Hyderabad
2016-10-23,23.9,58,6.2,Hyderabad
2016-10-24,24.1,59,6.5,Hyderabad
2016-10-25,24.0,60,8.4,Hyderabad
2016-10-26,23.3,61,9.5,Hyderabad
2016-10-27,23.2,61,10.9,Hyderabad
2016-10-28,23.9,59,10.1,Hyderabad
2016-10-29,24.1,71,6.3,Hyderabad
2016-10-30,23.9,82,8.4,Hyderabad
2016-10-31,23.4,87,7.1,Hyderabad
2016-11-01,24.3,72,8.5,Hyderabad
2016-11-02,24.1,62,8.6,Hyderabad
2016-11-03,24.4,65,8.9,Hyderabad
2016-11-04,24.1,61,11.0,Hyderabad
2016-11-05,23.7,59,9.3,Hyderabad
2016-11-06,23.8,62,8.4,Hyderabad
2016-11-07,22.3,53,11.0,Hyderabad
2016-11-08,21.8,49,9.9,Hyderabad
2016-11-09,22.0,53,7.6,Hyderabad
2016-11-10,22.0,49,7.8,Hyderabad
2016-11-11,21.3,52,8.9,Hyderabad
2016-11-12,21.7,57,8.0,Hyderabad
2016-11-13,23.0,66,7.5,Hyderabad
2016-11-14,23.9,73,6.8,Hyderabad
2016-11-15,24.1,79,6.4,Hyderabad
2016-11-16,24.0,70,7.8,Hyderabad
2016-11-17,23.7,63,8.9,Hyderabad
2016-11-18,22.9,56,9.6,Hyderabad
2016-11-19,21.6,52,8.9,Hyderabad
2016-11-20,21.8,55,7.8,Hyderabad
2016-11-21,21.8,54,8.7,Hyderabad
2016-11-22,22.2,51,7.2,Hyderabad
2016-11-23,21.8,52,8.8,Hyderabad
2016-11-24,22.1,53,8.6,Hyderabad
2016-11-25,21.8,53,9.7,Hyderabad
2016-11-26,21.7,52,9.3,Hyderabad
2016-11-27,22.3,52,10.2,Hyderabad
2016-11-28,22.6,53,9.7,Hyderabad
2016-11-29,22.4,52,8.4,Hyderabad
2016-11-30,22.1,55,8.2,Hyderabad
2016-12-01,22.5,60,9.1,Hyderabad
2016-12-02,23.2,62,9.3,Hyderabad
2016-12-03,23.7,76,10.2,Hyderabad
2016-12-04,23.6,78,7.8,Hyderabad
2016-12-05,23.2,65,8.0,Hyderabad
2016-12-06,21.5,59,8.2,Hyderabad
2016-12-07,21.6,62,7.9,Hyderabad
2016-12-08,21.0,58,8.7,Hyderabad
2016-12-09,20.3,55,9.0,Hyderabad
2016-12-10,19.9,53,9.4,Hyderabad
2016-12-11,21.3,50,10.6,Hyderabad
2016-12-12,23.0,50,12.8,Hyderabad
2016-12-13,22.8,69,13.1,Hyderabad
2016-12-14,22.1,86,10.2,Hyderabad
2016-12-15,23.2,75,7.1,Hyderabad
2016-12-16,23.0,73,6.6,Hyderabad
2016-12-17,23.0,60,7.8,Hyderabad
2016-12-18,21.4,52,8.9,Hyderabad
2016-12-19,20.6,49,7.9,Hyderabad
2016-12-20,20.0,52,7.7,Hyderabad
2016-12-21,21.1,47,7.3,Hyderabad
2016-12-22,20.7,50,9.5,Hyderabad
2016-12-23,20.8,50,9.6,Hyderabad
2016-12-24,20.9,44,8.7,Hyderabad
2016-12-25,20.7,52,7.4,Hyderabad
2016-12-26,21.6,60,8.0,Hyderabad
2016-12-27,21.0,47,8.7,Hyderabad
2016-12-28,20.0,49,7.8,Hyderabad
2016-12-29,20.5,66,8.9,Hyderabad
2016-12-30,21.7,64,7.2,Hyderabad
2016-12-31,21.5,65,8.2,Hyderabad
2017-01-01,21.9,61,7.4,Hyderabad
2017-01-02,22.3,58,5.6,Hyderabad
2017-01-03,21.8,57,7.4,Hyderabad
2017-01-04,20.4,52,6.7,Hyderabad
2017-01-05,20.7,50,6.7,Hyderabad
2017-01-06,21.3,44,3.7,Hyderabad
2017-01-07,21.3,55,7.2,Hyderabad
2017-01-08,21.5,65,7.5,Hyderabad
2017-01-09,22.3,58,7.3,Hyderabad
2017-01-10,21.9,55,6.3,Hyderabad
2017-01-11,21.5,50,7.3,Hyderabad
2017-01-12,20.2,53,6.7,Hyderabad
2017-01-13,20.7,56,7.8,Hyderabad
2017-01-14,21.5,55,9.4,Hyderabad
2017-01-15,21.5,59,9.1,Hyderabad
2017-01-16,21.5,54,7.9,Hyderabad
2017-01-17,21.9,51,9.0,Hyderabad
2017-01-18,21.3,54,9.7,Hyderabad
2017-01-19,20.6,62,9.1,Hyderabad
2017-01-20,21.4,58,8.3,Hyderabad
2017-01-21,22.1,50,9.8,Hyderabad
2017-01-22,23.1,48,8.6,Hyderabad
2017-01-23,23.6,55,8.3,Hyderabad
2017-01-24,22.5,56,9.4,Hyderabad
2017-01-25,22.0,59,8.9,Hyderabad
2017-01-26,21.6,66,8.2,Hyderabad
2017-01-27,22.9,63,5.6,Hyderabad
2017-01-28,23.5,60,7.3,Hyderabad
2017-01-29,23.1,50,6.9,Hyderabad
2017-01-30,22.2,44,8.3,Hyderabad
2017-01-31,23.5,49,5.9,Hyderabad
2017-02-01,24.2,50,8.1,Hyderabad
2017-02-02,24.0,54,9.2,Hyderabad
2017-02-03,23.3,56,8.1,Hyderabad
2017-02-04,23.6,46,7.8,Hyderabad
2017-02-05,22.8,55,7.7,Hyderabad
2017-02-06,23.9,51,5.3,Hyderabad
2017-02-07,24.5,48,6.6,Hyderabad
2017-02-08,24.6,47,7.6,Hyderabad
2017-02-09,24.6,46,6.7,Hyderabad
2017-02-10,25.0,43,9.2,Hyderabad
2017-02-11,24.4,41,12.1,Hyderabad
2017-02-12,22.8,49,10.7,Hyderabad
2017-02-13,22.8,56,10.9,Hyderabad
2017-02-14,23.4,53,9.2,Hyderabad
2017-02-15,23.5,54,8.9,Hyderabad
2017-02-16,23.7,50,8.2,Hyderabad
2017-02-17,24.1,48,10.5,Hyderabad
2017-02-18,24.4,46,9.5,Hyderabad
2017-02-19,24.6,48,8.7,Hyderabad
2017-02-20,25.3,41,6.9,Hyderabad
2017-02-21,26.3,38,7.5,Hyderabad
2017-02-22,26.5,40,7.7,Hyderabad
2017-02-23,27.2,39,6.2,Hyderabad
2017-02-24,27.3,34,7.6,Hyderabad
2017-02-25,25.3,34,9.5,Hyderabad
2017-02-26,25.1,29,10.2,Hyderabad
2017-02-27,25.5,34,7.8,Hyderabad
2017-02-28,25.6,39,7.8,Hyderabad
2017-03-01,26.1,35,8.2,Hyderabad
2017-03-02,25.8,36,10.3,Hyderabad
2017-03-03,26.1,24,11.2,Hyderabad
2017-03-04,25.7,42,8.9,Hyderabad
2017-03-05,26.4,59,8.2,Hyderabad
2017-03-06,26.9,57,8.4,Hyderabad
2017-03-07,26.8,62,11.1,Hyderabad
2017-03-08,27.1,52,9.3,Hyderabad
2017-03-09,26.5,57,7.0,Hyderabad
2017-03-10,27.0,51,11.4,Hyderabad
2017-03-11,25.4,30,12.1,Hyderabad
2017-03-12,24.4,35,7.9,Hyderabad
2017-03-13,26.0,37,6.6,Hyderabad
2017-03-14,26.8,50,8.4,Hyderabad
2017-03-15,26.3,64,9.5,Hyderabad
2017-03-16,26.5,59,6.7,Hyderabad
2017-03-17,25.8,59,7.0,Hyderabad
2017-03-18,26.3,44,8.2,Hyderabad
2017-03-19,27.0,43,7.7,Hyderabad
2017-03-20,27.1,40,9.2,Hyderabad
2017-03-21,27.2,37,8.0,Hyderabad
2017-03-22,27.4,35,7.9,Hyderabad
2017-03-23,27.9,41,8.0,Hyderabad
2017-03-24,29.0,39,7.8,Hyderabad
2017-03-25,29.6,36,6.6,Hyderabad
2017-03-26,29.8,39,7.2,Hyderabad
2017-03-27,30.1,38,8.5,Hyderabad
2017-03-28,30.5,34,7.6,Hyderabad
2017-03-29,30.3,42,7.6,Hyderabad
2017-03-30,30.7,39,7.3,Hyderabad
2017-03-31,31.1,39,8.9,Hyderabad
2017-04-01,31.4,38,9.0,Hyderabad
2017-04-02,30.7,41,7.7,Hyderabad
2017-04-03,30.1,43,7.6,Hyderabad
2017-04-04,29.9,51,7.8,Hyderabad
2017-04-05,30.0,53,9.6,Hyderabad
2017-04-06,30.7,45,7.0,Hyderabad
2017-04-07,30.3,51,7.7,Hyderabad
2017-04-08,30.5,48,7.1,Hyderabad
2017-04-09,31.2,43,7.3,Hyderabad
2017-04-10,31.2,40,7.5,Hyderabad
2017-04-11,30.6,27,9.7,Hyderabad
2017-04-12,29.1,28,7.8,Hyderabad
2017-04-13,30.0,29,8.2,Hyderabad
2017-04-14,30.1,33,7.5,Hyderabad
2017-04-15,31.3,32,9.0,Hyderabad
2017-04-16,31.9,28,9.0,Hyderabad
2017-04-17,32.3,23,11.6,Hyderabad
2017-04-18,32.0,28,9.4,Hyderabad
2017-04-19,31.4,41,7.8,Hyderabad
2017-04-20,32.3,33,6.0,Hyderabad
2017-04-21,32.3,28,9.4,Hyderabad
2017-04-22,32.1,25,11.5,Hyderabad
2017-04-23,32.2,24,10.7,Hyderabad
2017-04-24,31.9,25,10.8,Hyderabad
2017-04-25,31.2,27,8.8,Hyderabad
2017-04-26,31.8,25,7.5,Hyderabad
2017-04-27,31.6,29,7.6,Hyderabad
2017-04-28,30.4,36,9.0,Hyderabad
2017-04-29,30.2,36,8.6,Hyderabad
2017-04-30,29.7,39,5.6,Hyderabad
2017-05-01,29.3,43,7.6,Hyderabad
2017-05-02,29.5,49,8.6,Hyderabad
2017-05-03,30.7,47,8.7,Hyderabad
2017-05-04,31.4,40,6.9,Hyderabad
2017-05-05,32.1,36,6.7,Hyderabad
2017-05-06,31.5,42,8.8,Hyderabad
2017-05-07,30.4,48,7.5,Hyderabad
2017-05-08,31.1,46,5.2,Hyderabad
2017-05-09,31.4,42,5.5,Hyderabad
2017-05-10,30.4,48,7.0,Hyderabad
2017-05-11,30.2,52,7.0,Hyderabad
2017-05-12,30.6,51,8.1,Hyderabad
2017-05-13,32.1,43,7.0,Hyderabad
2017-05-14,32.1,43,7.5,Hyderabad
2017-05-15,33.0,41,13.0,Hyderabad
2017-05-16,33.8,37,11.1,Hyderabad
2017-05-17,33.0,36,12.2,Hyderabad
2017-05-18,33.2,35,11.2,Hyderabad
2017-05-19,33.5,30,10.6,Hyderabad
2017-05-20,33.6,28,10.0,Hyderabad
2017-05-21,33.9,27,8.1,Hyderabad
2017-05-22,33.5,29,10.6,Hyderabad
2017-05-23,33.7,27,11.3,Hyderabad
2017-05-24,34.2,29,9.2,Hyderabad
2017-05-25,33.6,37,6.6,Hyderabad
2017-05-26,33.3,37,7.2,Hyderabad
2017-05-27,32.7,43,11.9,Hyderabad
2017-05-28,31.5,47,10.5,Hyderabad
2017-05-29,31.9,44,16.3,Hyderabad
2017-05-30,31.5,46,20.2,Hyderabad
2017-05-31,31.5,49,14.5,Hyderabad
2017-06-01,31.7,50,10.3,Hyderabad
2017-06-02,32.3,47,8.1,Hyderabad
2017-06-03,31.9,51,10.8,Hyderabad
2017-06-04,29.7,64,11.6,Hyderabad
2017-06-05,30.7,58,14.1,Hyderabad
2017-06-06,28.9,68,14.5,Hyderabad
2017-06-07,27.0,75,17.7,Hyderabad
2017-06-08,26.4,75,18.1,Hyderabad
2017-06-09,27.2,72,15.5,Hyderabad
2017-06-10,27.0,75,13.4,Hyderabad
2017-06-11,26.7,77,12.5,Hyderabad
2017-06-12,26.3,76,16.3,Hyderabad
2017-06-13,25.0,84,13.7,Hyderabad
2017-06-14,26.2,82,12.4,Hyderabad
2017-06-15,25.8,85,11.9,Hyderabad
2017-06-16,24.9,85,11.4,Hyderabad
2017-06-17,25.7,83,11.0,Hyderabad
2017-06-18,26.6,80,11.1,Hyderabad
2017-06-19,25.8,84,13.7,Hyderabad
2017-06-20,26.3,76,16.7,Hyderabad
2017-06-21,27.2,70,16.2,Hyderabad
2017-06-22,27.5,65,18.5,Hyderabad
2017-06-23,27.0,71,16.7,Hyderabad
2017-06-24,27.0,71,17.8,Hyderabad
2017-06-25,26.6,74,16.4,Hyderabad
2017-06-26,25.1,82,19.2,Hyderabad
2017-06-27,25.5,77,19.8,Hyderabad
2017-06-28,24.7,80,22.4,Hyderabad
2017-06-29,26.0,75,22.0,Hyderabad
2017-06-30,26.8,70,22.2,Hyderabad
2017-07-01,26.3,71,20.2,Hyderabad
2017-07-02,26.4,71,20.3,Hyderabad
2017-07-03,26.9,69,19.0,Hyderabad
2017-07-04,26.9,67,20.0,Hyderabad
2017-07-05,26.8,68,18.5,Hyderabad
2017-07-06,25.5,78,14.8,Hyderabad
2017-07-07,26.2,72,15.4,Hyderabad
2017-07-08,26.4,72,15.3,Hyderabad
2017-07-09,26.4,74,13.3,Hyderabad
2017-07-10,26.1,79,12.3,Hyderabad
2017-07-11,25.7,77,13.7,Hyderabad
2017-07-12,26.3,70,18.5,Hyderabad
2017-07-13,25.4,73,18.8,Hyderabad
2017-07-14,25.2,77,19.5,Hyderabad
2017-07-15,26.0,71,21.1,Hyderabad
2017-07-16,24.0,83,19.4,Hyderabad
2017-07-17,23.3,88,20.5,Hyderabad
2017-07-18,22.8,91,23.4,Hyderabad
2017-07-19,24.4,84,24.8,Hyderabad
2017-07-20,25.2,78,21.5,Hyderabad
2017-07-21,26.8,71,23.0,Hyderabad
2017-07-22,27.0,68,22.7,Hyderabad
2017-07-23,26.5,67,23.0,Hyderabad
2017-07-24,26.1,70,21.8,Hyderabad
2017-07-25,26.6,69,20.9,Hyderabad
2017-07-26,26.3,69,18.5,Hyderabad
2017-07-27,26.1,70,16.9,Hyderabad
2017-07-28,25.9,74,15.3,Hyderabad
2017-07-29,26.3,73,13.2,Hyderabad
2017-07-30,26.7,73,13.0,Hyderabad
2017-07-31,27.1,69,12.7,Hyderabad
2017-08-01,27.4,69,13.1,Hyderabad
2017-08-02,27.4,68,14.1,Hyderabad
2017-08-03,26.8,69,17.0,Hyderabad
2017-08-04,25.7,75,15.6,Hyderabad
2017-08-05,25.8,73,14.6,Hyderabad
2017-08-06,26.2,74,12.1,Hyderabad
2017-08-07,25.4,80,9.0,Hyderabad
2017-08-08,25.5,81,8.8,Hyderabad
2017-08-09,24.3,88,7.8,Hyderabad
2017-08-10,25.4,83,11.2,Hyderabad
2017-08-11,25.3,82,9.9,Hyderabad
2017-08-12,25.4,80,11.9,Hyderabad
2017-08-13,24.7,83,12.1,Hyderabad
2017-08-14,24.4,81,8.0,Hyderabad
2017-08-15,25.2,80,9.0,Hyderabad
2017-08-16,25.4,81,9.9,Hyderabad
2017-08-17,25.4,80,11.2,Hyderabad
2017-08-18,23.9,86,13.8,Hyderabad
2017-08-19,23.1,88,19.9,Hyderabad
2017-08-20,23.6,81,23.2,Hyderabad
2017-08-21,24.3,80,13.7,Hyderabad
2017-08-22,25.3,82,10.0,Hyderabad
2017-08-23,25.8,81,9.5,Hyderabad
2017-08-24,25.3,82,12.2,Hyderabad
2017-08-25,25.3,79,15.9,Hyderabad
2017-08-26,24.9,84,16.5,Hyderabad
2017-08-27,24.1,88,14.9,Hyderabad
2017-08-28,23.6,91,15.5,Hyderabad
2017-08-29,24.4,85,17.8,Hyderabad
2017-08-30,25.8,77,14.4,Hyderabad
2017-08-31,26.0,75,12.7,Hyderabad
2017-09-01,25.8,75,10.3,Hyderabad
2017-09-02,26.0,76,7.9,Hyderabad
2017-09-03,25.8,80,8.4,Hyderabad
2017-09-04,26.1,81,6.9,Hyderabad
2017-09-05,25.7,85,6.8,Hyderabad
2017-09-06,25.6,87,6.0,Hyderabad
2017-09-07,25.8,85,6.5,Hyderabad
2017-09-08,25.9,82,5.9,Hyderabad
2017-09-09,26.6,78,7.7,Hyderabad
2017-09-10,26.5,78,8.6,Hyderabad
2017-09-11,26.4,81,11.6,Hyderabad
2017-09-12,26.4,81,7.9,Hyderabad
2017-09-13,26.3,82,5.2,Hyderabad
2017-09-14,25.7,83,6.6,Hyderabad
2017-09-15,25.1,84,9.5,Hyderabad
2017-09-16,25.6,82,8.5,Hyderabad
2017-09-17,25.1,83,12.7,Hyderabad
2017-09-18,24.6,81,19.2,Hyderabad
2017-09-19,24.9,79,19.4,Hyderabad
2017-09-20,24.6,78,19.2,Hyderabad
2017-09-21,24.2,78,18.4,Hyderabad
2017-09-22,25.1,77,11.0,Hyderabad
2017-09-23,25.3,81,6.7,Hyderabad
2017-09-24,26.2,77,6.0,Hyderabad
2017-09-25,25.4,80,7.4,Hyderabad
2017-09-26,25.6,81,6.9,Hyderabad
2017-09-27,26.1,79,8.0,Hyderabad
2017-09-28,24.7,88,5.6,Hyderabad
2017-09-29,24.7,88,5.1,Hyderabad
2017-09-30,25.3,86,5.2,Hyderabad
2017-10-01,26.1,81,4.7,Hyderabad
2017-10-02,24.7,88,5.3,Hyderabad
2017-10-03,24.3,89,4.4,Hyderabad
2017-10-04,24.7,88,4.1,Hyderabad
2017-10-05,24.7,88,4.4,Hyderabad
2017-10-06,24.6,89,6.2,Hyderabad
2017-10-07,24.9,88,6.5,Hyderabad
2017-10-08,24.7,88,4.9,Hyderabad
2017-10-09,24.9,85,6.4,Hyderabad
2017-10-10,24.7,88,5.2,Hyderabad
2017-10-11,24.3,88,4.1,Hyderabad
2017-10-12,25.0,86,4.2,Hyderabad
2017-10-13,24.9,88,3.7,Hyderabad
2017-10-14,25.5,85,4.0,Hyderabad
2017-10-15,25.4,87,4.6,Hyderabad
2017-10-16,25.8,81,7.7,Hyderabad
2017-10-17,25.5,74,8.6,Hyderabad
2017-10-18,25.1,64,9.7,Hyderabad
2017-10-19,24.5,64,8.0,Hyderabad
2017-10-20,25.2,64,9.1,Hyderabad
2017-10-21,24.8,66,9.2,Hyderabad
2017-10-22,25.1,79,7.8,Hyderabad
2017-10-23,25.3,83,4.7,Hyderabad
2017-10-24,25.6,77,6.9,Hyderabad
2017-10-25,24.9,79,6.8,Hyderabad
2017-10-26,24.2,77,7.5,Hyderabad
2017-10-27,24.4,70,5.7,Hyderabad
2017-10-28,24.1,69,5.8,Hyderabad
2017-10-29,23.1,67,8.2,Hyderabad
2017-10-30,23.3,62,9.5,Hyderabad
2017-10-31,23.0,59,9.6,Hyderabad
2017-11-01,22.9,56,9.6,Hyderabad
2017-11-02,22.4,58,9.4,Hyderabad
2017-11-03,22.5,58,10.2,Hyderabad
2017-11-04,23.1,59,9.4,Hyderabad
2017-11-05,23.9,60,9.4,Hyderabad
2017-11-06,23.4,62,8.3,Hyderabad
2017-11-07,23.5,60,5.7,Hyderabad
2017-11-08,23.1,61,7.3,Hyderabad
2017-11-09,22.8,57,6.8,Hyderabad
2017-11-10,22.2,55,8.0,Hyderabad
2017-11-11,22.1,52,9.5,Hyderabad
2017-11-12,22.2,57,8.3,Hyderabad
2017-11-13,23.6,52,8.2,Hyderabad
2017-11-14,24.1,62,7.7,Hyderabad
2017-11-15,25.2,62,11.5,Hyderabad
2017-11-16,25.5,62,9.2,Hyderabad
2017-11-17,24.5,69,6.8,Hyderabad
2017-11-18,25.1,66,5.5,Hyderabad
2017-11-19,25.0,67,6.9,Hyderabad
2017-11-20,24.9,66,7.2,Hyderabad
2017-11-21,24.8,72,7.6,Hyderabad
2017-11-22,25.3,68,5.8,Hyderabad
2017-11-23,25.4,65,6.1,Hyderabad
2017-11-24,25.3,65,6.5,Hyderabad
2017-11-25,23.4,61,8.5,Hyderabad
2017-11-26,22.3,64,7.9,Hyderabad
2017-11-27,22.2,57,7.4,Hyderabad
2017-11-28,21.8,53,6.3,Hyderabad
2017-11-29,21.1,63,8.8,Hyderabad
2017-11-30,21.9,64,7.9,Hyderabad
2017-12-01,22.3,65,10.4,Hyderabad
2017-12-02,21.4,70,10.2,Hyderabad
2017-12-03,21.0,69,9.2,Hyderabad
2017-12-04,21.5,69,9.8,Hyderabad
2017-12-05,22.3,68,12.6,Hyderabad
2017-12-06,22.7,69,9.3,Hyderabad
2017-12-07,22.8,68,6.8,Hyderabad
2017-12-08,23.3,56,9.9,Hyderabad
2017-12-09,23.3,54,9.9,Hyderabad
2017-12-10,22.2,54,8.6,Hyderabad
2017-12-11,21.5,50,5.9,Hyderabad
2017-12-12,22.3,51,5.5,Hyderabad
2017-12-13,22.8,61,7.1,Hyderabad
2017-12-14,23.4,63,8.2,Hyderabad
2017-12-15,22.4,69,9.6,Hyderabad
2017-12-16,21.8,65,8.7,Hyderabad
2017-12-17,21.5,61,9.2,Hyderabad
2017-12-18,21.6,56,10.7,Hyderabad
2017-12-19,20.7,49,9.3,Hyderabad
2017-12-20,19.9,54,8.5,Hyderabad
2017-12-21,19.8,55,8.3,Hyderabad
2017-12-22,20.7,54,6.7,Hyderabad
2017-12-23,20.6,58,7.7,Hyderabad
2017-12-24,20.5,68,7.8,Hyderabad
2017-12-25,21.4,64,6.9,Hyderabad
2017-12-26,21.0,54,9.5,Hyderabad
2017-12-27,19.7,49,9.0,Hyderabad
2017-12-28,20.0,51,7.9,Hyderabad
2017-12-29,19.3,60,9.1,Hyderabad
2017-12-30,19.8,58,8.5,Hyderabad
2017-12-31,20.7,56,5.2,Hyderabad
2018-01-01,22.0,56,5.3,Hyderabad
2018-01-02,22.2,54,6.1,Hyderabad
2018-01-03,21.4,57,6.2,Hyderabad
2018-01-04,20.8,52,8.0,Hyderabad
2018-01-05,20.2,52,7.0,Hyderabad
2018-01-06,20.3,52,5.9,Hyderabad
2018-01-07,20.1,54,6.8,Hyderabad
2018-01-08,20.0,55,8.3,Hyderabad
2018-01-09,20.3,64,8.0,Hyderabad
2018-01-10,21.8,62,8.7,Hyderabad
2018-01-11,22.7,66,6.3,Hyderabad
2018-01-12,23.4,53,7.2,Hyderabad
2018-01-13,23.7,49,8.5,Hyderabad
2018-01-14,23.6,49,8.3,Hyderabad
2018-01-15,24.0,59,6.0,Hyderabad
2018-01-16,23.1,54,7.6,Hyderabad
2018-01-17,22.5,53,8.1,Hyderabad
2018-01-18,22.1,52,7.8,Hyderabad
2018-01-19,21.3,49,6.8,Hyderabad
2018-01-20,20.8,45,6.2,Hyderabad
2018-01-21,20.9,52,7.3,Hyderabad
2018-01-22,20.6,60,7.5,Hyderabad
2018-01-23,21.5,58,6.8,Hyderabad
2018-01-24,21.6,57,7.5,Hyderabad
2018-01-25,22.1,47,6.0,Hyderabad
2018-01-26,21.5,45,6.3,Hyderabad
2018-01-27,21.5,51,6.1,Hyderabad
2018-01-28,22.1,53,7.7,Hyderabad
2018-01-29,21.8,57,8.0,Hyderabad
2018-01-30,21.3,46,9.2,Hyderabad
2018-01-31,22.0,38,7.8,Hyderabad
2018-02-01,21.9,38,8.4,Hyderabad
2018-02-02,22.4,36,6.6,Hyderabad
2018-02-03,22.6,38,8.7,Hyderabad
2018-02-04,22.0,41,8.3,Hyderabad
2018-02-05,21.5,50,9.9,Hyderabad
2018-02-06,21.5,54,9.3,Hyderabad
2018-02-07,23.0,53,4.8,Hyderabad
2018-02-08,24.0,54,5.1,Hyderabad
2018-02-09,24.4,46,8.2,Hyderabad
2018-02-10,23.8,54,6.0,Hyderabad
2018-02-11,24.4,55,11.8,Hyderabad
2018-02-12,23.8,63,10.5,Hyderabad
2018-02-13,23.6,56,9.2,Hyderabad
2018-02-14,23.4,53,10.2,Hyderabad
2018-02-15,23.5,53,8.7,Hyderabad
2018-02-16,23.8,44,7.4,Hyderabad
2018-02-17,24.0,40,7.2,Hyderabad
2018-02-18,24.5,43,5.9,Hyderabad
2018-02-19,24.7,49,7.9,Hyderabad
2018-02-20,24.9,48,8.4,Hyderabad
2018-02-21,25.0,47,8.1,Hyderabad
2018-02-22,25.1,46,7.5,Hyderabad
2018-02-23,25.2,43,9.0,Hyderabad
2018-02-24,24.4,41,10.7,Hyderabad
2018-02-25,23.9,41,10.6,Hyderabad
2018-02-26,24.9,35,8.6,Hyderabad
2018-02-27,26.0,34,8.0,Hyderabad
2018-02-28,26.0,37,6.8,Hyderabad
2018-03-01,25.8,34,8.0,Hyderabad
2018-03-02,25.9,34,8.5,Hyderabad
2018-03-03,26.8,32,7.8,Hyderabad
2018-03-04,27.7,28,8.2,Hyderabad
2018-03-05,27.2,28,9.1,Hyderabad
2018-03-06,27.1,28,8.8,Hyderabad
2018-03-07,27.2,28,11.1,Hyderabad
2018-03-08,27.1,25,10.2,Hyderabad
2018-03-09,27.1,33,8.9,Hyderabad
2018-03-10,27.2,39,8.7,Hyderabad
2018-03-11,27.5,39,8.1,Hyderabad
2018-03-12,27.5,37,9.6,Hyderabad
2018-03-13,27.5,38,9.0,Hyderabad
2018-03-14,28.2,33,9.9,Hyderabad
2018-03-15,28.6,39,10.3,Hyderabad
2018-03-16,24.4,63,12.0,Hyderabad
2018-03-17,23.7,72,7.9,Hyderabad
2018-03-18,25.3,64,8.7,Hyderabad
2018-03-19,26.2,55,7.5,Hyderabad
2018-03-20,27.3,44,7.6,Hyderabad
2018-03-21,27.8,44,10.1,Hyderabad
2018-03-22,28.4,37,9.4,Hyderabad
2018-03-23,28.4,31,8.4,Hyderabad
2018-03-24,28.9,35,6.0,Hyderabad
2018-03-25,28.5,44,8.4,Hyderabad
2018-03-26,28.6,49,7.4,Hyderabad
2018-03-27,29.3,40,7.1,Hyderabad
2018-03-28,29.7,40,8.0,Hyderabad
2018-03-29,29.8,48,7.7,Hyderabad
2018-03-30,29.7,48,7.0,Hyderabad
2018-03-31,29.4,49,8.9,Hyderabad
2018-04-01,28.6,59,10.8,Hyderabad
2018-04-02,27.7,64,9.7,Hyderabad
2018-04-03,28.0,55,6.9,Hyderabad
2018-04-04,27.7,56,7.4,Hyderabad
2018-04-05,27.9,57,7.7,Hyderabad
2018-04-06,27.9,57,7.6,Hyderabad
2018-04-07,26.8,57,6.5,Hyderabad
2018-04-08,25.4,65,7.0,Hyderabad
2018-04-09,26.6,58,6.6,Hyderabad
2018-04-10,27.1,55,7.3,Hyderabad
2018-04-11,27.1,60,5.9,Hyderabad
2018-04-12,27.7,56,5.4,Hyderabad
2018-04-13,28.4,50,7.0,Hyderabad
2018-04-14,28.7,55,5.9,Hyderabad
2018-04-15,27.9,64,7.1,Hyderabad
2018-04-16,29.2,56,5.7,Hyderabad
2018-04-17,30.3,47,6.5,Hyderabad
2018-04-18,30.3,48,6.8,Hyderabad
2018-04-19,31.4,43,7.3,Hyderabad
2018-04-20,31.5,36,10.0,Hyderabad
2018-04-21,30.9,37,8.1,Hyderabad
2018-04-22,30.6,50,8.2,Hyderabad
2018-04-23,31.1,43,5.8,Hyderabad
2018-04-24,31.4,36,7.2,Hyderabad
2018-04-25,30.4,49,7.8,Hyderabad
2018-04-26,30.4,47,8.0,Hyderabad
2018-04-27,30.7,44,8.2,Hyderabad
2018-04-28,30.2,44,7.1,Hyderabad
2018-04-29,31.1,43,9.6,Hyderabad
2018-04-30,32.6,33,9.6,Hyderabad
2018-05-01,32.3,41,7.4,Hyderabad
2018-05-02,31.1,54,7.8,Hyderabad
2018-05-03,29.5,63,11.6,Hyderabad
2018-05-04,29.3,59,6.9,Hyderabad
2018-05-05,30.6,49,7.9,Hyderabad
2018-05-06,31.3,45,8.1,Hyderabad
2018-05-07,31.5,44,6.4,Hyderabad
2018-05-08,31.6,44,8.4,Hyderabad
2018-05-09,30.6,50,6.9,Hyderabad
2018-05-10,31.1,49,7.5,Hyderabad
2018-05-11,31.1,44,7.4,Hyderabad
2018-05-12,30.8,47,8.0,Hyderabad
2018-05-13,30.5,46,6.7,Hyderabad
2018-05-14,30.3,48,7.8,Hyderabad
2018-05-15,29.4,54,7.8,Hyderabad
2018-05-16,30.4,50,6.6,Hyderabad
2018-05-17,30.8,48,6.9,Hyderabad
2018-05-18,29.7,53,7.5,Hyderabad
2018-05-19,31.6,43,9.7,Hyderabad
2018-05-20,31.6,42,9.5,Hyderabad
2018-05-21,31.6,44,7.8,Hyderabad
2018-05-22,31.0,49,6.1,Hyderabad
2018-05-23,30.7,53,5.8,Hyderabad
2018-05-24,30.2,54,7.5,Hyderabad
2018-05-25,31.9,44,6.9,Hyderabad
2018-05-26,31.6,48,8.6,Hyderabad
2018-05-27,31.2,50,7.1,Hyderabad
2018-05-28,32.4,44,6.5,Hyderabad
2018-05-29,32.9,44,10.9,Hyderabad
2018-05-30,32.7,48,9.3,Hyderabad
2018-05-31,31.7,54,9.2,Hyderabad
2018-06-01,29.8,62,6.1,Hyderabad
2018-06-02,29.4,65,7.3,Hyderabad
2018-06-03,30.4,57,9.7,Hyderabad
2018-06-04,30.1,58,10.0,Hyderabad
2018-06-05,29.5,64,10.3,Hyderabad
2018-06-06,28.3,71,11.2,Hyderabad
2018-06-07,26.8,80,13.8,Hyderabad
2018-06-08,25.6,83,14.2,Hyderabad
2018-06-09,26.3,78,16.0,Hyderabad
2018-06-10,26.1,79,21.2,Hyderabad
2018-06-11,25.9,81,20.3,Hyderabad
2018-06-12,27.1,74,20.5,Hyderabad
2018-06-13,28.0,66,20.7,Hyderabad
2018-06-14,27.7,65,17.9,Hyderabad
2018-06-15,28.5,65,16.1,Hyderabad
2018-06-16,28.1,63,17.5,Hyderabad
2018-06-17,27.5,64,19.9,Hyderabad
2018-06-18,27.1,67,19.4,Hyderabad
2018-06-19,27.8,65,16.7,Hyderabad
2018-06-20,28.9,61,11.4,Hyderabad
2018-06-21,28.9,62,10.6,Hyderabad
2018-06-22,26.3,79,8.7,Hyderabad
2018-06-23,25.9,81,11.6,Hyderabad
2018-06-24,26.9,70,18.0,Hyderabad
2018-06-25,27.1,70,20.8,Hyderabad
2018-06-26,26.9,68,21.8,Hyderabad
2018-06-27,25.8,74,17.9,Hyderabad
2018-06-28,25.8,77,15.1,Hyderabad
2018-06-29,27.1,68,12.6,Hyderabad
2018-06-30,27.6,65,11.4,Hyderabad
2018-07-01,27.7,64,11.8,Hyderabad
2018-07-02,28.1,64,13.7,Hyderabad
2018-07-03,26.9,69,18.7,Hyderabad
2018-07-04,27.4,64,22.1,Hyderabad
2018-07-05,26.8,67,22.9,Hyderabad
2018-07-06,25.0,82,17.6,Hyderabad
2018-07-07,24.4,85,19.6,Hyderabad
2018-07-08,24.6,83,20.8,Hyderabad
2018-07-09,24.3,86,19.5,Hyderabad
2018-07-10,24.7,80,21.1,Hyderabad
2018-07-11,24.1,86,20.7,Hyderabad
2018-07-12,22.9,92,23.6,Hyderabad
2018-07-13,24.4,83,22.7,Hyderabad
2018-07-14,23.5,90,18.6,Hyderabad
2018-07-15,23.6,90,22.1,Hyderabad
2018-07-16,23.5,89,25.9,Hyderabad
2018-07-17,25.2,80,26.8,Hyderabad
2018-07-18,26.4,72,23.3,Hyderabad
2018-07-19,26.1,74,22.0,Hyderabad
2018-07-20,23.7,88,19.9,Hyderabad
2018-07-21,24.0,86,20.2,Hyderabad
2018-07-22,25.3,74,22.2,Hyderabad
2018-07-23,25.5,76,18.5,Hyderabad
2018-07-24,26.2,74,18.9,Hyderabad
2018-07-25,26.4,71,19.3,Hyderabad
2018-07-26,26.0,71,21.1,Hyderabad
2018-07-27,25.4,76,19.2,Hyderabad
2018-07-28,26.1,72,16.9,Hyderabad
2018-07-29,26.5,69,17.6,Hyderabad
2018-07-30,26.8,66,16.7,Hyderabad
2018-07-31,26.7,67,19.1,Hyderabad
2018-08-01,26.1,71,19.5,Hyderabad
2018-08-02,26.2,71,18.6,Hyderabad
2018-08-03,26.6,68,18.1,Hyderabad
2018-08-04,26.5,70,19.0,Hyderabad
2018-08-05,26.5,67,19.8,Hyderabad
2018-08-06,26.2,67,21.0,Hyderabad
2018-08-07,25.8,68,19.8,Hyderabad
2018-08-08,23.7,85,17.7,Hyderabad
2018-08-09,25.8,75,18.3,Hyderabad
2018-08-10,25.7,75,20.1,Hyderabad
2018-08-11,23.4,87,21.9,Hyderabad
2018-08-12,23.0,88,24.0,Hyderabad
2018-08-13,23.8,84,23.6,Hyderabad
2018-08-14,24.3,85,18.9,Hyderabad
2018-08-15,23.5,91,17.6,Hyderabad
2018-08-16,23.0,90,26.2,Hyderabad
2018-08-17,24.4,81,23.1,Hyderabad
2018-08-18,25.0,76,22.0,Hyderabad
2018-08-19,23.9,87,21.6,Hyderabad
2018-08-20,22.7,92,23.7,Hyderabad
2018-08-21,24.1,82,24.0,Hyderabad
2018-08-22,25.0,78,20.5,Hyderabad
2018-08-23,24.8,80,18.1,Hyderabad
2018-08-24,25.4,76,17.9,Hyderabad
2018-08-25,25.2,77,18.2,Hyderabad
2018-08-26,24.4,81,18.6,Hyderabad
2018-08-27,23.5,86,18.6,Hyderabad
2018-08-28,24.6,81,17.2,Hyderabad
2018-08-29,25.2,77,14.7,Hyderabad
2018-08-30,25.4,75,14.7,Hyderabad
2018-08-31,25.0,77,14.2,Hyderabad
2018-09-01,25.3,75,14.0,Hyderabad
2018-09-02,25.4,75,15.6,Hyderabad
2018-09-03,25.3,76,15.3,Hyderabad
2018-09-04,25.4,72,14.9,Hyderabad
2018-09-05,25.4,69,16.6,Hyderabad
2018-09-06,25.0,70,16.6,Hyderabad
2018-09-07,25.1,68,16.4,Hyderabad
2018-09-08,25.0,69,12.6,Hyderabad
2018-09-09,24.8,71,7.7,Hyderabad
2018-09-10,25.7,71,4.6,Hyderabad
2018-09-11,25.6,79,5.2,Hyderabad
2018-09-12,25.2,83,6.8,Hyderabad
2018-09-13,25.8,77,4.9,Hyderabad
2018-09-14,26.1,75,4.7,Hyderabad
2018-09-15,26.0,76,5.1,Hyderabad
2018-09-16,26.4,70,7.6,Hyderabad
2018-09-17,25.3,80,9.4,Hyderabad
2018-09-18,25.6,81,10.0,Hyderabad
2018-09-19,25.0,80,11.6,Hyderabad
2018-09-20,25.5,78,10.6,Hyderabad
2018-09-21,23.5,86,16.1,Hyderabad
2018-09-22,25.2,77,12.9,Hyderabad
2018-09-23,25.5,77,6.2,Hyderabad
2018-09-24,25.6,78,5.3,Hyderabad
2018-09-25,25.8,81,4.3,Hyderabad
2018-09-26,24.8,86,5.2,Hyderabad
2018-09-27,25.5,83,4.9,Hyderabad
2018-09-28,25.5,84,6.1,Hyderabad
2018-09-29,25.4,85,6.1,Hyderabad
2018-09-30,26.0,81,6.8,Hyderabad
2018-10-01,26.0,82,7.1,Hyderabad
2018-10-02,26.2,78,7.2,Hyderabad
2018-10-03,26.4,77,6.9,Hyderabad
2018-10-04,26.1,76,8.8,Hyderabad
2018-10-05,25.6,70,10.0,Hyderabad
2018-10-06,25.1,70,8.6,Hyderabad
2018-10-07,25.5,71,8.6,Hyderabad
2018-10-08,25.8,67,8.4,Hyderabad
2018-10-09,25.7,61,9.1,Hyderabad
2018-10-10,26.0,53,12.1,Hyderabad
2018-10-11,26.3,50,13.2,Hyderabad
2018-10-12,25.9,62,9.9,Hyderabad
2018-10-13,25.9,67,5.5,Hyderabad
2018-10-14,26.5,63,7.0,Hyderabad
2018-10-15,25.6,74,7.1,Hyderabad
2018-10-16,25.5,79,8.3,Hyderabad
2018-10-17,24.3,85,4.4,Hyderabad
2018-10-18,24.5,82,4.7,Hyderabad
2018-10-19,24.7,71,7.8,Hyderabad
2018-10-20,25.5,64,7.2,Hyderabad
2018-10-21,26.0,64,6.7,Hyderabad
2018-10-22,26.4,63,5.6,Hyderabad
2018-10-23,26.6,62,5.2,Hyderabad
2018-10-24,24.9,72,7.4,Hyderabad
2018-10-25,25.4,63,7.6,Hyderabad
2018-10-26,24.9,56,9.0,Hyderabad
2018-10-27,24.6,49,7.6,Hyderabad
2018-10-28,24.0,46,11.6,Hyderabad
2018-10-29,23.5,45,12.4,Hyderabad
2018-10-30,24.1,48,10.6,Hyderabad
2018-10-31,24.4,52,9.9,Hyderabad
2018-11-01,23.9,70,7.3,Hyderabad
2018-11-02,24.9,72,9.1,Hyderabad
2018-11-03,25.4,71,9.9,Hyderabad
2018-11-04,25.5,70,9.2,Hyderabad
2018-11-05,25.3,69,6.5,Hyderabad
2018-11-06,25.5,66,7.4,Hyderabad
2018-11-07,25.9,63,6.8,Hyderabad
2018-11-08,25.2,64,6.8,Hyderabad
2018-11-09,25.1,61,5.8,Hyderabad
2018-11-10,24.9,54,7.2,Hyderabad
2018-11-11,23.8,45,8.1,Hyderabad
2018-11-12,22.9,42,10.8,Hyderabad
2018-11-13,22.5,47,9.1,Hyderabad
2018-11-14,23.2,47,7.4,Hyderabad
2018-11-15,24.1,48,9.3,Hyderabad
2018-11-16,24.6,60,9.0,Hyderabad
2018-11-17,25.7,74,7.9,Hyderabad
2018-11-18,25.7,74,9.6,Hyderabad
2018-11-19,25.3,73,8.8,Hyderabad
2018-11-20,25.4,67,8.5,Hyderabad
2018-11-21,24.7,61,9.5,Hyderabad
2018-11-22,23.5,64,10.6,Hyderabad
2018-11-23,23.8,61,6.9,Hyderabad
2018-11-24,23.9,56,8.1,Hyderabad
2018-11-25,23.4,46,8.4,Hyderabad
2018-11-26,22.2,45,8.3,Hyderabad
2018-11-27,21.8,53,7.7,Hyderabad
2018-11-28,21.7,59,8.8,Hyderabad
2018-11-29,22.1,58,7.0,Hyderabad
2018-11-30,22.0,52,7.2,Hyderabad
2018-12-01,22.1,53,7.0,Hyderabad
2018-12-02,21.7,61,7.8,Hyderabad
2018-12-03,22.4,63,8.7,Hyderabad
2018-12-04,22.7,67,8.5,Hyderabad
2018-12-05,24.1,70,7.2,Hyderabad
2018-12-06,23.5,76,6.5,Hyderabad
2018-12-07,24.3,72,7.2,Hyderabad
2018-12-08,24.2,74,7.7,Hyderabad
2018-12-09,24.1,71,7.8,Hyderabad
2018-12-10,23.8,72,9.5,Hyderabad
2018-12-11,23.4,74,5.7,Hyderabad
2018-12-12,24.2,67,7.1,Hyderabad
2018-12-13,23.0,71,7.6,Hyderabad
2018-12-14,21.4,79,8.9,Hyderabad
2018-12-15,22.1,62,11.8,Hyderabad
2018-12-16,21.3,52,13.4,Hyderabad
2018-12-17,18.8,70,14.1,Hyderabad
2018-12-18,18.4,77,13.1,Hyderabad
2018-12-19,18.7,75,9.9,Hyderabad
2018-12-20,20.2,73,7.5,Hyderabad
2018-12-21,21.1,69,6.3,Hyderabad
2018-12-22,21.6,68,7.3,Hyderabad
2018-12-23,21.9,73,7.4,Hyderabad
2018-12-24,21.8,67,6.8,Hyderabad
2018-12-25,22.4,58,7.1,Hyderabad
2018-12-26,23.6,62,8.9,Hyderabad
2018-12-27,22.7,60,8.5,Hyderabad
2018-12-28,19.3,45,8.3,Hyderabad
2018-12-29,18.5,47,8.4,Hyderabad
2018-12-30,18.0,53,7.9,Hyderabad
2018-12-31,17.8,49,7.3,Hyderabad
2019-01-01,18.6,44,8.6,Hyderabad
2019-01-02,20.0,47,6.5,Hyderabad
2019-01-03,20.7,51,6.8,Hyderabad
2019-01-04,21.2,56,8.6,Hyderabad
2019-01-05,20.7,62,8.1,Hyderabad
2019-01-06,20.7,65,8.6,Hyderabad
2019-01-07,21.1,62,7.6,Hyderabad
2019-01-08,20.4,56,6.6,Hyderabad
2019-01-09,19.7,46,5.0,Hyderabad
2019-01-10,20.1,46,7.7,Hyderabad
2019-01-11,20.5,62,8.6,Hyderabad
2019-01-12,21.4,64,8.6,Hyderabad
2019-01-13,21.5,60,8.8,Hyderabad
2019-01-14,21.2,61,8.7,Hyderabad
2019-01-15,21.7,57,7.9,Hyderabad
2019-01-16,21.2,51,6.7,Hyderabad
2019-01-17,21.7,50,6.2,Hyderabad
2019-01-18,22.0,56,7.1,Hyderabad
2019-01-19,21.1,59,7.9,Hyderabad
2019-01-20,21.8,55,7.0,Hyderabad
2019-01-21,22.1,54,9.5,Hyderabad
2019-01-22,21.5,42,9.2,Hyderabad
2019-01-23,22.1,60,7.6,Hyderabad
2019-01-24,23.8,58,7.0,Hyderabad
2019-01-25,23.4,60,9.9,Hyderabad
2019-01-26,21.0,86,8.5,Hyderabad
2019-01-27,19.2,91,10.8,Hyderabad
2019-01-28,19.6,77,8.9,Hyderabad
2019-01-29,18.3,62,8.5,Hyderabad
2019-01-30,17.3,51,6.7,Hyderabad
2019-01-31,18.2,65,9.9,Hyderabad
2019-02-01,20.3,70,8.5,Hyderabad
2019-02-02,20.9,63,8.5,Hyderabad
2019-02-03,20.8,67,9.6,Hyderabad
2019-02-04,21.4,67,9.9,Hyderabad
2019-02-05,22.0,61,7.9,Hyderabad
2019-02-06,23.4,58,8.4,Hyderabad
2019-02-07,24.3,55,10.7,Hyderabad
2019-02-08,23.2,65,6.0,Hyderabad
2019-02-09,21.6,52,8.1,Hyderabad
2019-02-10,21.8,44,7.7,Hyderabad
2019-02-11,23.6,61,11.7,Hyderabad
2019-02-12,23.6,65,9.7,Hyderabad
2019-02-13,22.9,59,8.3,Hyderabad
2019-02-14,24.4,57,8.9,Hyderabad
2019-02-15,25.2,48,9.5,Hyderabad
2019-02-16,25.2,52,6.5,Hyderabad
2019-02-17,24.7,61,8.7,Hyderabad
2019-02-18,24.5,59,6.6,Hyderabad
2019-02-19,26.0,58,8.2,Hyderabad
2019-02-20,26.2,61,11.3,Hyderabad
2019-02-21,26.2,51,9.2,Hyderabad
2019-02-22,27.0,46,7.8,Hyderabad
2019-02-23,27.9,42,6.5,Hyderabad
2019-02-24,27.8,36,7.7,Hyderabad
2019-02-25,27.2,34,11.6,Hyderabad
2019-02-26,25.8,40,8.4,Hyderabad
2019-02-27,25.4,62,6.7,Hyderabad
2019-02-28,25.0,51,7.5,Hyderabad
2019-03-01,25.9,58,8.9,Hyderabad
2019-03-02,26.1,63,13.7,Hyderabad
2019-03-03,26.6,59,8.3,Hyderabad
2019-03-04,27.9,51,11.0,Hyderabad
2019-03-05,27.3,43,9.4,Hyderabad
2019-03-06,26.0,38,8.3,Hyderabad
2019-03-07,25.8,35,6.7,Hyderabad
2019-03-08,26.3,47,6.8,Hyderabad
2019-03-09,27.1,50,7.3,Hyderabad
2019-03-10,27.8,51,7.4,Hyderabad
2019-03-11,28.1,54,9.6,Hyderabad
2019-03-12,28.6,44,9.4,Hyderabad
2019-03-13,28.6,38,11.5,Hyderabad
2019-03-14,28.3,33,10.2,Hyderabad
2019-03-15,28.8,29,9.8,Hyderabad
2019-03-16,28.7,28,12.0,Hyderabad
2019-03-17,28.4,36,11.9,Hyderabad
2019-03-18,27.6,34,9.0,Hyderabad
2019-03-19,27.9,51,9.0,Hyderabad
2019-03-20,28.1,54,11.7,Hyderabad
2019-03-21,28.2,52,10.9,Hyderabad
2019-03-22,28.2,49,7.8,Hyderabad
2019-03-23,29.1,52,6.0,Hyderabad
2019-03-24,29.8,47,7.4,Hyderabad
2019-03-25,29.3,43,8.6,Hyderabad
2019-03-26,29.5,43,6.3,Hyderabad
2019-03-27,29.4,43,7.1,Hyderabad
2019-03-28,29.9,40,6.1,Hyderabad
2019-03-29,29.9,40,7.1,Hyderabad
2019-03-30,29.9,40,7.7,Hyderabad
2019-03-31,30.6,37,9.9,Hyderabad
2019-04-01,30.7,34,7.8,Hyderabad
2019-04-02,30.5,37,9.1,Hyderabad
2019-04-03,28.9,54,8.8,Hyderabad
2019-04-04,29.2,47,9.1,Hyderabad
2019-04-05,29.5,42,8.7,Hyderabad
2019-04-06,30.0,37,7.7,Hyderabad
2019-04-07,30.4,38,9.1,Hyderabad
2019-04-08,29.1,50,11.3,Hyderabad
2019-04-09,29.3,52,9.3,Hyderabad
2019-04-10,28.8,53,8.1,Hyderabad
2019-04-11,29.7,46,9.8,Hyderabad
2019-04-12,30.3,41,8.1,Hyderabad
2019-04-13,30.6,40,8.0,Hyderabad
2019-04-14,30.9,37,7.9,Hyderabad
2019-04-15,31.1,33,8.3,Hyderabad
2019-04-16,30.3,31,7.5,Hyderabad
2019-04-17,30.1,40,6.6,Hyderabad
2019-04-18,30.4,49,6.1,Hyderabad
2019-04-19,29.8,58,8.8,Hyderabad
2019-04-20,30.2,54,9.2,Hyderabad
2019-04-21,30.3,48,9.6,Hyderabad
2019-04-22,29.5,50,7.6,Hyderabad
2019-04-23,29.4,48,8.3,Hyderabad
2019-04-24,30.6,44,8.8,Hyderabad
2019-04-25,31.5,35,7.8,Hyderabad
2019-04-26,32.1,35,8.8,Hyderabad
2019-04-27,32.3,39,7.5,Hyderabad
2019-04-28,32.7,40,8.3,Hyderabad
2019-04-29,32.8,40,7.2,Hyderabad
2019-04-30,32.6,42,8.4,Hyderabad
2019-05-01,32.9,35,8.6,Hyderabad
2019-05-02,32.5,30,13.5,Hyderabad
2019-05-03,32.0,26,15.2,Hyderabad
2019-05-04,31.1,31,14.0,Hyderabad
2019-05-05,31.1,32,10.7,Hyderabad
2019-05-06,32.1,29,8.9,Hyderabad
2019-05-07,32.4,29,7.3,Hyderabad
2019-05-08,32.9,27,12.1,Hyderabad
2019-05-09,32.4,29,11.4,Hyderabad
2019-05-10,33.0,29,10.4,Hyderabad
2019-05-11,32.8,34,7.3,Hyderabad
2019-05-12,32.4,40,8.2,Hyderabad
2019-05-13,31.9,41,8.5,Hyderabad
2019-05-14,32.5,37,9.2,Hyderabad
2019-05-15,32.2,38,6.4,Hyderabad
2019-05-16,32.0,38,8.0,Hyderabad
2019-05-17,32.1,38,5.9,Hyderabad
2019-05-18,32.7,35,8.3,Hyderabad
2019-05-19,33.3,30,6.3,Hyderabad
2019-05-20,32.7,39,6.6,Hyderabad
2019-05-21,32.7,40,8.2,Hyderabad
2019-05-22,33.1,40,6.6,Hyderabad
2019-05-23,33.1,45,7.3,Hyderabad
2019-05-24,33.1,42,5.4,Hyderabad
2019-05-25,33.8,35,10.2,Hyderabad
2019-05-26,34.1,32,9.5,Hyderabad
2019-05-27,34.3,34,9.5,Hyderabad
2019-05-28,34.5,34,7.1,Hyderabad
2019-05-29,34.7,32,7.4,Hyderabad
2019-05-30,33.2,43,6.7,Hyderabad
2019-05-31,33.5,45,6.8,Hyderabad
2019-06-01,31.9,49,7.8,Hyderabad
2019-06-02,33.6,44,7.2,Hyderabad
2019-06-03,32.0,53,11.7,Hyderabad
2019-06-04,31.7,54,7.8,Hyderabad
2019-06-05,33.4,47,7.9,Hyderabad
2019-06-06,32.4,49,9.9,Hyderabad
2019-06-07,31.9,53,7.5,Hyderabad
2019-06-08,30.7,58,10.0,Hyderabad
2019-06-09,31.7,52,10.3,Hyderabad
2019-06-10,31.5,53,10.6,Hyderabad
2019-06-11,31.7,50,15.4,Hyderabad
2019-06-12,30.6,54,18.5,Hyderabad
2019-06-13,29.5,58,18.5,Hyderabad
2019-06-14,29.8,57,18.5,Hyderabad
2019-06-15,31.3,49,18.9,Hyderabad
2019-06-16,31.5,45,17.4,Hyderabad
2019-06-17,31.3,46,17.0,Hyderabad
2019-06-18,31.6,42,15.1,Hyderabad
2019-06-19,31.7,47,17.2,Hyderabad
2019-06-20,29.8,60,13.8,Hyderabad
2019-06-21,27.5,72,10.4,Hyderabad
2019-06-22,25.0,89,12.4,Hyderabad
2019-06-23,26.7,79,9.2,Hyderabad
2019-06-24,26.8,79,7.4,Hyderabad
2019-06-25,27.0,79,6.5,Hyderabad
2019-06-26,28.2,71,12.2,Hyderabad
2019-06-27,28.4,67,17.0,Hyderabad
2019-06-28,27.5,70,21.0,Hyderabad
2019-06-29,24.8,86,21.2,Hyderabad
2019-06-30,24.5,85,21.1,Hyderabad
2019-07-01,24.0,91,16.7,Hyderabad
2019-07-02,24.2,90,19.1,Hyderabad
2019-07-03,24.7,86,18.8,Hyderabad
2019-07-04,26.5,76,21.2,Hyderabad
2019-07-05,26.4,75,22.6,Hyderabad
2019-07-06,26.2,72,23.1,Hyderabad
2019-07-07,26.6,72,24.0,Hyderabad
2019-07-08,27.2,70,22.7,Hyderabad
2019-07-09,26.9,70,21.5,Hyderabad
2019-07-10,27.2,69,22.1,Hyderabad
2019-07-11,26.2,75,20.0,Hyderabad
2019-07-12,26.9,71,15.8,Hyderabad
2019-07-13,27.4,69,15.3,Hyderabad
2019-07-14,27.3,71,15.5,Hyderabad
2019-07-15,27.2,74,14.7,Hyderabad
2019-07-16,28.1,67,14.0,Hyderabad
2019-07-17,28.5,65,13.8,Hyderabad
2019-07-18,28.2,69,11.0,Hyderabad
2019-07-19,25.5,84,8.1,Hyderabad
2019-07-20,25.2,86,9.3,Hyderabad
2019-07-21,27.0,73,8.5,Hyderabad
2019-07-22,26.7,77,9.5,Hyderabad
2019-07-23,26.7,77,9.6,Hyderabad
2019-07-24,27.0,74,15.6,Hyderabad
2019-07-25,26.9,73,19.6,Hyderabad
2019-07-26,24.2,87,19.4,Hyderabad
2019-07-27,23.7,86,24.9,Hyderabad
2019-07-28,23.5,89,22.5,Hyderabad
2019-07-29,23.0,92,20.9,Hyderabad
2019-07-30,23.3,89,21.6,Hyderabad
2019-07-31,24.9,80,21.2,Hyderabad
2019-08-01,24.6,84,22.0,Hyderabad
2019-08-02,22.7,91,23.9,Hyderabad
2019-08-03,22.7,90,25.9,Hyderabad
2019-08-04,23.8,83,26.3,Hyderabad
2019-08-05,24.3,84,25.2,Hyderabad
2019-08-06,23.9,87,25.3,Hyderabad
2019-08-07,23.8,87,26.8,Hyderabad
2019-08-08,24.8,83,23.9,Hyderabad
2019-08-09,26.0,75,23.5,Hyderabad
2019-08-10,26.1,74,19.8,Hyderabad
2019-08-11,25.9,74,18.9,Hyderabad
2019-08-12,25.9,77,16.4,Hyderabad
2019-08-13,25.6,81,15.1,Hyderabad
2019-08-14,25.8,80,14.4,Hyderabad
2019-08-15,26.2,78,13.8,Hyderabad
2019-08-16,26.7,76,13.2,Hyderabad
2019-08-17,26.5,73,12.5,Hyderabad
2019-08-18,25.4,82,10.6,Hyderabad
2019-08-19,25.7,83,9.6,Hyderabad
2019-08-20,26.1,80,10.3,Hyderabad
2019-08-21,24.8,87,11.3,Hyderabad
2019-08-22,25.1,84,14.6,Hyderabad
2019-08-23,24.1,87,14.4,Hyderabad
2019-08-24,25.4,79,15.8,Hyderabad
2019-08-25,25.2,77,15.2,Hyderabad
2019-08-26,25.5,70,16.4,Hyderabad
2019-08-27,25.6,69,14.7,Hyderabad
2019-08-28,26.2,70,12.9,Hyderabad
2019-08-29,26.6,74,11.6,Hyderabad
2019-08-30,25.9,79,14.7,Hyderabad
2019-08-31,24.4,87,16.6,Hyderabad
2019-09-01,23.8,90,15.4,Hyderabad
2019-09-02,23.5,90,15.9,Hyderabad
2019-09-03,24.0,87,17.8,Hyderabad
2019-09-04,23.5,91,18.3,Hyderabad
2019-09-05,24.9,82,22.2,Hyderabad
2019-09-06,24.6,83,22.6,Hyderabad
2019-09-07,23.9,88,21.8,Hyderabad
2019-09-08,25.2,81,21.0,Hyderabad
2019-09-09,25.8,77,20.0,Hyderabad
2019-09-10,25.9,76,18.1,Hyderabad
2019-09-11,25.8,74,16.6,Hyderabad
2019-09-12,25.2,78,16.4,Hyderabad
2019-09-13,25.2,80,15.1,Hyderabad
2019-09-14,25.8,78,12.6,Hyderabad
2019-09-15,25.6,79,11.8,Hyderabad
2019-09-16,25.6,81,10.6,Hyderabad
2019-09-17,25.3,86,9.3,Hyderabad
2019-09-18,24.6,88,5.2,Hyderabad
2019-09-19,24.5,91,7.9,Hyderabad
2019-09-20,24.3,88,7.3,Hyderabad
2019-09-21,25.1,87,5.2,Hyderabad
2019-09-22,24.8,90,4.4,Hyderabad
2019-09-23,25.4,86,3.7,Hyderabad
2019-09-24,24.6,90,5.0,Hyderabad
2019-09-25,24.3,88,10.3,Hyderabad
2019-09-26,24.6,84,12.8,Hyderabad
2019-09-27,24.8,86,7.6,Hyderabad
2019-09-28,25.0,86,7.3,Hyderabad
2019-09-29,25.0,86,6.7,Hyderabad
2019-09-30,24.7,86,5.4,Hyderabad
2019-10-01,25.2,85,5.2,Hyderabad
2019-10-02,25.8,80,6.6,Hyderabad
2019-10-03,25.3,84,4.9,Hyderabad
2019-10-04,24.5,87,5.0,Hyderabad
2019-10-05,24.8,86,5.1,Hyderabad
2019-10-06,24.3,88,4.7,Hyderabad
2019-10-07,24.8,86,3.3,Hyderabad
2019-10-08,24.4,88,4.7,Hyderabad
2019-10-09,24.5,86,4.3,Hyderabad
2019-10-10,24.5,86,3.7,Hyderabad
2019-10-11,23.8,90,3.5,Hyderabad
2019-10-12,24.3,88,5.1,Hyderabad
2019-10-13,24.5,87,4.4,Hyderabad
2019-10-14,24.6,87,6.0,Hyderabad
2019-10-15,24.6,85,7.1,Hyderabad
2019-10-16,24.0,87,7.4,Hyderabad
2019-10-17,23.5,91,8.6,Hyderabad
2019-10-18,23.8,88,11.7,Hyderabad
2019-10-19,23.7,88,9.7,Hyderabad
2019-10-20,23.6,91,9.1,Hyderabad
2019-10-21,23.1,90,7.4,Hyderabad
2019-10-22,23.4,89,5.0,Hyderabad
2019-10-23,23.6,87,6.4,Hyderabad
2019-10-24,23.7,89,7.4,Hyderabad
2019-10-25,23.9,88,4.8,Hyderabad
2019-10-26,24.2,85,8.4,Hyderabad
2019-10-27,24.2,87,6.5,Hyderabad
2019-10-28,24.3,87,8.3,Hyderabad
2019-10-29,23.8,88,8.5,Hyderabad
2019-10-30,23.8,88,10.1,Hyderabad
2019-10-31,23.8,85,10.8,Hyderabad
2019-11-01,24.4,85,9.6,Hyderabad
2019-11-02,24.5,83,7.6,Hyderabad
2019-11-03,24.4,86,5.1,Hyderabad
2019-11-04,24.9,80,5.5,Hyderabad
2019-11-05,24.8,75,6.2,Hyderabad
2019-11-06,24.3,80,4.5,Hyderabad
2019-11-07,25.1,75,4.0,Hyderabad
2019-11-08,24.9,76,5.1,Hyderabad
2019-11-09,24.5,76,6.8,Hyderabad
2019-11-10,23.9,72,8.0,Hyderabad
2019-11-11,23.7,74,7.7,Hyderabad
2019-11-12,23.7,72,7.9,Hyderabad
2019-11-13,22.8,70,8.2,Hyderabad
2019-11-14,23.2,75,8.6,Hyderabad
2019-11-15,23.8,75,7.0,Hyderabad
2019-11-16,24.2,72,6.9,Hyderabad
2019-11-17,24.6,66,8.3,Hyderabad
2019-11-18,24.4,65,8.4,Hyderabad
2019-11-19,23.6,77,6.0,Hyderabad
2019-11-20,23.7,77,7.8,Hyderabad
2019-11-21,23.4,74,9.8,Hyderabad
2019-11-22,22.8,73,7.4,Hyderabad
2019-11-23,22.5,69,8.0,Hyderabad
2019-11-24,22.3,69,7.6,Hyderabad
2019-11-25,22.3,74,9.2,Hyderabad
2019-11-26,22.1,75,9.9,Hyderabad
2019-11-27,22.2,73,9.7,Hyderabad
2019-11-28,23.1,73,9.6,Hyderabad
2019-11-29,23.4,74,8.2,Hyderabad
2019-11-30,23.3,73,9.2,Hyderabad
2019-12-01,22.6,73,10.2,Hyderabad
2019-12-02,21.6,87,8.4,Hyderabad
2019-12-03,22.3,81,9.3,Hyderabad
2019-12-04,22.5,77,10.2,Hyderabad
2019-12-05,21.9,77,7.9,Hyderabad
2019-12-06,21.3,77,8.8,Hyderabad
2019-12-07,21.5,71,7.8,Hyderabad
2019-12-08,21.9,75,8.4,Hyderabad
2019-12-09,21.9,78,7.6,Hyderabad
2019-12-10,21.8,74,7.3,Hyderabad
2019-12-11,21.6,71,6.1,Hyderabad
2019-12-12,21.2,71,9.1,Hyderabad
2019-12-13,22.3,72,9.1,Hyderabad
2019-12-14,22.6,75,9.3,Hyderabad
2019-12-15,22.1,74,9.2,Hyderabad
2019-12-16,21.6,75,8.8,Hyderabad
2019-12-17,21.2,74,9.2,Hyderabad
2019-12-18,21.4,74,7.7,Hyderabad
2019-12-19,21.0,76,7.5,Hyderabad
2019-12-20,21.7,71,6.2,Hyderabad
2019-12-21,21.4,73,7.5,Hyderabad
2019-12-22,21.6,73,9.9,Hyderabad
2019-12-23,20.6,76,10.0,Hyderabad
2019-12-24,21.4,74,10.4,Hyderabad
2019-12-25,22.3,72,10.1,Hyderabad
2019-12-26,23.1,70,6.4,Hyderabad
2019-12-27,22.1,78,6.5,Hyderabad
2019-12-28,21.3,66,9.7,Hyderabad
2019-12-29,20.4,70,9.2,Hyderabad
2019-12-30,20.9,74,10.6,Hyderabad
2019-12-31,21.1,83,13.8,Hyderabad
2020-01-01,22.0,79,13.3,Hyderabad
2020-01-02,22.5,84,11.6,Hyderabad
2020-01-03,22.7,82,9.9,Hyderabad
2020-01-04,21.9,80,5.5,Hyderabad
2020-01-05,20.8,74,9.6,Hyderabad
2020-01-06,21.3,70,10.8,Hyderabad
2020-01-07,22.6,79,11.2,Hyderabad
2020-01-08,23.2,74,10.8,Hyderabad
2020-01-09,22.5,78,7.6,Hyderabad
2020-01-10,21.8,76,11.0,Hyderabad
2020-01-11,21.2,68,7.8,Hyderabad
2020-01-12,20.4,67,6.8,Hyderabad
2020-01-13,21.5,61,4.5,Hyderabad
2020-01-14,21.7,65,8.9,Hyderabad
2020-01-15,21.7,67,11.2,Hyderabad
2020-01-16,21.6,66,9.5,Hyderabad
2020-01-17,22.0,69,9.2,Hyderabad
2020-01-18,23.0,70,10.3,Hyderabad
2020-01-19,23.3,69,7.2,Hyderabad
2020-01-20,23.1,70,8.1,Hyderabad
2020-01-21,22.9,68,11.6,Hyderabad
2020-01-22,22.3,68,10.2,Hyderabad
2020-01-23,21.7,71,8.5,Hyderabad
2020-01-24,22.8,62,7.5,Hyderabad
2020-01-25,22.7,65,7.1,Hyderabad
2020-01-26,23.7,61,6.0,Hyderabad
2020-01-27,23.7,62,7.5,Hyderabad
2020-01-28,24.2,61,9.7,Hyderabad
2020-01-29,24.2,64,7.7,Hyderabad
2020-01-30,23.4,65,6.4,Hyderabad
2020-01-31,22.8,65,7.9,Hyderabad
2020-02-01,23.7,64,10.6,Hyderabad
2020-02-02,23.4,69,12.4,Hyderabad
2020-02-03,23.5,68,9.1,Hyderabad
2020-02-04,23.7,60,10.3,Hyderabad
2020-02-05,23.6,65,6.8,Hyderabad
2020-02-06,24.8,56,9.1,Hyderabad
2020-02-07,23.9,67,10.8,Hyderabad
2020-02-08,22.6,80,9.5,Hyderabad
2020-02-09,19.7,91,11.7,Hyderabad
2020-02-10,21.3,83,11.9,Hyderabad
2020-02-11,22.1,79,11.3,Hyderabad
2020-02-12,22.1,78,8.7,Hyderabad
2020-02-13,22.7,63,8.2,Hyderabad
2020-02-14,22.8,53,6.9,Hyderabad
2020-02-15,23.4,54,6.1,Hyderabad
2020-02-16,23.6,54,8.0,Hyderabad
2020-02-17,23.3,57,7.4,Hyderabad
2020-02-18,22.9,48,8.9,Hyderabad
2020-02-19,23.4,55,7.8,Hyderabad
2020-02-20,23.5,66,10.5,Hyderabad
2020-02-21,22.6,61,11.2,Hyderabad
2020-02-22,22.9,58,9.9,Hyderabad
2020-02-23,23.3,56,10.4,Hyderabad
2020-02-24,24.6,51,10.2,Hyderabad
2020-02-25,24.8,60,6.6,Hyderabad
2020-02-26,23.8,57,8.6,Hyderabad
2020-02-27,23.6,44,9.7,Hyderabad
2020-02-28,23.5,59,9.1,Hyderabad
2020-02-29,24.1,65,9.2,Hyderabad
2020-03-01,24.4,64,8.0,Hyderabad
2020-03-02,24.7,61,5.1,Hyderabad
2020-03-03,25.3,61,6.2,Hyderabad
2020-03-04,26.0,50,9.1,Hyderabad
2020-03-05,25.2,51,6.4,Hyderabad
2020-03-06,25.5,64,11.5,Hyderabad
2020-03-07,25.3,72,8.6,Hyderabad
2020-03-08,25.3,75,8.5,Hyderabad
2020-03-09,25.3,69,8.7,Hyderabad
2020-03-10,26.2,58,8.8,Hyderabad
2020-03-11,26.4,64,9.8,Hyderabad
2020-03-12,26.1,66,9.4,Hyderabad
2020-03-13,26.5,61,10.6,Hyderabad
2020-03-14,26.2,61,7.0,Hyderabad
2020-03-15,25.7,60,9.7,Hyderabad
2020-03-16,25.8,61,10.2,Hyderabad
2020-03-17,27.2,50,10.6,Hyderabad
2020-03-18,27.0,50,5.9,Hyderabad
2020-03-19,26.4,57,6.7,Hyderabad
2020-03-20,27.3,51,6.7,Hyderabad
2020-03-21,25.9,65,5.7,Hyderabad
2020-03-22,26.2,62,6.4,Hyderabad
2020-03-23,26.3,62,7.4,Hyderabad
2020-03-24,26.8,56,7.7,Hyderabad
2020-03-25,26.9,57,8.4,Hyderabad
2020-03-26,26.8,52,8.6,Hyderabad
2020-03-27,27.9,45,9.4,Hyderabad
2020-03-28,28.0,44,7.0,Hyderabad
2020-03-29,28.4,46,6.3,Hyderabad
2020-03-30,27.9,49,7.3,Hyderabad
2020-03-31,28.3,51,4.7,Hyderabad
2020-04-01,28.3,51,5.5,Hyderabad
2020-04-02,29.3,47,5.2,Hyderabad
2020-04-03,29.0,44,8.4,Hyderabad
2020-04-04,28.0,46,7.4,Hyderabad
2020-04-05,28.7,47,7.8,Hyderabad
2020-04-06,28.6,58,5.3,Hyderabad
2020-04-07,28.6,55,7.6,Hyderabad
2020-04-08,29.1,50,7.6,Hyderabad
2020-04-09,28.0,58,7.8,Hyderabad
2020-04-10,27.5,58,7.4,Hyderabad
2020-04-11,27.8,49,8.0,Hyderabad
2020-04-12,28.5,45,7.6,Hyderabad
2020-04-13,28.8,41,8.2,Hyderabad
2020-04-14,29.2,39,8.4,Hyderabad
2020-04-15,29.4,39,6.9,Hyderabad
2020-04-16,29.5,40,7.6,Hyderabad
2020-04-17,29.8,45,7.8,Hyderabad
2020-04-18,29.3,53,6.9,Hyderabad
2020-04-19,29.2,53,7.1,Hyderabad
2020-04-20,28.6,57,5.9,Hyderabad
2020-04-21,29.9,48,8.2,Hyderabad
2020-04-22,30.3,46,8.4,Hyderabad
2020-04-23,31.0,51,7.8,Hyderabad
2020-04-24,30.2,58,9.7,Hyderabad
2020-04-25,31.1,46,9.0,Hyderabad
2020-04-26,29.8,61,6.7,Hyderabad
2020-04-27,29.7,60,9.9,Hyderabad
2020-04-28,29.2,61,10.7,Hyderabad
2020-04-29,28.8,62,6.0,Hyderabad
2020-04-30,29.9,46,5.8,Hyderabad
2020-05-01,30.1,51,8.9,Hyderabad
2020-05-02,30.1,49,6.2,Hyderabad
2020-05-03,30.9,44,7.8,Hyderabad
2020-05-04,31.0,47,8.1,Hyderabad
2020-05-05,30.8,51,6.1,Hyderabad
2020-05-06,31.2,50,8.0,Hyderabad
2020-05-07,30.6,59,6.8,Hyderabad
2020-05-08,30.8,55,6.6,Hyderabad
2020-05-09,31.6,49,6.6,Hyderabad
2020-05-10,30.2,55,5.6,Hyderabad
2020-05-11,29.4,54,7.8,Hyderabad
2020-05-12,30.3,51,6.5,Hyderabad
2020-05-13,30.0,52,7.0,Hyderabad
2020-05-14,30.7,51,7.7,Hyderabad
2020-05-15,30.7,52,5.4,Hyderabad
2020-05-16,30.5,56,6.0,Hyderabad
2020-05-17,30.7,57,6.3,Hyderabad
2020-05-18,30.5,54,10.1,Hyderabad
2020-05-19,31.0,43,11.7,Hyderabad
2020-05-20,31.5,35,13.1,Hyderabad
2020-05-21,31.7,30,13.8,Hyderabad
2020-05-22,31.3,29,9.6,Hyderabad
2020-05-23,32.0,32,10.3,Hyderabad
2020-05-24,32.4,39,8.1,Hyderabad
2020-05-25,32.4,47,7.6,Hyderabad
2020-05-26,32.7,50,7.0,Hyderabad
2020-05-27,33.1,46,6.9,Hyderabad
2020-05-28,33.6,40,7.9,Hyderabad
2020-05-29,33.3,35,9.5,Hyderabad
2020-05-30,32.0,46,8.1,Hyderabad
2020-05-31,30.2,57,6.6,Hyderabad
2020-06-01,28.0,71,5.3,Hyderabad
2020-06-02,27.5,77,7.1,Hyderabad
2020-06-03,27.6,69,11.3,Hyderabad
2020-06-04,28.2,61,20.1,Hyderabad
2020-06-05,29.1,57,14.5,Hyderabad
2020-06-06,29.3,54,12.6,Hyderabad
2020-06-07,29.7,54,13.7,Hyderabad
2020-06-08,30.5,49,14.9,Hyderabad
2020-06-09,30.4,53,13.5,Hyderabad
2020-06-10,27.5,74,11.7,Hyderabad
2020-06-11,24.5,90,15.6,Hyderabad
2020-06-12,24.1,90,15.3,Hyderabad
2020-06-13,26.3,77,16.3,Hyderabad
2020-06-14,27.4,73,16.4,Hyderabad
2020-06-15,27.4,74,18.0,Hyderabad
2020-06-16,25.9,82,18.5,Hyderabad
2020-06-17,24.6,88,18.4,Hyderabad
2020-06-18,25.3,83,17.4,Hyderabad
2020-06-19,26.4,77,18.3,Hyderabad
2020-06-20,27.4,72,16.7,Hyderabad
2020-06-21,25.2,83,16.2,Hyderabad
2020-06-22,25.9,76,17.2,Hyderabad
2020-06-23,27.3,70,13.8,Hyderabad
2020-06-24,27.4,74,7.4,Hyderabad
2020-06-25,27.9,71,8.2,Hyderabad
2020-06-26,28.1,68,6.4,Hyderabad
2020-06-27,27.7,75,6.2,Hyderabad
2020-06-28,26.9,81,8.8,Hyderabad
2020-06-29,26.3,83,4.6,Hyderabad
2020-06-30,26.6,80,5.1,Hyderabad
2020-07-01,27.0,77,10.1,Hyderabad
2015-01-01,19.1,75,8.4,Patna
2015-01-02,20.9,80,9.4,Patna
2015-01-03,20.1,92,6.8,Patna
2015-01-04,19.7,83,11.5,Patna
2015-01-05,17.0,73,14.9,Patna
2015-01-06,15.6,77,8.1,Patna
2015-01-07,16.2,77,6.3,Patna
2015-01-08,16.3,80,5.6,Patna
2015-01-09,16.1,76,11.5,Patna
2015-01-10,14.9,79,11.3,Patna
2015-01-11,14.1,79,6.2,Patna
2015-01-12,13.8,80,4.2,Patna
2015-01-13,14.1,82,5.5,Patna
2015-01-14,15.2,85,4.8,Patna
2015-01-15,16.3,83,5.3,Patna
2015-01-16,16.3,79,7.1,Patna
2015-01-17,15.3,74,10.2,Patna
2015-01-18,14.8,78,9.7,Patna
2015-01-19,14.8,80,8.5,Patna
2015-01-20,14.0,81,5.1,Patna
2015-01-21,14.0,79,4.1,Patna
2015-01-22,14.9,74,4.9,Patna
2015-01-23,17.2,68,9.4,Patna
2015-01-24,17.8,76,11.8,Patna
2015-01-25,17.1,76,8.2,Patna
2015-01-26,17.0,80,5.8,Patna
2015-01-27,17.0,87,8.6,Patna
2015-01-28,18.6,79,9.7,Patna
2015-01-29,17.0,76,7.6,Patna
2015-01-30,15.2,74,13.3,Patna
2015-01-31,14.5,72,10.2,Patna
2015-02-01,15.3,74,3.9,Patna
2015-02-02,16.3,77,5.0,Patna
2015-02-03,18.2,72,5.2,Patna
2015-02-04,19.3,73,9.6,Patna
2015-02-05,17.5,72,10.1,Patna
2015-02-06,16.3,73,7.6,Patna
2015-02-07,16.6,74,8.1,Patna
2015-02-08,18.2,73,8.5,Patna
2015-02-09,18.5,76,8.4,Patna
2015-02-10,18.7,70,9.6,Patna
2015-02-11,17.8,66,8.2,Patna
2015-02-12,18.0,65,8.9,Patna
2015-02-13,18.6,65,10.1,Patna
2015-02-14,18.5,66,6.8,Patna
2015-02-15,19.1,67,11.0,Patna
2015-02-16,20.2,69,10.7,Patna
2015-02-17,20.6,73,6.7,Patna
2015-02-18,21.1,77,8.9,Patna
2015-02-19,21.4,76,4.7,Patna
2015-02-20,22.5,68,5.6,Patna
2015-02-21,22.8,67,7.3,Patna
2015-02-22,23.0,69,5.6,Patna
2015-02-23,23.7,70,6.8,Patna
2015-02-24,24.3,67,3.8,Patna
2015-02-25,24.5,69,3.4,Patna
2015-02-26,24.5,68,8.7,Patna
2015-02-27,24.3,58,6.4,Patna
2015-02-28,25.2,60,5.3,Patna
2015-03-01,24.5,67,10.6,Patna
2015-03-02,19.0,85,14.0,Patna
2015-03-03,20.4,80,7.8,Patna
2015-03-04,20.5,67,13.6,Patna
2015-03-05,19.7,53,13.3,Patna
2015-03-06,20.4,54,11.5,Patna
2015-03-07,22.2,51,12.5,Patna
2015-03-08,22.8,56,6.2,Patna
2015-03-09,24.5,53,7.0,Patna
2015-03-10,24.7,43,13.9,Patna
2015-03-11,22.3,44,12.2,Patna
2015-03-12,22.7,48,10.2,Patna
2015-03-13,24.7,45,11.8,Patna
2015-03-14,26.1,48,13.5,Patna
2015-03-15,23.7,65,15.2,Patna
2015-03-16,23.1,67,7.8,Patna
2015-03-17,25.2,60,13.4,Patna
2015-03-18,24.9,49,15.5,Patna
2015-03-19,24.1,48,12.9,Patna
2015-03-20,24.5,48,8.8,Patna
2015-03-21,24.9,44,8.8,Patna
2015-03-22,27.0,44,10.7,Patna
2015-03-23,27.4,45,8.6,Patna
2015-03-24,27.7,46,6.0,Patna
2015-03-25,28.9,50,8.2,Patna
2015-03-26,29.2,50,10.2,Patna
2015-03-27,28.0,64,15.0,Patna
2015-03-28,27.7,63,10.4,Patna
2015-03-29,28.9,59,12.6,Patna
2015-03-30,25.8,79,11.2,Patna
2015-03-31,25.2,67,7.2,Patna
2015-04-01,27.5,59,7.0,Patna
2015-04-02,28.9,51,10.7,Patna
2015-04-03,29.1,49,8.3,Patna
2015-04-04,28.6,49,7.0,Patna
2015-04-05,27.5,57,5.5,Patna
2015-04-06,27.7,53,5.9,Patna
2015-04-07,28.0,59,7.4,Patna
2015-04-08,29.4,47,9.3,Patna
2015-04-09,29.0,33,14.0,Patna
2015-04-10,28.7,33,11.4,Patna
2015-04-11,29.6,35,5.8,Patna
2015-04-12,27.4,59,10.0,Patna
2015-04-13,27.0,62,11.5,Patna
2015-04-14,27.1,65,7.3,Patna
2015-04-15,27.1,68,5.3,Patna
2015-04-16,28.8,58,5.3,Patna
2015-04-17,28.1,62,7.9,Patna
2015-04-18,29.0,54,11.0,Patna
2015-04-19,29.5,59,15.6,Patna
2015-04-20,29.6,64,13.4,Patna
2015-04-21,31.9,53,8.3,Patna
2015-04-22,31.6,42,9.7,Patna
2015-04-23,29.7,56,10.0,Patna
2015-04-24,28.8,64,18.6,Patna
2015-04-25,25.7,71,18.6,Patna
2015-04-26,26.2,69,15.4,Patna
2015-04-27,27.6,65,14.1,Patna
2015-04-28,27.5,68,14.1,Patna
2015-04-29,27.9,66,14.1,Patna
2015-04-30,28.5,61,11.5,Patna
2015-05-01,30.4,59,12.2,Patna
2015-05-02,31.7,53,10.4,Patna
2015-05-03,32.1,44,9.2,Patna
2015-05-04,31.9,35,8.0,Patna
2015-05-05,32.6,32,7.6,Patna
2015-05-06,32.6,36,8.0,Patna
2015-05-07,32.0,52,13.3,Patna
2015-05-08,31.2,57,16.3,Patna
2015-05-09,31.6,57,13.9,Patna
2015-05-10,32.1,58,10.4,Patna
2015-05-11,31.6,60,15.8,Patna
2015-05-12,31.6,59,10.0,Patna
2015-05-13,32.8,53,8.8,Patna
2015-05-14,33.4,49,8.8,Patna
2015-05-15,33.2,47,12.7,Patna
2015-05-16,30.6,58,6.5,Patna
2015-05-17,31.1,59,7.3,Patna
2015-05-18,30.7,65,15.1,Patna
2015-05-19,30.0,68,14.1,Patna
2015-05-20,31.7,65,9.9,Patna
2015-05-21,34.6,43,10.5,Patna
2015-05-22,34.6,31,10.2,Patna
2015-05-23,34.6,39,8.3,Patna
2015-05-24,34.3,52,12.0,Patna
2015-05-25,33.2,58,15.1,Patna
2015-05-26,32.6,61,18.5,Patna
2015-05-27,32.2,60,17.9,Patna
2015-05-28,32.9,57,12.7,Patna
2015-05-29,33.5,58,14.4,Patna
2015-05-30,32.4,61,16.5,Patna
2015-05-31,34.1,53,10.4,Patna
2015-06-01,35.0,46,8.1,Patna
2015-06-02,34.4,44,5.7,Patna
2015-06-03,35.3,42,7.9,Patna
2015-06-04,34.2,55,8.0,Patna
2015-06-05,34.6,53,6.1,Patna
2015-06-06,36.4,38,10.2,Patna
2015-06-07,36.3,34,7.7,Patna
2015-06-08,36.5,34,6.6,Patna
2015-06-09,36.3,48,10.0,Patna
2015-06-10,34.4,55,13.7,Patna
2015-06-11,31.8,62,15.6,Patna
2015-06-12,31.1,69,10.0,Patna
2015-06-13,29.1,79,6.4,Patna
2015-06-14,30.4,70,9.7,Patna
2015-06-15,30.6,68,11.2,Patna
2015-06-16,31.5,65,12.0,Patna
2015-06-17,32.4,61,12.5,Patna
2015-06-18,32.6,63,13.5,Patna
2015-06-19,33.0,57,15.3,Patna
2015-06-20,33.4,55,19.5,Patna
2015-06-21,31.9,62,23.7,Patna
2015-06-22,29.3,72,22.4,Patna
2015-06-23,28.6,77,13.2,Patna
2015-06-24,30.6,68,9.9,Patna
2015-06-25,29.8,74,4.8,Patna
2015-06-26,30.2,69,8.1,Patna
2015-06-27,26.5,91,9.1,Patna
2015-06-28,27.0,87,19.3,Patna
2015-06-29,28.8,82,11.5,Patna
2015-06-30,29.7,81,7.3,Patna
2015-07-01,29.5,81,3.7,Patna
2015-07-02,30.1,79,5.3,Patna
2015-07-03,30.3,79,8.4,Patna
2015-07-04,31.0,75,10.3,Patna
2015-07-05,30.2,77,6.4,Patna
2015-07-06,26.8,93,6.6,Patna
2015-07-07,26.6,93,9.3,Patna
2015-07-08,28.2,86,12.9,Patna
2015-07-09,28.7,83,15.9,Patna
2015-07-10,26.0,91,30.5,Patna
2015-07-11,26.4,92,24.3,Patna
2015-07-12,28.8,79,7.1,Patna
2015-07-13,29.4,83,6.6,Patna
2015-07-14,30.6,80,7.8,Patna
2015-07-15,28.1,90,8.3,Patna
2015-07-16,26.8,95,6.7,Patna
2015-07-17,27.4,88,9.2,Patna
2015-07-18,28.6,81,10.3,Patna
2015-07-19,28.8,82,11.4,Patna
2015-07-20,27.8,82,17.7,Patna
2015-07-21,28.4,80,16.3,Patna
2015-07-22,27.0,88,16.0,Patna
2015-07-23,28.0,85,14.8,Patna
2015-07-24,27.4,88,11.0,Patna
2015-07-25,28.1,85,7.6,Patna
2015-07-26,29.6,78,4.5,Patna
2015-07-27,30.1,78,9.9,Patna
2015-07-28,30.3,71,12.4,Patna
2015-07-29,30.2,69,13.6,Patna
2015-07-30,29.8,72,12.3,Patna
2015-07-31,28.2,84,10.0,Patna
2015-08-01,27.6,83,12.9,Patna
2015-08-02,26.5,85,19.3,Patna
2015-08-03,28.2,81,17.7,Patna
2015-08-04,29.5,76,10.2,Patna
2015-08-05,30.1,74,5.8,Patna
2015-08-06,28.6,81,4.6,Patna
2015-08-07,28.5,87,7.7,Patna
2015-08-08,28.8,86,8.7,Patna
2015-08-09,29.7,83,6.6,Patna
2015-08-10,29.0,85,9.1,Patna
2015-08-11,29.0,85,11.4,Patna
2015-08-12,29.9,79,10.8,Patna
2015-08-13,29.5,80,11.7,Patna
2015-08-14,29.6,79,11.9,Patna
2015-08-15,29.4,85,9.5,Patna
2015-08-16,28.7,87,5.8,Patna
2015-08-17,27.4,91,4.9,Patna
2015-08-18,28.0,87,9.1,Patna
2015-08-19,26.3,93,17.3,Patna
2015-08-20,28.4,83,14.4,Patna
2015-08-21,28.7,81,9.1,Patna
2015-08-22,28.1,85,5.8,Patna
2015-08-23,27.7,85,5.2,Patna
2015-08-24,28.5,84,4.7,Patna
2015-08-25,28.6,85,4.3,Patna
2015-08-26,27.7,89,7.4,Patna
2015-08-27,27.9,88,10.4,Patna
2015-08-28,28.5,83,11.5,Patna
2015-08-29,28.6,84,7.0,Patna
2015-08-30,28.0,89,3.8,Patna
2015-08-31,28.6,86,6.2,Patna
2015-09-01,29.1,81,10.6,Patna
2015-09-02,29.6,74,11.2,Patna
2015-09-03,29.3,80,4.9,Patna
2015-09-04,29.7,77,8.0,Patna
2015-09-05,29.6,72,10.6,Patna
2015-09-06,29.3,71,10.8,Patna
2015-09-07,29.1,70,10.5,Patna
2015-09-08,29.3,69,10.7,Patna
2015-09-09,29.6,71,9.3,Patna
2015-09-10,29.7,75,4.3,Patna
2015-09-11,28.5,86,10.6,Patna
2015-09-12,29.0,82,10.0,Patna
2015-09-13,29.8,78,5.1,Patna
2015-09-14,29.8,81,7.8,Patna
2015-09-15,28.3,82,12.8,Patna
2015-09-16,28.3,81,14.8,Patna
2015-09-17,29.0,80,12.5,Patna
2015-09-18,29.9,77,8.1,Patna
2015-09-19,30.4,80,6.6,Patna
2015-09-20,28.1,83,15.1,Patna
2015-09-21,25.8,93,14.6,Patna
2015-09-22,25.7,96,7.5,Patna
2015-09-23,28.0,85,10.1,Patna
2015-09-24,28.4,74,15.7,Patna
2015-09-25,27.6,73,12.5,Patna
2015-09-26,27.7,72,6.5,Patna
2015-09-27,27.5,77,5.0,Patna
2015-09-28,27.7,77,4.1,Patna
2015-09-29,28.2,77,3.6,Patna
2015-09-30,28.3,78,3.8,Patna
2015-10-01,29.2,76,4.3,Patna
2015-10-02,29.2,75,5.6,Patna
2015-10-03,28.9,76,7.1,Patna
2015-10-04,28.6,73,3.8,Patna
2015-10-05,28.1,76,5.0,Patna
2015-10-06,28.1,75,4.8,Patna
2015-10-07,28.4,74,4.3,Patna
2015-10-08,28.8,73,5.3,Patna
2015-10-09,28.1,68,7.8,Patna
2015-10-10,28.0,62,7.2,Patna
2015-10-11,27.7,71,8.8,Patna
2015-10-12,27.6,73,10.1,Patna
2015-10-13,27.0,78,8.1,Patna
2015-10-14,26.4,78,9.6,Patna
2015-10-15,26.5,75,8.5,Patna
2015-10-16,26.5,78,6.5,Patna
2015-10-17,26.5,76,4.1,Patna
2015-10-18,27.0,76,4.0,Patna
2015-10-19,27.4,74,3.9,Patna
2015-10-20,27.4,73,5.0,Patna
2015-10-21,27.7,71,5.6,Patna
2015-10-22,27.6,66,7.7,Patna
2015-10-23,26.1,61,9.1,Patna
2015-10-24,24.8,64,6.4,Patna
2015-10-25,24.9,66,6.1,Patna
2015-10-26,25.3,69,5.1,Patna
2015-10-27,26.4,68,3.7,Patna
2015-10-28,25.9,67,5.9,Patna
2015-10-29,22.9,78,11.9,Patna
2015-10-30,23.2,73,4.4,Patna
2015-10-31,24.4,72,6.3,Patna
2015-11-01,25.4,74,8.5,Patna
2015-11-02,25.4,73,6.7,Patna
2015-11-03,25.1,74,5.5,Patna
2015-11-04,25.1,70,7.7,Patna
2015-11-05,24.7,70,7.5,Patna
2015-11-06,25.0,68,7.4,Patna
2015-11-07,25.2,68,5.7,Patna
2015-11-08,24.6,69,5.2,Patna
2015-11-09,24.2,70,7.0,Patna
2015-11-10,24.3,70,4.6,Patna
2015-11-11,24.0,68,8.3,Patna
2015-11-12,23.9,64,6.8,Patna
2015-11-13,23.3,66,6.6,Patna
2015-11-14,23.5,68,5.6,Patna
2015-11-15,24.5,68,6.7,Patna
2015-11-16,24.2,68,6.8,Patna
2015-11-17,24.0,68,5.4,Patna
2015-11-18,23.7,72,6.2,Patna
2015-11-19,23.2,73,6.1,Patna
2015-11-20,23.1,68,6.3,Patna
2015-11-21,22.6,70,5.2,Patna
2015-11-22,22.8,68,3.9,Patna
2015-11-23,23.0,68,3.1,Patna
2015-11-24,22.1,73,4.5,Patna
2015-11-25,22.5,72,6.5,Patna
2015-11-26,22.0,71,5.7,Patna
2015-11-27,21.0,68,5.7,Patna
2015-11-28,22.5,69,9.0,Patna
2015-11-29,23.9,69,6.9,Patna
2015-11-30,24.2,73,6.2,Patna
2015-12-01,24.4,75,7.8,Patna
2015-12-02,23.8,71,7.6,Patna
2015-12-03,22.6,71,8.0,Patna
2015-12-04,22.1,68,5.7,Patna
2015-12-05,21.7,70,5.3,Patna
2015-12-06,21.1,81,5.3,Patna
2015-12-07,21.5,76,4.8,Patna
2015-12-08,21.7,71,5.8,Patna
2015-12-09,21.0,71,6.1,Patna
2015-12-10,19.9,75,5.9,Patna
2015-12-11,20.6,74,6.3,Patna
2015-12-12,21.6,73,6.8,Patna
2015-12-13,19.3,63,7.8,Patna
2015-12-14,17.1,65,9.3,Patna
2015-12-15,16.5,67,9.8,Patna
2015-12-16,16.3,68,4.2,Patna
2015-12-17,16.5,72,5.3,Patna
2015-12-18,16.4,69,8.1,Patna
2015-12-19,16.3,69,6.3,Patna
2015-12-20,16.1,69,3.9,Patna
2015-12-21,16.6,70,8.3,Patna
2015-12-22,16.9,73,8.3,Patna
2015-12-23,16.7,73,7.6,Patna
2015-12-24,15.9,67,6.9,Patna
2015-12-25,15.3,63,8.7,Patna
2015-12-26,14.9,61,8.8,Patna
2015-12-27,15.6,66,8.7,Patna
2015-12-28,16.4,70,7.0,Patna
2015-12-29,16.9,73,6.0,Patna
2015-12-30,17.0,75,3.8,Patna
2015-12-31,18.5,73,3.5,Patna
2016-01-01,18.5,74,2.6,Patna
2016-01-02,17.8,75,5.4,Patna
2016-01-03,17.3,70,7.5,Patna
2016-01-04,17.5,66,3.4,Patna
2016-01-05,17.4,67,4.5,Patna
2016-01-06,18.0,70,4.7,Patna
2016-01-07,18.5,72,5.1,Patna
2016-01-08,19.4,72,7.7,Patna
2016-01-09,19.2,62,12.8,Patna
2016-01-10,17.2,62,7.1,Patna
2016-01-11,17.6,65,5.0,Patna
2016-01-12,17.6,69,3.3,Patna
2016-01-13,17.3,72,4.8,Patna
2016-01-14,18.1,71,5.8,Patna
2016-01-15,18.6,71,7.0,Patna
2016-01-16,17.7,73,9.8,Patna
2016-01-17,16.9,70,7.2,Patna
2016-01-18,17.6,67,4.7,Patna
2016-01-19,16.6,87,8.5,Patna
2016-01-20,16.0,84,7.3,Patna
2016-01-21,15.9,75,11.5,Patna
2016-01-22,13.9,72,9.7,Patna
2016-01-23,13.5,75,8.5,Patna
2016-01-24,14.3,75,6.9,Patna
2016-01-25,15.3,71,7.8,Patna
2016-01-26,15.8,66,4.2,Patna
2016-01-27,16.2,67,4.2,Patna
2016-01-28,16.6,69,5.6,Patna
2016-01-29,17.3,74,5.3,Patna
2016-01-30,18.1,78,6.0,Patna
2016-01-31,19.2,77,7.7,Patna
2016-02-01,19.4,69,7.5,Patna
2016-02-02,19.0,61,6.5,Patna
2016-02-03,17.5,54,11.7,Patna
2016-02-04,15.9,65,7.8,Patna
2016-02-05,16.8,67,7.1,Patna
2016-02-06,17.8,66,4.6,Patna
2016-02-07,19.8,68,8.8,Patna
2016-02-08,19.6,73,10.1,Patna
2016-02-09,19.5,74,5.4,Patna
2016-02-10,19.5,67,8.9,Patna
2016-02-11,20.1,65,5.3,Patna
2016-02-12,20.3,57,10.6,Patna
2016-02-13,21.2,57,3.8,Patna
2016-02-14,22.1,58,5.7,Patna
2016-02-15,22.4,57,7.3,Patna
2016-02-16,22.6,55,7.6,Patna
2016-02-17,23.1,65,11.8,Patna
2016-02-18,24.7,57,13.2,Patna
2016-02-19,25.7,57,13.3,Patna
2016-02-20,26.1,59,12.9,Patna
2016-02-21,25.2,55,18.1,Patna
2016-02-22,22.8,48,16.0,Patna
2016-02-23,21.3,49,10.5,Patna
2016-02-24,21.7,53,5.6,Patna
2016-02-25,22.3,50,7.6,Patna
2016-02-26,23.6,63,13.6,Patna
2016-02-27,23.8,72,7.9,Patna
2016-02-28,24.4,65,7.5,Patna
2016-02-29,24.8,61,5.6,Patna
2016-03-01,25.1,53,5.8,Patna
2016-03-02,25.1,51,5.9,Patna
2016-03-03,25.7,50,7.2,Patna
2016-03-04,26.5,48,9.1,Patna
2016-03-05,26.0,57,6.4,Patna
2016-03-06,25.3,67,7.1,Patna
2016-03-07,25.7,61,8.2,Patna
2016-03-08,26.5,59,10.6,Patna
2016-03-09,27.1,55,12.1,Patna
2016-03-10,26.9,47,14.0,Patna
2016-03-11,27.0,46,13.3,Patna
2016-03-12,28.5,46,15.7,Patna
2016-03-13,24.8,62,13.8,Patna
2016-03-14,23.9,69,10.6,Patna
2016-03-15,24.0,65,9.2,Patna
2016-03-16,24.5,45,14.3,Patna
2016-03-17,24.3,43,9.0,Patna
2016-03-18,26.1,46,7.1,Patna
2016-03-19,27.8,45,6.7,Patna
2016-03-20,28.8,46,8.8,Patna
2016-03-21,29.0,32,16.0,Patna
2016-03-22,27.3,23,17.8,Patna
2016-03-23,25.8,30,9.1,Patna
2016-03-24,26.2,39,7.8,Patna
2016-03-25,28.0,44,6.9,Patna
2016-03-26,29.1,51,5.4,Patna
2016-03-27,29.1,55,7.7,Patna
2016-03-28,27.9,54,9.8,Patna
2016-03-29,28.3,46,8.4,Patna
2016-03-30,29.1,49,9.2,Patna
2016-03-31,28.3,59,11.6,Patna
2016-04-01,27.4,62,18.0,Patna
2016-04-02,28.1,61,15.2,Patna
2016-04-03,29.4,62,11.8,Patna
2016-04-04,30.3,61,9.2,Patna
2016-04-05,32.6,45,13.2,Patna
2016-04-06,33.3,26,15.7,Patna
2016-04-07,32.3,30,15.0,Patna
2016-04-08,32.4,27,13.2,Patna
2016-04-09,33.3,25,13.1,Patna
2016-04-10,33.9,22,16.8,Patna
2016-04-11,34.6,22,16.5,Patna
2016-04-12,33.3,21,21.3,Patna
2016-04-13,32.3,21,18.5,Patna
2016-04-14,33.2,22,13.6,Patna
2016-04-15,33.7,26,10.0,Patna
2016-04-16,33.1,46,14.7,Patna
2016-04-17,31.0,56,16.9,Patna
2016-04-18,32.6,51,11.6,Patna
2016-04-19,34.1,43,12.0,Patna
2016-04-20,34.7,29,13.1,Patna
2016-04-21,34.7,23,17.0,Patna
2016-04-22,34.3,22,14.2,Patna
2016-04-23,34.4,25,11.8,Patna
2016-04-24,33.2,16,18.0,Patna
2016-04-25,32.8,17,13.6,Patna
2016-04-26,33.7,19,9.6,Patna
2016-04-27,34.6,22,10.2,Patna
2016-04-28,34.6,23,10.3,Patna
2016-04-29,34.4,20,10.9,Patna
2016-04-30,34.0,20,10.8,Patna
2016-05-01,33.6,26,9.8,Patna
2016-05-02,31.5,52,18.4,Patna
2016-05-03,31.7,53,15.2,Patna
2016-05-04,30.5,57,12.2,Patna
2016-05-05,29.8,60,11.1,Patna
2016-05-06,31.1,53,7.0,Patna
2016-05-07,30.9,55,8.4,Patna
2016-05-08,31.5,53,9.5,Patna
2016-05-09,32.7,50,12.7,Patna
2016-05-10,32.9,50,9.1,Patna
2016-05-11,32.8,50,8.3,Patna
2016-05-12,31.9,55,10.0,Patna
2016-05-13,31.7,60,14.1,Patna
2016-05-14,31.4,61,17.5,Patna
2016-05-15,32.3,61,14.2,Patna
2016-05-16,32.9,59,9.6,Patna
2016-05-17,34.6,49,8.7,Patna
2016-05-18,33.5,55,14.7,Patna
2016-05-19,30.3,67,21.6,Patna
2016-05-20,29.6,68,19.3,Patna
2016-05-21,30.6,61,10.0,Patna
2016-05-22,31.9,59,9.5,Patna
2016-05-23,31.9,62,11.9,Patna
2016-05-24,30.9,64,10.9,Patna
2016-05-25,32.4,53,9.4,Patna
2016-05-26,31.8,55,5.7,Patna
2016-05-27,31.2,61,13.8,Patna
2016-05-28,29.7,69,12.6,Patna
2016-05-29,30.3,65,9.8,Patna
2016-05-30,30.4,67,8.9,Patna
2016-05-31,32.2,60,7.5,Patna
2016-06-01,31.1,64,13.9,Patna
2016-06-02,31.7,62,13.4,Patna
2016-06-03,33.0,58,14.5,Patna
2016-06-04,34.1,49,14.8,Patna
2016-06-05,34.3,49,14.0,Patna
2016-06-06,33.8,53,15.8,Patna
2016-06-07,33.1,59,14.7,Patna
2016-06-08,33.2,58,13.3,Patna
2016-06-09,32.1,63,12.0,Patna
2016-06-10,32.6,62,10.7,Patna
2016-06-11,33.8,59,10.7,Patna
2016-06-12,33.0,64,8.6,Patna
2016-06-13,31.7,72,8.8,Patna
2016-06-14,32.3,69,10.1,Patna
2016-06-15,31.5,71,7.4,Patna
2016-06-16,28.1,86,9.8,Patna
2016-06-17,28.6,81,13.1,Patna
2016-06-18,29.7,75,15.6,Patna
2016-06-19,30.1,75,15.1,Patna
2016-06-20,31.4,69,11.5,Patna
2016-06-21,30.6,75,8.4,Patna
2016-06-22,28.7,86,5.9,Patna
2016-06-23,29.7,79,3.6,Patna
2016-06-24,29.1,84,7.0,Patna
2016-06-25,29.6,81,11.1,Patna
2016-06-26,31.0,76,9.5,Patna
2016-06-27,30.8,75,12.3,Patna
2016-06-28,31.0,70,15.6,Patna
2016-06-29,31.7,68,12.8,Patna
2016-06-30,30.7,73,12.2,Patna
2016-07-01,29.9,80,14.9,Patna
2016-07-02,29.4,78,17.5,Patna
2016-07-03,27.8,86,14.3,Patna
2016-07-04,27.1,92,9.8,Patna
2016-07-05,27.7,88,14.8,Patna
2016-07-06,28.6,83,19.2,Patna
2016-07-07,29.4,80,17.0,Patna
2016-07-08,30.2,75,16.8,Patna
2016-07-09,30.4,73,16.0,Patna
2016-07-10,29.4,79,15.5,Patna
2016-07-11,29.4,77,18.2,Patna
2016-07-12,29.0,79,16.8,Patna
2016-07-13,29.4,80,12.4,Patna
2016-07-14,29.1,85,5.0,Patna
2016-07-15,29.0,86,5.0,Patna
2016-07-16,27.7,89,12.6,Patna
2016-07-17,26.9,91,10.5,Patna
2016-07-18,27.3,87,10.3,Patna
2016-07-19,27.8,85,12.5,Patna
2016-07-20,28.3,87,8.1,Patna
2016-07-21,28.9,86,3.9,Patna
2016-07-22,28.4,88,9.0,Patna
2016-07-23,28.8,84,9.0,Patna
2016-07-24,29.1,81,8.6,Patna
2016-07-25,28.5,85,9.2,Patna
2016-07-26,27.4,89,14.3,Patna
2016-07-27,28.2,81,10.7,Patna
2016-07-28,28.4,87,5.1,Patna
2016-07-29,28.2,87,5.8,Patna
2016-07-30,28.3,87,7.8,Patna
2016-07-31,28.4,86,7.8,Patna
2016-08-01,29.1,83,8.6,Patna
2016-08-02,28.6,80,14.5,Patna
2016-08-03,29.3,75,17.0,Patna
2016-08-04,29.6,76,15.7,Patna
2016-08-05,29.9,75,18.6,Patna
2016-08-06,29.2,77,21.7,Patna
2016-08-07,28.1,83,19.3,Patna
2016-08-08,27.8,88,9.8,Patna
2016-08-09,28.1,88,4.1,Patna
2016-08-10,28.4,85,5.8,Patna
2016-08-11,28.2,82,14.2,Patna
2016-08-12,28.1,85,17.9,Patna
2016-08-13,28.9,83,13.6,Patna
2016-08-14,29.2,83,11.1,Patna
2016-08-15,29.6,84,7.3,Patna
2016-08-16,29.1,86,6.8,Patna
2016-08-17,28.5,86,13.4,Patna
2016-08-18,27.8,83,27.1,Patna
2016-08-19,29.0,77,13.4,Patna
2016-08-20,29.8,81,5.4,Patna
2016-08-21,29.9,75,12.2,Patna
2016-08-22,27.1,82,22.5,Patna
2016-08-23,28.2,79,12.9,Patna
2016-08-24,29.2,83,5.3,Patna
2016-08-25,30.6,82,4.3,Patna
2016-08-26,29.3,85,9.3,Patna
2016-08-27,30.1,78,7.8,Patna
2016-08-28,30.8,76,4.8,Patna
2016-08-29,30.1,83,3.2,Patna
2016-08-30,29.2,85,6.2,Patna
2016-08-31,28.8,87,7.3,Patna
2016-09-01,28.1,88,6.0,Patna
2016-09-02,28.5,87,6.0,Patna
2016-09-03,27.5,92,5.7,Patna
2016-09-04,27.9,87,4.5,Patna
2016-09-05,27.1,93,3.7,Patna
2016-09-06,26.7,93,4.6,Patna
2016-09-07,26.6,93,5.8,Patna
2016-09-08,26.7,93,6.0,Patna
2016-09-09,27.7,90,3.6,Patna
2016-09-10,27.5,90,5.8,Patna
2016-09-11,27.2,90,7.2,Patna
2016-09-12,27.0,91,10.6,Patna
2016-09-13,27.0,88,10.3,Patna
2016-09-14,28.3,85,8.6,Patna
2016-09-15,28.7,83,6.8,Patna
2016-09-16,28.8,85,6.1,Patna
2016-09-17,26.9,92,9.2,Patna
2016-09-18,27.8,87,8.9,Patna
2016-09-19,28.6,85,4.5,Patna
2016-09-20,27.9,88,8.6,Patna
2016-09-21,26.9,90,12.1,Patna
2016-09-22,27.2,89,8.8,Patna
2016-09-23,28.0,85,8.3,Patna
2016-09-24,26.7,90,12.2,Patna
2016-09-25,25.9,93,12.8,Patna
2016-09-26,26.6,90,10.7,Patna
2016-09-27,27.3,90,7.2,Patna
2016-09-28,26.9,91,7.4,Patna
2016-09-29,27.4,88,7.8,Patna
2016-09-30,28.2,86,8.7,Patna
2016-10-01,29.0,81,7.8,Patna
2016-10-02,29.2,82,5.4,Patna
2016-10-03,29.5,82,3.8,Patna
2016-10-04,28.6,85,4.5,Patna
2016-10-05,28.6,85,4.0,Patna
2016-10-06,28.3,86,6.3,Patna
2016-10-07,27.7,87,6.7,Patna
2016-10-08,26.8,90,7.9,Patna
2016-10-09,25.9,94,7.1,Patna
2016-10-10,26.3,89,5.0,Patna
2016-10-11,26.6,87,4.3,Patna
2016-10-12,26.6,80,9.2,Patna
2016-10-13,25.8,78,7.3,Patna
2016-10-14,25.5,78,5.1,Patna
2016-10-15,25.1,78,4.3,Patna
2016-10-16,25.8,76,5.2,Patna
2016-10-17,26.4,79,6.2,Patna
2016-10-18,26.1,77,6.7,Patna
2016-10-19,25.5,75,6.8,Patna
2016-10-20,25.1,73,7.5,Patna
2016-10-21,25.4,76,6.9,Patna
2016-10-22,25.8,74,7.4,Patna
2016-10-23,25.3,75,7.7,Patna
2016-10-24,24.7,73,6.9,Patna
2016-10-25,24.7,73,6.2,Patna
2016-10-26,25.2,75,3.7,Patna
2016-10-27,25.6,77,3.8,Patna
2016-10-28,25.3,79,4.0,Patna
2016-10-29,25.4,77,3.9,Patna
2016-10-30,24.4,74,4.4,Patna
2016-10-31,25.2,69,6.6,Patna
2016-11-01,25.2,66,7.5,Patna
2016-11-02,25.1,64,6.9,Patna
2016-11-03,25.1,64,7.3,Patna
2016-11-04,24.6,68,6.9,Patna
2016-11-05,24.8,63,7.2,Patna
2016-11-06,23.7,67,6.6,Patna
2016-11-07,22.9,65,9.3,Patna
2016-11-08,22.1,65,7.3,Patna
2016-11-09,21.5,69,5.0,Patna
2016-11-10,22.5,71,5.7,Patna
2016-11-11,23.1,68,6.6,Patna
2016-11-12,23.8,66,7.0,Patna
2016-11-13,23.3,68,6.5,Patna
2016-11-14,22.5,66,7.9,Patna
2016-11-15,21.8,61,8.2,Patna
2016-11-16,21.7,59,9.2,Patna
2016-11-17,21.0,61,7.9,Patna
2016-11-18,21.0,65,7.6,Patna
2016-11-19,20.8,67,7.2,Patna
2016-11-20,20.9,70,6.1,Patna
2016-11-21,21.6,70,7.1,Patna
2016-11-22,22.0,64,9.0,Patna
2016-11-23,21.4,65,7.0,Patna
2016-11-24,21.4,69,7.0,Patna
2016-11-25,21.1,67,9.3,Patna
2016-11-26,20.3,71,4.0,Patna
2016-11-27,20.9,72,4.0,Patna
2016-11-28,21.7,73,3.6,Patna
2016-11-29,21.8,77,4.1,Patna
2016-11-30,22.3,77,3.7,Patna
2016-12-01,22.5,76,4.7,Patna
2016-12-02,22.1,78,5.1,Patna
2016-12-03,22.1,75,5.2,Patna
2016-12-04,20.4,72,8.4,Patna
2016-12-05,19.3,74,8.3,Patna
2016-12-06,18.6,76,6.3,Patna
2016-12-07,18.7,76,6.5,Patna
2016-12-08,18.3,77,7.3,Patna
2016-12-09,17.4,79,7.8,Patna
2016-12-10,16.8,79,7.2,Patna
2016-12-11,17.3,79,7.1,Patna
2016-12-12,18.5,80,6.9,Patna
2016-12-13,17.9,82,6.7,Patna
2016-12-14,17.3,79,7.8,Patna
2016-12-15,17.5,72,8.7,Patna
2016-12-16,16.8,77,6.6,Patna
2016-12-17,17.2,79,7.0,Patna
2016-12-18,17.9,78,6.3,Patna
2016-12-19,18.0,73,9.1,Patna
2016-12-20,17.1,71,8.5,Patna
2016-12-21,17.4,74,5.0,Patna
2016-12-22,18.1,75,4.0,Patna
2016-12-23,19.2,72,5.4,Patna
2016-12-24,18.9,76,5.2,Patna
2016-12-25,19.9,78,5.1,Patna
2016-12-26,19.1,81,5.9,Patna
2016-12-27,18.4,76,7.9,Patna
2016-12-28,17.4,76,5.0,Patna
2016-12-29,17.5,75,4.8,Patna
2016-12-30,18.1,76,5.2,Patna
2016-12-31,17.9,80,4.5,Patna
2017-01-01,17.5,86,8.0,Patna
2017-01-02,17.0,91,7.8,Patna
2017-01-03,17.4,85,8.2,Patna
2017-01-04,17.3,83,9.5,Patna
2017-01-05,16.7,81,8.3,Patna
2017-01-06,16.9,82,4.4,Patna
2017-01-07,16.2,85,6.2,Patna
2017-01-08,17.6,80,7.3,Patna
2017-01-09,18.1,80,4.2,Patna
2017-01-10,17.9,75,9.1,Patna
2017-01-11,16.3,54,12.8,Patna
2017-01-12,13.0,62,9.2,Patna
2017-01-13,12.5,68,9.2,Patna
2017-01-14,12.7,71,9.2,Patna
2017-01-15,14.0,71,7.6,Patna
2017-01-16,15.8,74,9.5,Patna
2017-01-17,17.6,73,8.6,Patna
2017-01-18,16.8,74,7.6,Patna
2017-01-19,17.1,72,10.7,Patna
2017-01-20,17.8,66,13.0,Patna
2017-01-21,15.9,71,9.2,Patna
2017-01-22,16.9,71,10.0,Patna
2017-01-23,18.5,70,11.3,Patna
2017-01-24,18.5,75,8.6,Patna
2017-01-25,19.0,70,4.7,Patna
2017-01-26,20.0,72,4.6,Patna
2017-01-27,19.5,78,9.2,Patna
2017-01-28,17.3,76,13.6,Patna
2017-01-29,17.1,77,9.9,Patna
2017-01-30,16.2,83,8.3,Patna
2017-01-31,16.1,83,8.6,Patna
2017-02-01,17.5,76,7.3,Patna
2017-02-02,17.3,77,7.3,Patna
2017-02-03,17.4,77,8.2,Patna
2017-02-04,18.5,76,5.9,Patna
2017-02-05,20.1,75,2.4,Patna
2017-02-06,20.2,74,6.3,Patna
2017-02-07,19.7,64,15.3,Patna
2017-02-08,17.6,59,10.9,Patna
2017-02-09,18.3,68,8.8,Patna
2017-02-10,19.3,58,11.6,Patna
2017-02-11,17.2,61,7.2,Patna
2017-02-12,19.8,60,4.3,Patna
2017-02-13,20.2,67,7.3,Patna
2017-02-14,20.2,69,8.6,Patna
2017-02-15,19.7,66,8.0,Patna
2017-02-16,19.9,65,8.1,Patna
2017-02-17,21.5,64,3.0,Patna
2017-02-18,21.5,68,3.6,Patna
2017-02-19,21.7,73,6.6,Patna
2017-02-20,23.2,66,10.2,Patna
2017-02-21,24.6,60,7.8,Patna
2017-02-22,24.1,53,11.5,Patna
2017-02-23,21.6,41,16.5,Patna
2017-02-24,19.7,40,14.3,Patna
2017-02-25,18.9,49,10.4,Patna
2017-02-26,19.7,56,9.5,Patna
2017-02-27,20.2,56,8.8,Patna
2017-02-28,20.3,55,8.0,Patna
2017-03-01,22.3,58,7.3,Patna
2017-03-02,24.3,56,8.5,Patna
2017-03-03,23.7,53,9.8,Patna
2017-03-04,23.8,58,8.4,Patna
2017-03-05,23.4,48,11.0,Patna
2017-03-06,22.2,39,12.7,Patna
2017-03-07,21.6,45,7.5,Patna
2017-03-08,22.9,54,8.5,Patna
2017-03-09,23.2,63,9.0,Patna
2017-03-10,23.0,78,12.2,Patna
2017-03-11,20.9,75,7.9,Patna
2017-03-12,21.3,56,12.6,Patna
2017-03-13,19.9,48,11.5,Patna
2017-03-14,20.6,53,8.4,Patna
2017-03-15,20.8,47,10.1,Patna
2017-03-16,22.2,44,9.5,Patna
2017-03-17,23.2,49,10.2,Patna
2017-03-18,23.1,47,11.9,Patna
2017-03-19,21.8,58,7.7,Patna
2017-03-20,22.0,65,7.8,Patna
2017-03-21,23.4,65,9.7,Patna
2017-03-22,24.9,63,8.7,Patna
2017-03-23,26.2,63,9.7,Patna
2017-03-24,27.4,63,7.1,Patna
2017-03-25,28.6,57,12.1,Patna
2017-03-26,27.6,65,10.9,Patna
2017-03-27,27.9,67,9.8,Patna
2017-03-28,28.5,66,11.4,Patna
2017-03-29,28.3,71,11.1,Patna
2017-03-30,28.8,68,11.4,Patna
2017-03-31,28.4,66,11.9,Patna
2017-04-01,30.0,61,11.5,Patna
2017-04-02,29.1,65,10.4,Patna
2017-04-03,30.4,57,10.6,Patna
2017-04-04,27.8,65,16.3,Patna
2017-04-05,27.7,64,16.5,Patna
2017-04-06,27.6,70,16.0,Patna
2017-04-07,28.8,71,11.0,Patna
2017-04-08,30.4,56,8.7,Patna
2017-04-09,29.7,26,15.2,Patna
2017-04-10,28.8,21,18.4,Patna
2017-04-11,28.4,22,14.9,Patna
2017-04-12,28.2,35,8.4,Patna
2017-04-13,29.6,44,13.5,Patna
2017-04-14,29.7,50,12.0,Patna
2017-04-15,28.1,59,16.4,Patna
2017-04-16,27.7,63,18.3,Patna
2017-04-17,29.2,60,11.1,Patna
2017-04-18,30.9,54,12.5,Patna
2017-04-19,29.3,68,13.0,Patna
2017-04-20,28.0,70,20.6,Patna
2017-04-21,27.9,71,21.0,Patna
2017-04-22,27.7,71,17.8,Patna
2017-04-23,29.1,67,14.3,Patna
2017-04-24,30.5,59,10.3,Patna
2017-04-25,32.5,36,14.4,Patna
2017-04-26,32.5,25,15.1,Patna
2017-04-27,32.3,26,12.4,Patna
2017-04-28,32.7,24,14.8,Patna
2017-04-29,31.8,41,10.7,Patna
2017-04-30,30.3,59,13.3,Patna
2017-05-01,29.6,63,10.5,Patna
2017-05-02,29.4,61,8.3,Patna
2017-05-03,31.3,49,9.9,Patna
2017-05-04,29.7,61,9.5,Patna
2017-05-05,31.1,51,10.3,Patna
2017-05-06,31.0,58,15.4,Patna
2017-05-07,30.7,60,17.0,Patna
2017-05-08,30.8,62,18.1,Patna
2017-05-09,29.9,66,15.4,Patna
2017-05-10,29.2,66,16.6,Patna
2017-05-11,30.5,62,17.3,Patna
2017-05-12,30.9,62,13.9,Patna
2017-05-13,32.1,60,10.5,Patna
2017-05-14,32.4,61,14.9,Patna
2017-05-15,31.3,65,16.5,Patna
2017-05-16,31.5,62,19.8,Patna
2017-05-17,31.5,62,14.7,Patna
2017-05-18,32.5,58,7.8,Patna
2017-05-19,33.4,53,6.0,Patna
2017-05-20,33.4,50,8.7,Patna
2017-05-21,34.1,50,9.6,Patna
2017-05-22,33.7,53,8.9,Patna
2017-05-23,33.6,54,8.9,Patna
2017-05-24,33.7,54,7.1,Patna
2017-05-25,34.7,51,10.7,Patna
2017-05-26,31.6,66,19.5,Patna
2017-05-27,30.8,63,18.0,Patna
2017-05-28,29.9,70,17.6,Patna
2017-05-29,31.0,67,13.9,Patna
2017-05-30,30.1,71,10.7,Patna
2017-05-31,30.6,66,10.4,Patna
2017-06-01,32.7,62,7.0,Patna
2017-06-02,32.6,65,7.1,Patna
2017-06-03,33.9,51,9.5,Patna
2017-06-04,34.5,57,12.8,Patna
2017-06-05,30.7,71,22.0,Patna
2017-06-06,28.8,79,16.1,Patna
2017-06-07,27.5,89,8.1,Patna
2017-06-08,28.6,85,5.9,Patna
2017-06-09,30.0,80,6.8,Patna
2017-06-10,30.8,75,11.2,Patna
2017-06-11,31.1,73,7.5,Patna
2017-06-12,31.3,75,6.0,Patna
2017-06-13,32.5,68,9.2,Patna
2017-06-14,32.3,70,9.8,Patna
2017-06-15,31.1,73,14.2,Patna
2017-06-16,30.4,73,12.6,Patna
2017-06-17,30.6,75,6.9,Patna
2017-06-18,32.4,69,6.3,Patna
2017-06-19,32.4,69,8.6,Patna
2017-06-20,30.0,78,10.7,Patna
2017-06-21,28.7,83,6.1,Patna
2017-06-22,30.2,78,5.0,Patna
2017-06-23,30.0,80,8.8,Patna
2017-06-24,30.5,76,11.7,Patna
2017-06-25,31.0,71,17.1,Patna
2017-06-26,31.1,70,17.5,Patna
2017-06-27,31.1,70,18.2,Patna
2017-06-28,31.4,68,19.5,Patna
2017-06-29,30.9,71,15.2,Patna
2017-06-30,29.9,82,9.9,Patna
2017-07-01,29.0,85,8.2,Patna
2017-07-02,27.7,90,8.7,Patna
2017-07-03,28.0,88,5.9,Patna
2017-07-04,27.2,91,9.0,Patna
2017-07-05,27.1,90,6.7,Patna
2017-07-06,28.0,86,9.9,Patna
2017-07-07,28.3,85,7.7,Patna
2017-07-08,29.3,82,8.8,Patna
2017-07-09,28.4,88,11.0,Patna
2017-07-10,27.1,92,13.0,Patna
2017-07-11,26.1,94,10.3,Patna
2017-07-12,26.8,87,17.5,Patna
2017-07-13,27.9,83,15.5,Patna
2017-07-14,29.1,78,14.0,Patna
2017-07-15,29.8,78,12.4,Patna
2017-07-16,30.4,77,9.4,Patna
2017-07-17,31.0,76,9.6,Patna
2017-07-18,30.4,81,10.1,Patna
2017-07-19,29.7,80,18.5,Patna
2017-07-20,28.0,82,23.6,Patna
2017-07-21,27.0,90,16.8,Patna
2017-07-22,27.8,86,13.2,Patna
2017-07-23,27.9,86,10.8,Patna
2017-07-24,27.7,85,10.5,Patna
2017-07-25,26.7,86,18.8,Patna
2017-07-26,27.0,85,30.0,Patna
2017-07-27,28.1,82,17.5,Patna
2017-07-28,29.6,79,9.0,Patna
2017-07-29,29.1,87,5.6,Patna
2017-07-30,27.6,89,6.1,Patna
2017-07-31,28.9,84,5.9,Patna
2017-08-01,29.0,85,7.6,Patna
2017-08-02,28.4,87,9.6,Patna
2017-08-03,28.0,86,12.5,Patna
2017-08-04,28.2,87,7.1,Patna
2017-08-05,28.3,88,6.8,Patna
2017-08-06,29.2,85,8.5,Patna
2017-08-07,29.1,84,14.5,Patna
2017-08-08,29.8,81,11.6,Patna
2017-08-09,28.7,87,7.4,Patna
2017-08-10,27.3,92,7.9,Patna
2017-08-11,27.0,91,17.8,Patna
2017-08-12,27.1,89,14.7,Patna
2017-08-13,27.8,85,8.4,Patna
2017-08-14,27.2,90,6.6,Patna
2017-08-15,27.8,86,11.1,Patna
2017-08-16,28.8,84,6.9,Patna
2017-08-17,28.1,88,5.5,Patna
2017-08-18,29.3,83,13.8,Patna
2017-08-19,29.1,77,19.3,Patna
2017-08-20,29.1,80,14.9,Patna
2017-08-21,29.4,81,10.3,Patna
2017-08-22,29.8,81,8.3,Patna
2017-08-23,29.6,85,6.1,Patna
2017-08-24,28.6,87,7.1,Patna
2017-08-25,29.7,81,9.2,Patna
2017-08-26,29.9,80,9.7,Patna
2017-08-27,28.0,87,14.7,Patna
2017-08-28,28.4,83,21.4,Patna
2017-08-29,28.6,81,18.6,Patna
2017-08-30,29.6,80,9.3,Patna
2017-08-31,29.6,84,5.4,Patna
2017-09-01,27.2,90,8.4,Patna
2017-09-02,28.3,84,9.8,Patna
2017-09-03,28.7,81,11.6,Patna
2017-09-04,29.0,80,10.0,Patna
2017-09-05,29.2,82,7.4,Patna
2017-09-06,29.7,80,4.1,Patna
2017-09-07,29.5,83,4.6,Patna
2017-09-08,29.4,85,5.5,Patna
2017-09-09,30.1,80,9.6,Patna
2017-09-10,29.7,84,6.1,Patna
2017-09-11,29.6,82,6.3,Patna
2017-09-12,29.2,85,5.1,Patna
2017-09-13,28.2,88,6.0,Patna
2017-09-14,29.0,85,6.9,Patna
2017-09-15,29.3,85,7.9,Patna
2017-09-16,30.3,81,6.6,Patna
2017-09-17,30.3,81,6.1,Patna
2017-09-18,27.7,85,12.0,Patna
2017-09-19,28.2,85,8.2,Patna
2017-09-20,26.5,90,18.3,Patna
2017-09-21,27.0,89,19.3,Patna
2017-09-22,28.1,86,13.1,Patna
2017-09-23,29.2,84,6.5,Patna
2017-09-24,29.4,82,5.0,Patna
2017-09-25,28.9,81,8.4,Patna
2017-09-26,28.7,82,6.4,Patna
2017-09-27,29.5,83,5.4,Patna
2017-09-28,28.9,87,4.8,Patna
2017-09-29,28.0,87,6.7,Patna
2017-09-30,28.1,84,8.5,Patna
2017-10-01,27.5,85,10.5,Patna
2017-10-02,27.3,86,8.9,Patna
2017-10-03,27.7,83,7.2,Patna
2017-10-04,28.6,84,7.7,Patna
2017-10-05,29.4,83,6.1,Patna
2017-10-06,29.8,82,4.8,Patna
2017-10-07,29.1,84,4.3,Patna
2017-10-08,28.6,86,6.7,Patna
2017-10-09,28.3,82,8.6,Patna
2017-10-10,26.6,82,12.3,Patna
2017-10-11,25.5,87,16.0,Patna
2017-10-12,27.3,89,6.5,Patna
2017-10-13,28.4,84,5.4,Patna
2017-10-14,28.1,77,7.1,Patna
2017-10-15,27.3,76,7.9,Patna
2017-10-16,27.8,75,4.9,Patna
2017-10-17,27.6,77,6.8,Patna
2017-10-18,28.1,80,5.7,Patna
2017-10-19,27.8,83,11.2,Patna
2017-10-20,27.0,82,15.9,Patna
2017-10-21,26.1,80,8.9,Patna
2017-10-22,26.8,75,6.6,Patna
2017-10-23,25.8,81,5.3,Patna
2017-10-24,26.3,82,4.8,Patna
2017-10-25,26.4,73,6.2,Patna
2017-10-26,25.4,75,6.1,Patna
2017-10-27,25.5,75,4.9,Patna
2017-10-28,25.2,76,6.8,Patna
2017-10-29,24.3,80,6.6,Patna
2017-10-30,23.8,80,7.6,Patna
2017-10-31,23.0,78,9.8,Patna
2017-11-01,23.5,77,6.8,Patna
2017-11-02,24.3,73,4.0,Patna
2017-11-03,24.4,73,5.2,Patna
2017-11-04,25.2,73,6.6,Patna
2017-11-05,25.6,70,4.1,Patna
2017-11-06,24.7,70,6.0,Patna
2017-11-07,25.0,65,6.9,Patna
2017-11-08,24.1,67,6.2,Patna
2017-11-09,23.7,69,5.7,Patna
2017-11-10,23.5,68,5.6,Patna
2017-11-11,23.5,71,5.4,Patna
2017-11-12,23.3,69,6.5,Patna
2017-11-13,23.8,64,5.1,Patna
2017-11-14,23.5,68,5.1,Patna
2017-11-15,22.9,74,7.4,Patna
2017-11-16,24.0,77,7.1,Patna
2017-11-17,23.8,77,5.9,Patna
2017-11-18,24.6,67,5.2,Patna
2017-11-19,24.7,67,8.1,Patna
2017-11-20,24.0,60,13.4,Patna
2017-11-21,21.2,48,14.4,Patna
2017-11-22,18.6,53,9.4,Patna
2017-11-23,18.5,62,8.7,Patna
2017-11-24,18.3,64,9.2,Patna
2017-11-25,18.6,67,7.7,Patna
2017-11-26,19.7,66,8.3,Patna
2017-11-27,19.4,64,8.9,Patna
2017-11-28,18.9,62,8.4,Patna
2017-11-29,19.0,64,6.2,Patna
2017-11-30,19.6,65,5.6,Patna
2017-12-01,19.1,71,6.3,Patna
2017-12-02,19.4,71,6.6,Patna
2017-12-03,19.1,68,8.4,Patna
2017-12-04,18.0,65,8.8,Patna
2017-12-05,18.6,65,6.6,Patna
2017-12-06,18.6,72,7.7,Patna
2017-12-07,20.0,73,5.9,Patna
2017-12-08,20.8,72,6.7,Patna
2017-12-09,21.1,73,6.0,Patna
2017-12-10,20.7,79,5.4,Patna
2017-12-11,21.8,72,7.4,Patna
2017-12-12,20.9,71,7.9,Patna
2017-12-13,21.7,65,9.9,Patna
2017-12-14,21.3,62,12.1,Patna
2017-12-15,19.8,60,11.8,Patna
2017-12-16,18.9,60,10.8,Patna
2017-12-17,16.8,66,10.4,Patna
2017-12-18,15.9,74,7.4,Patna
2017-12-19,16.5,75,5.7,Patna
2017-12-20,18.2,79,4.2,Patna
2017-12-21,19.1,79,5.7,Patna
2017-12-22,19.1,78,8.8,Patna
2017-12-23,17.5,79,9.1,Patna
2017-12-24,17.2,74,6.8,Patna
2017-12-25,16.8,73,8.3,Patna
2017-12-26,16.8,78,9.9,Patna
2017-12-27,16.6,78,8.4,Patna
2017-12-28,16.7,77,6.8,Patna
2017-12-29,17.0,77,4.7,Patna
2017-12-30,16.5,81,4.7,Patna
2017-12-31,15.7,80,7.5,Patna
2018-01-01,15.1,83,8.0,Patna
2018-01-02,14.7,77,9.5,Patna
2018-01-03,14.4,71,12.2,Patna
2018-01-04,13.8,75,7.9,Patna
2018-01-05,13.0,81,6.7,Patna
2018-01-06,12.8,74,10.1,Patna
2018-01-07,13.1,73,10.4,Patna
2018-01-08,13.1,74,8.0,Patna
2018-01-09,12.9,78,9.3,Patna
2018-01-10,13.0,77,10.1,Patna
2018-01-11,13.0,82,8.5,Patna
2018-01-12,12.9,86,5.9,Patna
2018-01-13,13.2,84,8.4,Patna
2018-01-14,13.8,81,7.7,Patna
2018-01-15,14.2,79,9.9,Patna
2018-01-16,14.0,79,7.4,Patna
2018-01-17,14.4,79,7.6,Patna
2018-01-18,14.1,80,9.0,Patna
2018-01-19,15.0,79,6.9,Patna
2018-01-20,15.3,81,9.1,Patna
2018-01-21,15.0,78,7.3,Patna
2018-01-22,15.2,78,8.7,Patna
2018-01-23,16.0,78,6.1,Patna
2018-01-24,16.8,77,8.3,Patna
2018-01-25,16.2,75,10.5,Patna
2018-01-26,14.9,78,9.4,Patna
2018-01-27,14.8,78,10.9,Patna
2018-01-28,14.7,77,9.2,Patna
2018-01-29,15.2,75,8.7,Patna
2018-01-30,15.5,75,10.3,Patna
2018-01-31,16.2,75,7.0,Patna
2018-02-01,17.0,81,6.5,Patna
2018-02-02,18.3,76,5.5,Patna
2018-02-03,18.9,78,6.2,Patna
2018-02-04,19.3,75,9.5,Patna
2018-02-05,17.5,73,8.1,Patna
2018-02-06,18.3,66,11.4,Patna
2018-02-07,19.9,53,14.0,Patna
2018-02-08,19.2,54,13.5,Patna
2018-02-09,19.5,54,11.7,Patna
2018-02-10,18.0,51,11.5,Patna
2018-02-11,18.2,61,6.3,Patna
2018-02-12,17.7,78,6.5,Patna
2018-02-13,19.3,79,6.6,Patna
2018-02-14,19.9,70,15.3,Patna
2018-02-15,17.9,66,11.8,Patna
2018-02-16,18.3,70,8.2,Patna
2018-02-17,19.3,71,10.0,Patna
2018-02-18,20.1,71,8.4,Patna
2018-02-19,21.0,68,7.7,Patna
2018-02-20,20.8,70,5.9,Patna
2018-02-21,21.1,63,6.7,Patna
2018-02-22,21.7,67,6.2,Patna
2018-02-23,22.7,69,7.2,Patna
2018-02-24,23.8,69,8.7,Patna
2018-02-25,23.6,69,10.2,Patna
2018-02-26,22.5,71,9.8,Patna
2018-02-27,21.8,63,6.7,Patna
2018-02-28,22.1,72,5.4,Patna
2018-03-01,23.6,66,9.5,Patna
2018-03-02,24.5,56,11.5,Patna
2018-03-03,25.0,49,15.1,Patna
2018-03-04,25.2,52,8.3,Patna
2018-03-05,25.2,53,12.1,Patna
2018-03-06,23.5,49,13.7,Patna
2018-03-07,22.3,48,10.6,Patna
2018-03-08,23.0,51,5.9,Patna
2018-03-09,24.0,50,9.7,Patna
2018-03-10,24.2,44,12.1,Patna
2018-03-11,23.9,49,9.1,Patna
2018-03-12,24.7,54,7.4,Patna
2018-03-13,24.3,58,9.0,Patna
2018-03-14,25.2,64,6.8,Patna
2018-03-15,25.6,64,7.5,Patna
2018-03-16,25.6,55,10.4,Patna
2018-03-17,25.0,41,12.2,Patna
2018-03-18,24.1,39,12.2,Patna
2018-03-19,23.8,40,8.5,Patna
2018-03-20,25.3,44,9.2,Patna
2018-03-21,26.3,47,7.1,Patna
2018-03-22,27.1,54,7.6,Patna
2018-03-23,27.3,47,7.9,Patna
2018-03-24,27.3,40,10.1,Patna
2018-03-25,27.2,38,8.6,Patna
2018-03-26,27.3,34,10.7,Patna
2018-03-27,27.5,42,6.8,Patna
2018-03-28,27.9,51,9.3,Patna
2018-03-29,28.6,57,10.5,Patna
2018-03-30,26.6,65,17.2,Patna
2018-03-31,25.3,62,18.9,Patna
2018-04-01,26.3,60,15.6,Patna
2018-04-02,26.9,57,9.9,Patna
2018-04-03,27.6,55,8.9,Patna
2018-04-04,28.9,49,9.2,Patna
2018-04-05,28.0,56,13.7,Patna
2018-04-06,28.1,62,16.9,Patna
2018-04-07,26.8,68,17.9,Patna
2018-04-08,26.9,69,10.8,Patna
2018-04-09,27.9,62,12.7,Patna
2018-04-10,27.6,66,7.6,Patna
2018-04-11,27.7,62,10.3,Patna
2018-04-12,28.5,53,7.3,Patna
2018-04-13,29.3,42,8.6,Patna
2018-04-14,29.6,36,11.3,Patna
2018-04-15,29.9,37,10.3,Patna
2018-04-16,30.6,51,11.6,Patna
2018-04-17,31.0,52,14.1,Patna
2018-04-18,30.6,54,12.8,Patna
2018-04-19,30.7,51,13.5,Patna
2018-04-20,30.1,57,13.7,Patna
2018-04-21,30.7,55,10.6,Patna
2018-04-22,31.3,28,11.6,Patna
2018-04-23,29.5,24,9.3,Patna
2018-04-24,29.9,28,7.4,Patna
2018-04-25,30.2,47,11.8,Patna
2018-04-26,27.7,65,20.9,Patna
2018-04-27,29.1,58,21.6,Patna
2018-04-28,29.1,60,18.4,Patna
2018-04-29,28.4,62,21.9,Patna
2018-04-30,27.8,65,20.4,Patna
2018-05-01,27.2,66,20.3,Patna
2018-05-02,27.2,67,22.1,Patna
2018-05-03,25.6,77,15.4,Patna
2018-05-04,28.0,67,14.9,Patna
2018-05-05,28.8,66,12.6,Patna
2018-05-06,30.2,69,11.0,Patna
2018-05-07,30.5,70,9.0,Patna
2018-05-08,31.3,65,10.5,Patna
2018-05-09,30.7,56,10.0,Patna
2018-05-10,30.7,49,10.2,Patna
2018-05-11,29.4,62,14.2,Patna
2018-05-12,30.0,59,17.8,Patna
2018-05-13,29.5,63,19.6,Patna
2018-05-14,28.3,67,16.1,Patna
2018-05-15,28.8,66,14.5,Patna
2018-05-16,29.2,65,16.4,Patna
2018-05-17,29.0,65,16.2,Patna
2018-05-18,30.4,63,13.8,Patna
2018-05-19,31.6,61,15.0,Patna
2018-05-20,32.5,58,13.2,Patna
2018-05-21,32.4,61,14.5,Patna
2018-05-22,32.2,63,17.6,Patna
2018-05-23,31.4,66,17.7,Patna
2018-05-24,32.0,63,16.4,Patna
2018-05-25,32.3,64,13.7,Patna
2018-05-26,33.9,58,13.3,Patna
2018-05-27,33.3,62,16.9,Patna
2018-05-28,31.4,67,20.5,Patna
2018-05-29,29.7,66,21.8,Patna
2018-05-30,30.5,64,16.9,Patna
2018-05-31,31.1,67,17.7,Patna
2018-06-01,29.2,74,18.3,Patna
2018-06-02,29.5,72,13.7,Patna
2018-06-03,29.8,71,13.6,Patna
2018-06-04,30.7,70,18.3,Patna
2018-06-05,31.9,66,16.5,Patna
2018-06-06,33.8,58,12.7,Patna
2018-06-07,33.3,61,12.6,Patna
2018-06-08,30.9,72,16.2,Patna
2018-06-09,32.0,67,11.2,Patna
2018-06-10,33.7,60,6.9,Patna
2018-06-11,32.8,66,9.5,Patna
2018-06-12,32.7,70,11.1,Patna
2018-06-13,34.2,57,13.2,Patna
2018-06-14,34.2,55,11.1,Patna
2018-06-15,35.0,52,14.5,Patna
2018-06-16,34.7,55,14.0,Patna
2018-06-17,34.3,56,13.4,Patna
2018-06-18,35.2,54,12.2,Patna
2018-06-19,34.9,54,10.2,Patna
2018-06-20,35.1,55,11.4,Patna
2018-06-21,35.1,56,12.0,Patna
2018-06-22,35.2,56,13.2,Patna
2018-06-23,33.6,62,11.5,Patna
2018-06-24,32.6,70,10.5,Patna
2018-06-25,33.3,65,8.7,Patna
2018-06-26,30.2,76,9.0,Patna
2018-06-27,29.6,78,19.1,Patna
2018-06-28,30.1,71,23.7,Patna
2018-06-29,29.5,79,11.5,Patna
2018-06-30,30.4,80,5.3,Patna
2018-07-01,29.9,82,5.6,Patna
2018-07-02,29.3,82,9.2,Patna
2018-07-03,29.2,83,11.2,Patna
2018-07-04,29.8,78,14.1,Patna
2018-07-05,30.4,79,9.5,Patna
2018-07-06,30.3,80,4.7,Patna
2018-07-07,31.2,78,10.7,Patna
2018-07-08,31.5,71,14.9,Patna
2018-07-09,31.0,72,18.1,Patna
2018-07-10,30.4,77,15.7,Patna
2018-07-11,30.8,77,15.6,Patna
2018-07-12,31.3,73,16.7,Patna
2018-07-13,30.3,77,16.7,Patna
2018-07-14,31.3,71,16.3,Patna
2018-07-15,31.5,69,16.8,Patna
2018-07-16,31.4,68,21.4,Patna
2018-07-17,31.0,70,24.7,Patna
2018-07-18,31.3,69,19.7,Patna
2018-07-19,32.5,68,13.5,Patna
2018-07-20,32.5,71,7.1,Patna
2018-07-21,31.0,75,16.9,Patna
2018-07-22,29.9,75,24.8,Patna
2018-07-23,28.3,84,26.3,Patna
2018-07-24,28.3,88,11.1,Patna
2018-07-25,28.3,85,11.8,Patna
2018-07-26,27.6,89,9.0,Patna
2018-07-27,27.5,90,7.5,Patna
2018-07-28,26.8,93,6.6,Patna
2018-07-29,27.0,91,10.9,Patna
2018-07-30,27.4,89,7.0,Patna
2018-07-31,27.5,88,8.5,Patna
2018-08-01,26.9,91,7.3,Patna
2018-08-02,27.6,87,11.0,Patna
2018-08-03,27.5,85,10.7,Patna
2018-08-04,28.6,83,6.0,Patna
2018-08-05,27.6,89,5.9,Patna
2018-08-06,27.7,89,7.1,Patna
2018-08-07,29.0,82,13.8,Patna
2018-08-08,29.7,74,20.3,Patna
2018-08-09,29.8,75,13.9,Patna
2018-08-10,29.9,82,8.7,Patna
2018-08-11,29.3,86,5.7,Patna
2018-08-12,28.0,90,7.2,Patna
2018-08-13,28.4,88,7.3,Patna
2018-08-14,28.9,87,6.5,Patna
2018-08-15,29.7,82,16.2,Patna
2018-08-16,30.3,76,20.2,Patna
2018-08-17,30.4,74,14.1,Patna
2018-08-18,31.2,77,7.6,Patna
2018-08-19,31.6,78,7.2,Patna
2018-08-20,29.7,81,16.9,Patna
2018-08-21,29.3,82,16.5,Patna
2018-08-22,29.0,86,9.2,Patna
2018-08-23,28.7,89,5.5,Patna
2018-08-24,28.3,89,7.9,Patna
2018-08-25,27.7,90,9.1,Patna
2018-08-26,28.4,89,8.7,Patna
2018-08-27,29.4,82,13.5,Patna
2018-08-28,29.2,82,16.7,Patna
2018-08-29,29.1,84,13.2,Patna
2018-08-30,28.3,90,7.5,Patna
2018-08-31,28.1,89,8.3,Patna
2018-09-01,28.9,86,10.1,Patna
2018-09-02,28.0,87,10.0,Patna
2018-09-03,27.0,90,9.7,Patna
2018-09-04,27.9,86,6.4,Patna
2018-09-05,28.4,87,4.9,Patna
2018-09-06,28.8,83,12.3,Patna
2018-09-07,28.4,78,26.7,Patna
2018-09-08,28.8,84,11.0,Patna
2018-09-09,29.0,86,3.5,Patna
2018-09-10,28.0,88,8.3,Patna
2018-09-11,28.9,82,11.0,Patna
2018-09-12,28.0,86,11.5,Patna
2018-09-13,27.9,87,9.5,Patna
2018-09-14,28.3,87,7.0,Patna
2018-09-15,28.9,82,7.3,Patna
2018-09-16,28.8,83,5.4,Patna
2018-09-17,28.9,79,7.3,Patna
2018-09-18,29.1,77,7.8,Patna
2018-09-19,29.7,76,5.1,Patna
2018-09-20,28.2,86,14.6,Patna
2018-09-21,27.5,83,24.9,Patna
2018-09-22,27.8,82,17.3,Patna
2018-09-23,28.9,81,5.8,Patna
2018-09-24,29.2,82,8.4,Patna
2018-09-25,29.2,79,10.7,Patna
2018-09-26,28.5,79,9.9,Patna
2018-09-27,28.7,81,5.5,Patna
2018-09-28,28.9,80,7.5,Patna
2018-09-29,28.7,75,9.0,Patna
2018-09-30,28.5,67,10.5,Patna
2018-10-01,28.0,66,8.4,Patna
2018-10-02,28.0,70,8.7,Patna
2018-10-03,28.2,73,6.2,Patna
2018-10-04,28.4,79,5.4,Patna
2018-10-05,28.3,80,6.4,Patna
2018-10-06,27.7,81,5.3,Patna
2018-10-07,27.5,76,4.9,Patna
2018-10-08,27.0,72,6.8,Patna
2018-10-09,27.1,72,6.5,Patna
2018-10-10,26.9,73,10.6,Patna
2018-10-11,25.8,78,15.9,Patna
2018-10-12,24.5,86,15.4,Patna
2018-10-13,25.3,81,6.7,Patna
2018-10-14,26.1,74,10.3,Patna
2018-10-15,25.1,67,8.4,Patna
2018-10-16,25.4,69,7.0,Patna
2018-10-17,26.1,73,4.2,Patna
2018-10-18,26.8,73,6.4,Patna
2018-10-19,27.0,73,6.4,Patna
2018-10-20,26.5,77,6.5,Patna
2018-10-21,26.5,69,7.3,Patna
2018-10-22,26.2,66,6.9,Patna
2018-10-23,25.4,66,7.2,Patna
2018-10-24,24.5,56,7.7,Patna
2018-10-25,23.8,58,7.8,Patna
2018-10-26,24.8,56,5.0,Patna
2018-10-27,24.8,64,6.1,Patna
2018-10-28,24.5,73,6.7,Patna
2018-10-29,24.6,77,7.1,Patna
2018-10-30,25.5,74,7.8,Patna
2018-10-31,26.4,70,6.9,Patna
2018-11-01,27.0,68,5.0,Patna
2018-11-02,26.1,70,4.5,Patna
2018-11-03,26.3,65,5.2,Patna
2018-11-04,26.5,61,5.7,Patna
2018-11-05,25.9,65,9.6,Patna
2018-11-06,23.7,61,8.8,Patna
2018-11-07,22.4,64,4.8,Patna
2018-11-08,22.6,63,3.8,Patna
2018-11-09,22.2,63,4.3,Patna
2018-11-10,22.1,65,6.7,Patna
2018-11-11,22.4,68,6.1,Patna
2018-11-12,22.4,69,7.1,Patna
2018-11-13,22.5,69,7.1,Patna
2018-11-14,22.9,70,5.9,Patna
2018-11-15,23.6,69,8.8,Patna
2018-11-16,23.4,67,10.5,Patna
2018-11-17,21.0,58,11.1,Patna
2018-11-18,21.2,63,5.9,Patna
2018-11-19,21.6,67,5.5,Patna
2018-11-20,20.9,68,7.4,Patna
2018-11-21,21.9,67,7.3,Patna
2018-11-22,21.5,62,7.1,Patna
2018-11-23,21.1,64,8.8,Patna
2018-11-24,20.4,64,7.9,Patna
2018-11-25,20.4,68,5.5,Patna
2018-11-26,21.4,64,3.2,Patna
2018-11-27,20.7,74,8.0,Patna
2018-11-28,21.1,69,6.7,Patna
2018-11-29,22.0,67,4.3,Patna
2018-11-30,21.7,68,4.6,Patna
2018-12-01,20.9,69,6.4,Patna
2018-12-02,20.3,63,6.4,Patna
2018-12-03,19.4,64,7.2,Patna
2018-12-04,19.3,65,5.6,Patna
2018-12-05,18.4,72,7.9,Patna
2018-12-06,18.2,70,8.9,Patna
2018-12-07,17.6,68,9.5,Patna
2018-12-08,17.0,68,7.5,Patna
2018-12-09,17.9,62,6.7,Patna
2018-12-10,18.2,65,5.0,Patna
2018-12-11,19.6,66,5.2,Patna
2018-12-12,19.8,66,4.5,Patna
2018-12-13,19.7,71,4.7,Patna
2018-12-14,19.1,67,8.0,Patna
2018-12-15,18.1,61,10.8,Patna
2018-12-16,17.4,64,8.1,Patna
2018-12-17,17.4,69,5.9,Patna
2018-12-18,16.2,84,6.4,Patna
2018-12-19,16.5,74,10.3,Patna
2018-12-20,16.0,69,7.8,Patna
2018-12-21,15.8,69,8.6,Patna
2018-12-22,15.3,65,7.9,Patna
2018-12-23,15.5,67,8.7,Patna
2018-12-24,15.5,63,8.6,Patna
2018-12-25,14.8,62,10.2,Patna
2018-12-26,14.4,63,8.4,Patna
2018-12-27,14.7,58,10.3,Patna
2018-12-28,14.3,55,10.4,Patna
2018-12-29,13.6,64,9.1,Patna
2018-12-30,13.6,66,8.8,Patna
2018-12-31,14.0,65,8.9,Patna
2019-01-01,14.5,67,6.5,Patna
2019-01-02,15.0,71,6.4,Patna
2019-01-03,15.0,71,9.6,Patna
2019-01-04,15.4,72,7.7,Patna
2019-01-05,16.3,70,6.9,Patna
2019-01-06,16.1,71,8.9,Patna
2019-01-07,17.3,65,8.9,Patna
2019-01-08,17.1,70,12.2,Patna
2019-01-09,15.8,66,10.5,Patna
2019-01-10,14.9,67,7.5,Patna
2019-01-11,15.3,65,4.9,Patna
2019-01-12,15.9,60,5.2,Patna
2019-01-13,15.8,67,6.0,Patna
2019-01-14,16.3,69,10.6,Patna
2019-01-15,14.5,59,10.4,Patna
2019-01-16,14.3,69,7.8,Patna
2019-01-17,15.0,69,8.0,Patna
2019-01-18,15.3,69,9.0,Patna
2019-01-19,15.8,71,8.2,Patna
2019-01-20,16.2,69,7.8,Patna
2019-01-21,16.8,71,5.2,Patna
2019-01-22,18.4,68,11.0,Patna
2019-01-23,18.0,70,12.1,Patna
2019-01-24,18.0,78,4.4,Patna
2019-01-25,17.7,86,7.6,Patna
2019-01-26,16.7,86,5.2,Patna
2019-01-27,18.1,76,9.8,Patna
2019-01-28,16.9,65,12.2,Patna
2019-01-29,15.0,64,13.5,Patna
2019-01-30,15.0,63,10.3,Patna
2019-01-31,16.9,68,4.0,Patna
2019-02-01,17.8,67,5.5,Patna
2019-02-02,17.3,70,8.8,Patna
2019-02-03,18.4,67,8.8,Patna
2019-02-04,16.9,67,9.8,Patna
2019-02-05,16.9,70,8.4,Patna
2019-02-06,18.7,69,8.0,Patna
2019-02-07,21.0,66,10.6,Patna
2019-02-08,19.7,74,13.6,Patna
2019-02-09,17.4,74,11.1,Patna
2019-02-10,16.2,66,9.7,Patna
2019-02-11,17.1,71,7.0,Patna
2019-02-12,17.7,68,8.0,Patna
2019-02-13,18.3,71,7.2,Patna
2019-02-14,19.3,74,7.0,Patna
2019-02-15,19.5,78,9.0,Patna
2019-02-16,19.7,79,6.2,Patna
2019-02-17,18.8,69,16.2,Patna
2019-02-18,18.7,66,10.1,Patna
2019-02-19,20.5,67,6.1,Patna
2019-02-20,21.5,64,7.7,Patna
2019-02-21,21.7,70,7.6,Patna
2019-02-22,24.3,66,7.3,Patna
2019-02-23,23.4,57,16.6,Patna
2019-02-24,20.1,58,10.0,Patna
2019-02-25,21.2,63,6.1,Patna
2019-02-26,21.3,60,7.6,Patna
2019-02-27,19.7,80,12.9,Patna
2019-02-28,18.6,69,12.0,Patna
2019-03-01,17.4,52,11.7,Patna
2019-03-02,18.2,60,6.3,Patna
2019-03-03,18.7,68,7.1,Patna
2019-03-04,20.8,68,6.8,Patna
2019-03-05,21.9,62,7.4,Patna
2019-03-06,21.0,52,11.9,Patna
2019-03-07,20.2,49,10.2,Patna
2019-03-08,20.7,49,12.6,Patna
2019-03-09,22.6,47,9.9,Patna
2019-03-10,24.0,48,7.9,Patna
2019-03-11,23.8,51,8.2,Patna
2019-03-12,25.2,46,9.0,Patna
2019-03-13,25.7,46,10.1,Patna
2019-03-14,26.1,45,8.7,Patna
2019-03-15,25.6,58,9.4,Patna
2019-03-16,25.3,50,12.1,Patna
2019-03-17,24.1,38,10.8,Patna
2019-03-18,22.7,63,7.1,Patna
2019-03-19,23.6,53,10.6,Patna
2019-03-20,24.4,45,9.7,Patna
2019-03-21,26.4,45,7.5,Patna
2019-03-22,27.2,48,10.0,Patna
2019-03-23,25.4,33,14.5,Patna
2019-03-24,25.8,40,9.9,Patna
2019-03-25,26.6,47,8.5,Patna
2019-03-26,24.4,60,10.6,Patna
2019-03-27,24.5,65,6.7,Patna
2019-03-28,26.6,54,5.9,Patna
2019-03-29,27.4,52,6.2,Patna
2019-03-30,28.5,56,9.1,Patna
2019-03-31,28.0,64,10.5,Patna
2019-04-01,27.0,65,14.0,Patna
2019-04-02,25.7,63,10.2,Patna
2019-04-03,27.9,52,11.6,Patna
2019-04-04,28.1,56,13.4,Patna
2019-04-05,28.0,62,15.3,Patna
2019-04-06,26.3,70,16.7,Patna
2019-04-07,25.9,68,15.5,Patna
2019-04-08,26.2,70,15.1,Patna
2019-04-09,25.3,71,15.1,Patna
2019-04-10,26.8,64,14.4,Patna
2019-04-11,28.2,62,9.7,Patna
2019-04-12,29.9,59,10.1,Patna
2019-04-13,30.9,55,10.2,Patna
2019-04-14,31.6,55,11.6,Patna
2019-04-15,31.5,58,12.2,Patna
2019-04-16,29.9,63,11.4,Patna
2019-04-17,26.3,65,13.7,Patna
2019-04-18,27.9,56,11.1,Patna
2019-04-19,28.8,44,10.6,Patna
2019-04-20,29.2,41,10.0,Patna
2019-04-21,30.3,40,10.0,Patna
2019-04-22,29.8,51,13.4,Patna
2019-04-23,29.5,57,16.9,Patna
2019-04-24,31.1,52,13.0,Patna
2019-04-25,32.4,53,9.6,Patna
2019-04-26,33.3,53,12.0,Patna
2019-04-27,33.0,55,10.0,Patna
2019-04-28,32.4,46,11.2,Patna
2019-04-29,32.0,55,11.8,Patna
2019-04-30,32.7,59,11.6,Patna
2019-05-01,32.3,62,13.9,Patna
2019-05-02,32.1,59,16.7,Patna
2019-05-03,29.1,71,18.8,Patna
2019-05-04,29.2,63,7.9,Patna
2019-05-05,31.8,39,14.1,Patna
2019-05-06,32.2,21,15.8,Patna
2019-05-07,32.5,23,13.1,Patna
2019-05-08,32.3,35,8.7,Patna
2019-05-09,33.1,35,11.8,Patna
2019-05-10,33.7,29,10.1,Patna
2019-05-11,33.7,38,11.1,Patna
2019-05-12,33.9,36,10.4,Patna
2019-05-13,32.2,52,9.0,Patna
2019-05-14,32.5,49,9.1,Patna
2019-05-15,32.1,53,11.9,Patna
2019-05-16,32.2,53,10.1,Patna
2019-05-17,33.7,45,11.5,Patna
2019-05-18,34.1,30,11.9,Patna
2019-05-19,33.1,35,10.0,Patna
2019-05-20,34.1,38,9.8,Patna
2019-05-21,34.2,47,10.2,Patna
2019-05-22,33.5,56,12.3,Patna
2019-05-23,32.6,58,13.5,Patna
2019-05-24,32.4,58,12.7,Patna
2019-05-25,33.0,57,12.8,Patna
2019-05-26,32.8,49,10.4,Patna
2019-05-27,33.6,41,8.9,Patna
2019-05-28,33.4,55,12.0,Patna
2019-05-29,33.3,55,13.4,Patna
2019-05-30,33.6,55,17.2,Patna
2019-05-31,31.0,62,22.7,Patna
2019-06-01,31.9,60,19.7,Patna
2019-06-02,31.6,61,20.5,Patna
2019-06-03,30.7,58,16.3,Patna
2019-06-04,32.7,54,16.6,Patna
2019-06-05,32.6,58,17.2,Patna
2019-06-06,32.7,58,16.3,Patna
2019-06-07,33.4,56,12.9,Patna
2019-06-08,34.2,53,12.6,Patna
2019-06-09,35.7,48,13.0,Patna
2019-06-10,35.1,54,17.1,Patna
2019-06-11,33.0,60,21.4,Patna
2019-06-12,34.2,58,15.6,Patna
2019-06-13,34.9,56,9.5,Patna
2019-06-14,36.4,46,10.7,Patna
2019-06-15,37.0,42,12.2,Patna
2019-06-16,36.2,49,11.9,Patna
2019-06-17,36.1,41,14.0,Patna
2019-06-18,36.1,42,13.2,Patna
2019-06-19,34.8,52,10.9,Patna
2019-06-20,33.4,62,7.2,Patna
2019-06-21,31.6,73,10.9,Patna
2019-06-22,29.2,83,17.6,Patna
2019-06-23,31.5,69,16.7,Patna
2019-06-24,32.4,69,7.7,Patna
2019-06-25,33.8,63,8.1,Patna
2019-06-26,33.4,66,9.4,Patna
2019-06-27,31.8,73,8.3,Patna
2019-06-28,34.1,60,10.1,Patna
2019-06-29,33.8,59,6.6,Patna
2019-06-30,32.8,66,12.1,Patna
2019-07-01,32.0,74,10.1,Patna
2019-07-02,31.2,71,20.8,Patna
2019-07-03,31.0,71,21.3,Patna
2019-07-04,31.1,75,14.8,Patna
2019-07-05,31.3,74,17.0,Patna
2019-07-06,30.7,75,17.1,Patna
2019-07-07,27.8,89,14.4,Patna
2019-07-08,27.5,91,13.2,Patna
2019-07-09,27.5,91,11.1,Patna
2019-07-10,27.4,90,14.0,Patna
2019-07-11,27.0,92,21.2,Patna
2019-07-12,28.5,86,11.5,Patna
2019-07-13,29.5,79,15.1,Patna
2019-07-14,29.7,80,12.9,Patna
2019-07-15,31.2,72,11.1,Patna
2019-07-16,30.3,79,6.4,Patna
2019-07-17,30.9,78,4.5,Patna
2019-07-18,31.5,79,4.7,Patna
2019-07-19,30.6,82,8.6,Patna
2019-07-20,31.1,79,10.6,Patna
2019-07-21,31.9,75,7.8,Patna
2019-07-22,31.3,81,5.7,Patna
2019-07-23,29.5,84,5.5,Patna
2019-07-24,28.4,91,7.4,Patna
2019-07-25,27.7,91,5.9,Patna
2019-07-26,28.1,89,11.5,Patna
2019-07-27,28.0,86,17.4,Patna
2019-07-28,29.2,78,23.3,Patna
2019-07-29,29.4,75,26.0,Patna
2019-07-30,28.7,80,20.3,Patna
2019-07-31,29.9,74,14.1,Patna
2019-08-01,29.6,80,16.4,Patna
2019-08-02,29.6,82,14.9,Patna
2019-08-03,30.5,78,13.6,Patna
2019-08-04,30.8,80,8.2,Patna
2019-08-05,30.4,83,7.8,Patna
2019-08-06,30.8,82,9.0,Patna
2019-08-07,29.7,80,21.0,Patna
2019-08-08,27.9,82,30.4,Patna
2019-08-09,27.9,87,18.0,Patna
2019-08-10,30.1,83,5.8,Patna
2019-08-11,29.1,89,4.9,Patna
2019-08-12,30.1,85,7.8,Patna
2019-08-13,28.9,84,15.3,Patna
2019-08-14,28.2,85,23.7,Patna
2019-08-15,28.6,86,11.7,Patna
2019-08-16,29.5,85,4.1,Patna
2019-08-17,29.5,86,4.9,Patna
2019-08-18,28.3,89,5.3,Patna
2019-08-19,28.6,84,11.1,Patna
2019-08-20,28.7,86,11.0,Patna
2019-08-21,29.5,86,11.1,Patna
2019-08-22,30.3,83,7.1,Patna
2019-08-23,29.0,87,6.6,Patna
2019-08-24,27.7,89,13.2,Patna
2019-08-25,28.1,85,15.6,Patna
2019-08-26,29.8,78,13.0,Patna
2019-08-27,30.0,77,13.2,Patna
2019-08-28,30.6,76,10.6,Patna
2019-08-29,30.0,82,11.2,Patna
2019-08-30,30.6,80,8.0,Patna
2019-08-31,30.0,82,11.6,Patna
2019-09-01,30.7,80,9.2,Patna
2019-09-02,31.1,80,5.8,Patna
2019-09-03,29.1,87,11.3,Patna
2019-09-04,29.7,79,16.7,Patna
2019-09-05,29.5,79,15.9,Patna
2019-09-06,30.0,78,15.5,Patna
2019-09-07,29.9,77,17.7,Patna
2019-09-08,28.9,84,18.3,Patna
2019-09-09,29.0,85,14.7,Patna
2019-09-10,29.5,86,10.5,Patna
2019-09-11,28.9,88,13.2,Patna
2019-09-12,28.1,88,18.0,Patna
2019-09-13,27.5,90,16.5,Patna
2019-09-14,28.3,89,11.2,Patna
2019-09-15,28.8,90,6.5,Patna
2019-09-16,29.0,89,8.2,Patna
2019-09-17,27.6,91,14.5,Patna
2019-09-18,26.9,89,15.2,Patna
2019-09-19,27.6,88,8.3,Patna
2019-09-20,28.6,87,5.4,Patna
2019-09-21,28.3,89,4.7,Patna
2019-09-22,27.6,87,9.2,Patna
2019-09-23,27.6,88,11.3,Patna
2019-09-24,27.2,86,15.4,Patna
2019-09-25,25.8,90,20.8,Patna
2019-09-26,24.9,95,14.1,Patna
2019-09-27,25.0,95,11.3,Patna
2019-09-28,24.1,94,14.0,Patna
2019-09-29,23.9,96,12.3,Patna
2019-09-30,24.4,91,10.6,Patna
2019-10-01,25.9,86,4.7,Patna
2019-10-02,27.1,85,6.1,Patna
2019-10-03,26.7,90,7.5,Patna
2019-10-04,26.2,90,5.0,Patna
2019-10-05,26.6,90,3.6,Patna
2019-10-06,26.9,88,4.3,Patna
2019-10-07,27.7,82,4.1,Patna
2019-10-08,26.8,87,9.1,Patna
2019-10-09,25.8,88,8.9,Patna
2019-10-10,26.7,86,5.0,Patna
2019-10-11,26.8,87,4.9,Patna
2019-10-12,26.5,78,7.5,Patna
2019-10-13,26.5,77,6.7,Patna
2019-10-14,26.9,75,3.6,Patna
2019-10-15,26.7,77,4.2,Patna
2019-10-16,26.8,78,4.3,Patna
2019-10-17,27.1,76,4.8,Patna
2019-10-18,27.6,76,4.4,Patna
2019-10-19,27.1,80,5.0,Patna
2019-10-20,25.7,84,4.1,Patna
2019-10-21,25.8,84,10.2,Patna
2019-10-22,25.7,74,9.2,Patna
2019-10-23,23.9,83,4.6,Patna
2019-10-24,24.0,78,8.6,Patna
2019-10-25,22.3,75,11.2,Patna
2019-10-26,23.1,79,7.0,Patna
2019-10-27,24.4,75,5.3,Patna
2019-10-28,24.2,76,4.8,Patna
2019-10-29,25.1,76,5.8,Patna
2019-10-30,24.9,78,6.9,Patna
2019-10-31,25.4,78,5.3,Patna
2019-11-01,25.0,79,5.8,Patna
2019-11-02,25.5,80,5.3,Patna
2019-11-03,26.1,79,6.2,Patna
2019-11-04,25.7,75,8.4,Patna
2019-11-05,24.8,70,10.0,Patna
2019-11-06,23.4,69,7.0,Patna
2019-11-07,23.6,72,5.0,Patna
2019-11-08,24.2,75,5.7,Patna
2019-11-09,25.0,77,6.5,Patna
2019-11-10,25.0,78,4.8,Patna
2019-11-11,24.6,67,10.1,Patna
2019-11-12,22.6,68,8.5,Patna
2019-11-13,22.3,68,7.4,Patna
2019-11-14,22.7,72,5.3,Patna
2019-11-15,22.7,73,7.3,Patna
2019-11-16,22.7,68,7.3,Patna
2019-11-17,22.7,71,8.8,Patna
2019-11-18,22.4,67,10.5,Patna
2019-11-19,21.3,64,9.0,Patna
2019-11-20,21.7,67,4.5,Patna
2019-11-21,21.9,67,5.2,Patna
2019-11-22,21.7,71,5.6,Patna
2019-11-23,21.9,72,7.4,Patna
2019-11-24,21.1,71,7.8,Patna
2019-11-25,21.4,80,3.8,Patna
2019-11-26,22.4,79,3.0,Patna
2019-11-27,23.0,78,5.6,Patna
2019-11-28,23.1,78,4.5,Patna
2019-11-29,22.7,78,4.6,Patna
2019-11-30,21.5,73,8.6,Patna
2019-12-01,21.0,74,9.5,Patna
2019-12-02,20.4,72,7.3,Patna
2019-12-03,19.3,70,8.4,Patna
2019-12-04,18.9,71,5.8,Patna
2019-12-05,18.5,70,7.2,Patna
2019-12-06,19.5,72,6.4,Patna
2019-12-07,19.5,73,6.1,Patna
2019-12-08,20.1,67,5.6,Patna
2019-12-09,20.0,69,5.9,Patna
2019-12-10,19.1,70,6.8,Patna
2019-12-11,19.7,68,4.6,Patna
2019-12-12,19.4,76,11.0,Patna
2019-12-13,18.3,87,14.5,Patna
2019-12-14,18.4,86,10.1,Patna
2019-12-15,17.8,88,4.2,Patna
2019-12-16,18.5,83,7.5,Patna
2019-12-17,16.4,81,10.4,Patna
2019-12-18,13.4,83,8.5,Patna
2019-12-19,13.0,81,8.8,Patna
2019-12-20,13.6,82,8.7,Patna
2019-12-21,14.3,85,6.6,Patna
2019-12-22,15.2,86,5.4,Patna
2019-12-23,14.6,91,5.8,Patna
2019-12-24,15.1,86,5.5,Patna
2019-12-25,14.5,84,7.1,Patna
2019-12-26,12.9,86,6.7,Patna
2019-12-27,10.9,83,9.7,Patna
2019-12-28,10.9,85,8.1,Patna
2019-12-29,10.4,86,8.6,Patna
2019-12-30,10.1,87,6.6,Patna
2019-12-31,11.9,85,5.7,Patna
2020-01-01,15.1,84,4.7,Patna
2020-01-02,16.6,86,6.5,Patna
2020-01-03,16.2,89,6.7,Patna
2020-01-04,15.7,90,6.5,Patna
2020-01-05,15.3,83,11.0,Patna
2020-01-06,15.1,82,9.1,Patna
2020-01-07,14.8,87,6.8,Patna
2020-01-08,15.5,86,9.2,Patna
2020-01-09,16.7,86,11.1,Patna
2020-01-10,14.3,88,11.7,Patna
2020-01-11,13.2,81,9.7,Patna
2020-01-12,12.8,85,8.8,Patna
2020-01-13,13.6,86,6.9,Patna
2020-01-14,14.2,88,4.1,Patna
2020-01-15,14.9,86,3.0,Patna
2020-01-16,17.1,83,10.2,Patna
2020-01-17,18.8,85,9.4,Patna
2020-01-18,18.1,88,6.5,Patna
2020-01-19,16.7,80,11.3,Patna
2020-01-20,14.6,80,10.2,Patna
2020-01-21,14.3,83,6.6,Patna
2020-01-22,14.1,87,5.3,Patna
2020-01-23,15.2,79,11.7,Patna
2020-01-24,13.9,74,12.2,Patna
2020-01-25,14.3,79,6.9,Patna
2020-01-26,14.7,79,8.4,Patna
2020-01-27,15.3,80,8.3,Patna
2020-01-28,16.4,84,7.8,Patna
2020-01-29,18.0,85,10.2,Patna
2020-01-30,17.2,83,10.6,Patna
2020-01-31,15.2,71,10.9,Patna
2020-02-01,15.1,68,9.5,Patna
2020-02-02,15.2,66,12.8,Patna
2020-02-03,14.1,71,9.1,Patna
2020-02-04,15.3,71,5.8,Patna
2020-02-05,16.4,71,10.4,Patna
2020-02-06,15.4,68,8.0,Patna
2020-02-07,15.6,69,7.3,Patna
2020-02-08,16.9,63,7.6,Patna
2020-02-09,15.4,64,8.6,Patna
2020-02-10,16.2,69,9.6,Patna
2020-02-11,16.2,70,9.6,Patna
2020-02-12,16.2,68,10.8,Patna
2020-02-13,17.7,71,9.6,Patna
2020-02-14,18.7,78,10.2,Patna
2020-02-15,18.7,68,10.3,Patna
2020-02-16,18.0,72,8.0,Patna
2020-02-17,19.4,70,8.3,Patna
2020-02-18,19.6,67,10.4,Patna
2020-02-19,19.2,62,5.7,Patna
2020-02-20,19.2,71,9.2,Patna
2020-02-21,21.8,72,14.5,Patna
2020-02-22,21.1,70,11.8,Patna
2020-02-23,21.8,75,7.1,Patna
2020-02-24,20.2,83,9.1,Patna
2020-02-25,19.0,85,12.4,Patna
2020-02-26,18.2,87,5.9,Patna
2020-02-27,19.2,78,3.7,Patna
2020-02-28,20.1,76,6.2,Patna
2020-02-29,20.7,75,6.8,Patna
2020-03-01,22.0,73,4.8,Patna
2020-03-02,21.6,78,7.1,Patna
2020-03-03,22.8,70,6.9,Patna
2020-03-04,22.9,69,8.4,Patna
2020-03-05,22.9,72,10.4,Patna
2020-03-06,22.5,74,14.2,Patna
2020-03-07,22.0,77,9.1,Patna
2020-03-08,22.0,69,11.3,Patna
2020-03-09,21.3,63,11.9,Patna
2020-03-10,21.6,61,7.3,Patna
2020-03-11,22.6,66,6.3,Patna
2020-03-12,24.5,71,7.0,Patna
2020-03-13,22.2,88,6.8,Patna
2020-03-14,20.6,89,9.7,Patna
2020-03-15,22.2,77,7.6,Patna
2020-03-16,22.6,65,9.9,Patna
2020-03-17,22.1,64,9.1,Patna
2020-03-18,22.9,62,10.8,Patna
2020-03-19,23.5,61,9.1,Patna
2020-03-20,23.8,58,7.7,Patna
2020-03-21,23.3,65,6.8,Patna
2020-03-22,23.4,72,6.8,Patna
2020-03-23,24.3,67,9.3,Patna
2020-03-24,25.6,63,6.2,Patna
2020-03-25,26.9,57,8.1,Patna
2020-03-26,27.4,50,12.7,Patna
2020-03-27,28.4,47,14.5,Patna
2020-03-28,28.0,51,20.9,Patna
2020-03-29,27.3,42,20.4,Patna
2020-03-30,26.5,36,16.3,Patna
2020-03-31,26.2,41,10.7,Patna
2020-04-01,27.9,43,9.5,Patna
2020-04-02,28.9,41,11.2,Patna
2020-04-03,27.9,33,14.0,Patna
2020-04-04,26.8,35,11.5,Patna
2020-04-05,27.1,37,10.6,Patna
2020-04-06,28.9,32,13.9,Patna
2020-04-07,29.7,30,14.1,Patna
2020-04-08,28.7,35,11.1,Patna
2020-04-09,28.1,42,8.2,Patna
2020-04-10,29.5,40,7.7,Patna
2020-04-11,28.6,49,9.1,Patna
2020-04-12,29.2,54,10.1,Patna
2020-04-13,30.4,55,11.5,Patna
2020-04-14,30.5,55,13.4,Patna
2020-04-15,28.7,64,10.7,Patna
2020-04-16,28.7,65,15.1,Patna
2020-04-17,27.7,68,12.8,Patna
2020-04-18,28.8,64,9.8,Patna
2020-04-19,29.5,61,8.9,Patna
2020-04-20,28.1,67,10.7,Patna
2020-04-21,25.0,75,12.7,Patna
2020-04-22,26.4,64,9.9,Patna
2020-04-23,27.4,68,10.7,Patna
2020-04-24,27.1,68,12.6,Patna
2020-04-25,26.0,73,17.7,Patna
2020-04-26,25.0,77,17.0,Patna
2020-04-27,25.2,78,12.9,Patna
2020-04-28,25.6,78,12.1,Patna
2020-04-29,26.2,75,9.4,Patna
2020-04-30,27.9,70,10.4,Patna
2020-05-01,26.3,79,11.4,Patna
2020-05-02,25.2,83,10.9,Patna
2020-05-03,27.1,73,8.9,Patna
2020-05-04,28.7,68,12.9,Patna
2020-05-05,26.7,81,8.0,Patna
2020-05-06,26.5,76,6.6,Patna
2020-05-07,25.7,83,9.9,Patna
2020-05-08,27.3,75,7.6,Patna
2020-05-09,28.5,70,11.6,Patna
2020-05-10,29.0,70,12.3,Patna
2020-05-11,27.9,75,6.9,Patna
2020-05-12,28.1,75,6.2,Patna
2020-05-13,29.9,71,5.1,Patna
2020-05-14,30.9,67,9.4,Patna
2020-05-15,30.4,67,11.8,Patna
2020-05-16,32.0,59,8.2,Patna
2020-05-17,31.2,58,8.4,Patna
2020-05-18,32.0,61,10.4,Patna
2020-05-19,31.8,63,13.4,Patna
2020-05-20,28.7,68,12.8,Patna
2020-05-21,27.4,71,9.7,Patna
2020-05-22,29.5,66,15.7,Patna
2020-05-23,30.1,70,14.6,Patna
2020-05-24,32.6,67,8.8,Patna
2020-05-25,34.1,62,10.3,Patna
2020-05-26,34.1,61,10.4,Patna
2020-05-27,30.0,68,22.4,Patna
2020-05-28,28.0,69,21.7,Patna
2020-05-29,29.3,67,16.3,Patna
2020-05-30,29.7,67,14.8,Patna
2020-05-31,29.4,73,12.9,Patna
2020-06-01,30.5,69,8.0,Patna
2020-06-02,31.2,63,9.7,Patna
2020-06-03,31.2,60,8.2,Patna
2020-06-04,29.0,68,8.9,Patna
2020-06-05,26.7,88,15.2,Patna
2020-06-06,28.0,76,12.3,Patna
2020-06-07,29.3,74,7.3,Patna
2020-06-08,30.3,74,6.8,Patna
2020-06-09,31.5,71,7.0,Patna
2020-06-10,32.5,68,10.5,Patna
2020-06-11,32.3,66,14.1,Patna
2020-06-12,31.0,72,15.7,Patna
2020-06-13,29.8,75,17.7,Patna
2020-06-14,29.1,80,16.1,Patna
2020-06-15,28.2,87,13.5,Patna
2020-06-16,27.9,89,15.7,Patna
2020-06-17,28.3,86,13.5,Patna
2020-06-18,27.9,87,11.0,Patna
2020-06-19,27.5,90,12.1,Patna
2020-06-20,28.6,86,17.0,Patna
2020-06-21,28.6,83,17.0,Patna
2020-06-22,28.5,86,18.0,Patna
2020-06-23,29.3,82,19.3,Patna
2020-06-24,29.7,81,7.6,Patna
2020-06-25,28.5,89,8.2,Patna
2020-06-26,27.8,89,10.1,Patna
2020-06-27,28.4,86,12.1,Patna
2020-06-28,27.4,91,6.8,Patna
2020-06-29,27.1,91,7.6,Patna
2020-06-30,28.8,87,7.8,Patna
2020-07-01,30.3,83,5.8,Patna
2015-01-01,16.1,69,6.7,Gurugram
2015-01-02,15.3,82,7.6,Gurugram
2015-01-03,15.5,83,5.1,Gurugram
2015-01-04,14.2,78,9.6,Gurugram
2015-01-05,14.1,74,17.4,Gurugram
2015-01-06,15.1,75,12.5,Gurugram
2015-01-07,14.0,78,6.1,Gurugram
2015-01-08,13.1,79,6.0,Gurugram
2015-01-09,12.4,82,5.7,Gurugram
2015-01-10,11.6,82,9.3,Gurugram
2015-01-11,11.9,82,8.1,Gurugram
2015-01-12,11.1,86,4.7,Gurugram
2015-01-13,11.2,88,8.9,Gurugram
2015-01-14,12.8,84,12.1,Gurugram
2015-01-15,11.8,84,5.7,Gurugram
2015-01-16,13.1,77,7.2,Gurugram
2015-01-17,13.6,78,7.5,Gurugram
2015-01-18,13.3,76,6.8,Gurugram
2015-01-19,13.3,73,4.9,Gurugram
2015-01-20,12.6,79,9.1,Gurugram
2015-01-21,12.8,81,12.3,Gurugram
2015-01-22,13.0,86,10.2,Gurugram
2015-01-23,14.1,83,6.0,Gurugram
2015-01-24,14.2,79,7.9,Gurugram
2015-01-25,13.5,74,6.5,Gurugram
2015-01-26,13.1,75,6.4,Gurugram
2015-01-27,12.7,69,9.8,Gurugram
2015-01-28,11.2,73,11.2,Gurugram
2015-01-29,10.8,68,9.5,Gurugram
2015-01-30,11.6,66,11.2,Gurugram
2015-01-31,13.2,63,10.8,Gurugram
2015-02-01,13.9,73,8.2,Gurugram
2015-02-02,15.8,75,15.0,Gurugram
2015-02-03,16.9,77,11.7,Gurugram
2015-02-04,13.7,85,10.4,Gurugram
2015-02-05,14.0,75,10.6,Gurugram
2015-02-06,13.7,71,5.5,Gurugram
2015-02-07,14.9,69,6.3,Gurugram
2015-02-08,15.3,73,6.5,Gurugram
2015-02-09,15.8,70,9.4,Gurugram
2015-02-10,15.0,66,9.6,Gurugram
2015-02-11,14.7,64,7.4,Gurugram
2015-02-12,15.1,67,8.7,Gurugram
2015-02-13,16.6,62,9.9,Gurugram
2015-02-14,18.4,64,7.6,Gurugram
2015-02-15,18.4,70,5.2,Gurugram
2015-02-16,20.0,69,15.0,Gurugram
2015-02-17,20.7,72,10.8,Gurugram
2015-02-18,19.9,76,7.3,Gurugram
2015-02-19,20.4,77,12.1,Gurugram
2015-02-20,21.7,72,10.8,Gurugram
2015-02-21,20.9,75,10.8,Gurugram
2015-02-22,20.8,67,15.3,Gurugram
2015-02-23,20.5,75,6.3,Gurugram
2015-02-24,21.3,76,8.7,Gurugram
2015-02-25,22.0,73,10.0,Gurugram
2015-02-26,18.7,64,7.5,Gurugram
2015-02-27,17.0,62,8.8,Gurugram
2015-02-28,18.5,52,9.9,Gurugram
2015-03-01,17.1,83,20.3,Gurugram
2015-03-02,16.6,91,15.0,Gurugram
2015-03-03,15.6,81,6.4,Gurugram
2015-03-04,15.3,70,9.3,Gurugram
2015-03-05,16.9,67,5.8,Gurugram
2015-03-06,18.4,68,7.0,Gurugram
2015-03-07,18.7,74,7.2,Gurugram
2015-03-08,18.5,79,10.2,Gurugram
2015-03-09,16.6,68,10.9,Gurugram
2015-03-10,16.2,66,10.1,Gurugram
2015-03-11,17.5,67,8.9,Gurugram
2015-03-12,18.9,64,8.1,Gurugram
2015-03-13,19.2,74,5.8,Gurugram
2015-03-14,20.2,77,8.7,Gurugram
2015-03-15,18.1,87,12.6,Gurugram
2015-03-16,18.1,86,11.7,Gurugram
2015-03-17,19.4,74,11.5,Gurugram
2015-03-18,18.9,68,13.0,Gurugram
2015-03-19,19.3,67,7.9,Gurugram
2015-03-20,20.7,63,8.1,Gurugram
2015-03-21,22.4,66,6.8,Gurugram
2015-03-22,23.5,60,11.2,Gurugram
2015-03-23,24.2,60,10.2,Gurugram
2015-03-24,25.0,60,6.0,Gurugram
2015-03-25,25.6,58,6.6,Gurugram
2015-03-26,26.9,56,5.3,Gurugram
2015-03-27,27.6,53,7.2,Gurugram
2015-03-28,26.0,50,6.1,Gurugram
2015-03-29,26.0,50,14.0,Gurugram
2015-03-30,22.2,75,18.0,Gurugram
2015-03-31,23.0,71,8.4,Gurugram
2015-04-01,24.7,64,7.3,Gurugram
2015-04-02,26.6,56,9.8,Gurugram
2015-04-03,24.0,71,8.7,Gurugram
2015-04-04,21.3,82,5.7,Gurugram
2015-04-05,22.7,66,4.6,Gurugram
2015-04-06,24.2,56,6.3,Gurugram
2015-04-07,22.5,65,6.3,Gurugram
2015-04-08,23.7,61,6.5,Gurugram
2015-04-09,24.1,55,10.4,Gurugram
2015-04-10,25.4,51,9.6,Gurugram
2015-04-11,26.3,48,5.2,Gurugram
2015-04-12,24.4,55,7.8,Gurugram
2015-04-13,23.7,69,10.5,Gurugram
2015-04-14,24.2,69,9.1,Gurugram
2015-04-15,25.7,62,8.8,Gurugram
2015-04-16,26.3,61,7.7,Gurugram
2015-04-17,27.5,55,9.9,Gurugram
2015-04-18,29.6,46,8.8,Gurugram
2015-04-19,31.3,38,6.4,Gurugram
2015-04-20,31.7,36,10.4,Gurugram
2015-04-21,30.8,34,10.3,Gurugram
2015-04-22,30.1,27,11.4,Gurugram
2015-04-23,30.6,24,7.0,Gurugram
2015-04-24,31.2,27,7.0,Gurugram
2015-04-25,30.1,33,16.3,Gurugram
2015-04-26,28.8,48,18.0,Gurugram
2015-04-27,29.9,50,15.7,Gurugram
2015-04-28,30.1,48,11.7,Gurugram
2015-04-29,30.3,43,9.2,Gurugram
2015-04-30,31.0,43,14.1,Gurugram
2015-05-01,30.5,40,10.9,Gurugram
2015-05-02,30.3,29,8.4,Gurugram
2015-05-03,30.5,24,6.6,Gurugram
2015-05-04,30.7,27,6.8,Gurugram
2015-05-05,32.0,26,8.4,Gurugram
2015-05-06,33.1,23,8.6,Gurugram
2015-05-07,34.2,20,13.4,Gurugram
2015-05-08,35.0,17,11.5,Gurugram
2015-05-09,34.6,21,7.0,Gurugram
2015-05-10,33.8,22,9.7,Gurugram
2015-05-11,33.3,31,5.9,Gurugram
2015-05-12,31.3,47,7.5,Gurugram
2015-05-13,30.2,58,6.3,Gurugram
2015-05-14,30.0,55,5.9,Gurugram
2015-05-15,30.1,48,8.2,Gurugram
2015-05-16,30.5,52,4.5,Gurugram
2015-05-17,32.1,44,7.5,Gurugram
2015-05-18,35.1,37,7.9,Gurugram
2015-05-19,34.5,29,9.3,Gurugram
2015-05-20,33.8,30,11.0,Gurugram
2015-05-21,34.0,25,10.7,Gurugram
2015-05-22,34.9,21,12.0,Gurugram
2015-05-23,34.9,21,11.9,Gurugram
2015-05-24,35.6,21,8.5,Gurugram
2015-05-25,35.9,17,12.5,Gurugram
2015-05-26,36.3,16,12.6,Gurugram
2015-05-27,34.3,15,11.5,Gurugram
2015-05-28,34.1,20,7.7,Gurugram
2015-05-29,35.3,25,9.7,Gurugram
2015-05-30,35.3,26,9.6,Gurugram
2015-05-31,35.2,24,11.2,Gurugram
2015-06-01,33.8,27,7.3,Gurugram
2015-06-02,32.3,36,5.8,Gurugram
2015-06-03,31.1,41,10.1,Gurugram
2015-06-04,30.5,50,8.5,Gurugram
2015-06-05,32.9,39,8.3,Gurugram
2015-06-06,33.1,35,10.6,Gurugram
2015-06-07,34.4,31,8.4,Gurugram
2015-06-08,35.7,27,9.0,Gurugram
2015-06-09,36.1,26,18.1,Gurugram
2015-06-10,36.1,34,18.8,Gurugram
2015-06-11,35.8,35,14.7,Gurugram
2015-06-12,35.5,38,13.3,Gurugram
2015-06-13,34.1,38,9.1,Gurugram
2015-06-14,29.4,68,6.2,Gurugram
2015-06-15,29.6,68,6.0,Gurugram
2015-06-16,31.9,59,5.0,Gurugram
2015-06-17,32.6,58,5.1,Gurugram
2015-06-18,34.3,44,5.0,Gurugram
2015-06-19,34.6,46,8.1,Gurugram
2015-06-20,33.3,56,17.0,Gurugram
2015-06-21,32.5,60,11.5,Gurugram
2015-06-22,32.4,60,10.4,Gurugram
2015-06-23,33.4,54,8.2,Gurugram
2015-06-24,31.1,70,7.0,Gurugram
2015-06-25,26.2,91,7.7,Gurugram
2015-06-26,30.1,69,11.1,Gurugram
2015-06-27,31.7,65,13.4,Gurugram
2015-06-28,32.7,61,9.0,Gurugram
2015-06-29,30.9,66,14.0,Gurugram
2015-06-30,29.1,67,8.4,Gurugram
2015-07-01,30.3,69,5.5,Gurugram
2015-07-02,31.0,65,8.2,Gurugram
2015-07-03,32.1,63,12.6,Gurugram
2015-07-04,31.9,63,13.8,Gurugram
2015-07-05,31.8,66,12.3,Gurugram
2015-07-06,30.5,70,7.2,Gurugram
2015-07-07,27.7,84,7.4,Gurugram
2015-07-08,28.5,84,6.2,Gurugram
2015-07-09,27.7,87,4.8,Gurugram
2015-07-10,26.3,93,6.8,Gurugram
2015-07-11,24.7,92,11.9,Gurugram
2015-07-12,25.3,87,11.4,Gurugram
2015-07-13,27.9,80,7.3,Gurugram
2015-07-14,29.6,76,13.8,Gurugram
2015-07-15,31.1,67,15.9,Gurugram
2015-07-16,30.8,65,12.7,Gurugram
2015-07-17,28.4,84,8.5,Gurugram
2015-07-18,29.2,81,5.6,Gurugram
2015-07-19,28.8,83,5.8,Gurugram
2015-07-20,27.6,87,7.8,Gurugram
2015-07-21,28.7,81,9.3,Gurugram
2015-07-22,29.2,80,9.7,Gurugram
2015-07-23,29.6,75,12.4,Gurugram
2015-07-24,29.0,78,9.7,Gurugram
2015-07-25,28.8,80,11.4,Gurugram
2015-07-26,28.1,76,24.5,Gurugram
2015-07-27,27.7,74,16.7,Gurugram
2015-07-28,27.8,73,14.4,Gurugram
2015-07-29,27.3,73,18.1,Gurugram
2015-07-30,27.6,78,14.3,Gurugram
2015-07-31,27.9,74,11.8,Gurugram
2015-08-01,27.0,82,7.0,Gurugram
2015-08-02,27.9,80,3.7,Gurugram
2015-08-03,28.9,79,6.9,Gurugram
2015-08-04,29.1,79,5.5,Gurugram
2015-08-05,28.5,85,4.4,Gurugram
2015-08-06,28.2,86,4.2,Gurugram
2015-08-07,27.8,88,6.6,Gurugram
2015-08-08,26.1,93,7.1,Gurugram
2015-08-09,26.0,94,6.6,Gurugram
2015-08-10,27.6,88,4.3,Gurugram
2015-08-11,27.2,91,7.7,Gurugram
2015-08-12,28.3,83,8.0,Gurugram
2015-08-13,29.1,82,4.8,Gurugram
2015-08-14,28.8,84,5.4,Gurugram
2015-08-15,27.9,87,5.0,Gurugram
2015-08-16,27.5,87,3.5,Gurugram
2015-08-17,28.7,83,5.1,Gurugram
2015-08-18,29.0,83,8.4,Gurugram
2015-08-19,29.3,76,12.8,Gurugram
2015-08-20,29.3,69,14.0,Gurugram
2015-08-21,28.8,71,10.0,Gurugram
2015-08-22,28.0,75,8.7,Gurugram
2015-08-23,28.5,80,5.8,Gurugram
2015-08-24,28.9,73,10.5,Gurugram
2015-08-25,29.9,68,12.8,Gurugram
2015-08-26,30.4,68,11.1,Gurugram
2015-08-27,29.8,76,5.7,Gurugram
2015-08-28,29.6,80,5.9,Gurugram
2015-08-29,30.4,75,6.6,Gurugram
2015-08-30,30.5,71,8.0,Gurugram
2015-08-31,30.3,65,11.3,Gurugram
2015-09-01,29.9,58,11.9,Gurugram
2015-09-02,29.5,53,11.9,Gurugram
2015-09-03,29.5,53,10.5,Gurugram
2015-09-04,29.5,57,7.5,Gurugram
2015-09-05,29.1,54,11.1,Gurugram
2015-09-06,28.9,52,10.1,Gurugram
2015-09-07,29.5,50,10.7,Gurugram
2015-09-08,29.5,53,11.3,Gurugram
2015-09-09,29.7,52,11.2,Gurugram
2015-09-10,29.6,55,8.7,Gurugram
2015-09-11,29.8,56,7.2,Gurugram
2015-09-12,29.8,62,6.7,Gurugram
2015-09-13,30.1,67,6.3,Gurugram
2015-09-14,30.8,59,6.3,Gurugram
2015-09-15,30.6,59,6.6,Gurugram
2015-09-16,30.7,62,8.0,Gurugram
2015-09-17,30.0,68,7.3,Gurugram
2015-09-18,29.5,70,9.9,Gurugram
2015-09-19,27.9,84,8.0,Gurugram
2015-09-20,28.9,82,7.4,Gurugram
2015-09-21,28.1,84,7.5,Gurugram
2015-09-22,29.1,74,12.3,Gurugram
2015-09-23,27.4,72,11.9,Gurugram
2015-09-24,27.1,64,13.9,Gurugram
2015-09-25,26.8,63,11.4,Gurugram
2015-09-26,27.5,61,8.6,Gurugram
2015-09-27,28.2,61,7.7,Gurugram
2015-09-28,27.0,64,7.6,Gurugram
2015-09-29,26.7,61,9.2,Gurugram
2015-09-30,26.7,54,11.1,Gurugram
2015-10-01,26.4,58,7.9,Gurugram
2015-10-02,26.8,54,8.6,Gurugram
2015-10-03,28.2,52,7.5,Gurugram
2015-10-04,28.4,51,5.9,Gurugram
2015-10-05,28.7,48,7.0,Gurugram
2015-10-06,28.3,49,7.9,Gurugram
2015-10-07,28.8,52,7.6,Gurugram
2015-10-08,28.7,51,9.6,Gurugram
2015-10-09,28.9,45,9.2,Gurugram
2015-10-10,28.8,36,11.6,Gurugram
2015-10-11,28.8,39,9.5,Gurugram
2015-10-12,28.2,46,6.1,Gurugram
2015-10-13,28.2,65,9.6,Gurugram
2015-10-14,27.0,71,8.4,Gurugram
2015-10-15,27.0,67,6.7,Gurugram
2015-10-16,27.6,63,7.1,Gurugram
2015-10-17,27.7,63,7.1,Gurugram
2015-10-18,28.3,60,5.3,Gurugram
2015-10-19,28.0,60,6.6,Gurugram
2015-10-20,27.7,53,7.1,Gurugram
2015-10-21,26.4,51,7.1,Gurugram
2015-10-22,25.1,46,8.5,Gurugram
2015-10-23,24.5,47,8.2,Gurugram
2015-10-24,25.3,49,5.2,Gurugram
2015-10-25,26.1,49,11.8,Gurugram
2015-10-26,25.3,56,9.7,Gurugram
2015-10-27,24.1,56,5.9,Gurugram
2015-10-28,20.3,72,7.1,Gurugram
2015-10-29,21.0,62,5.9,Gurugram
2015-10-30,21.5,70,5.6,Gurugram
2015-10-31,22.3,64,5.5,Gurugram
2015-11-01,23.2,65,5.2,Gurugram
2015-11-02,23.8,63,4.7,Gurugram
2015-11-03,23.1,66,5.3,Gurugram
2015-11-04,23.8,62,4.8,Gurugram
2015-11-05,23.3,65,10.0,Gurugram
2015-11-06,23.5,65,5.0,Gurugram
2015-11-07,22.7,66,4.5,Gurugram
2015-11-08,23.2,71,6.9,Gurugram
2015-11-09,23.3,68,6.3,Gurugram
2015-11-10,22.7,67,6.2,Gurugram
2015-11-11,22.3,53,10.4,Gurugram
2015-11-12,22.3,51,10.3,Gurugram
2015-11-13,22.6,59,8.9,Gurugram
2015-11-14,23.3,58,8.5,Gurugram
2015-11-15,23.4,55,5.1,Gurugram
2015-11-16,23.1,52,9.4,Gurugram
2015-11-17,20.4,42,9.9,Gurugram
2015-11-18,18.9,45,8.5,Gurugram
2015-11-19,20.3,47,4.9,Gurugram
2015-11-20,19.5,57,5.8,Gurugram
2015-11-21,19.5,57,5.9,Gurugram
2015-11-22,19.6,56,5.6,Gurugram
2015-11-23,19.4,56,4.7,Gurugram
2015-11-24,19.3,56,8.3,Gurugram
2015-11-25,19.7,49,10.7,Gurugram
2015-11-26,20.1,49,7.2,Gurugram
2015-11-27,19.2,64,8.5,Gurugram
2015-11-28,20.0,68,8.7,Gurugram
2015-11-29,19.9,64,6.2,Gurugram
2015-11-30,20.6,69,5.6,Gurugram
2015-12-01,20.8,67,6.0,Gurugram
2015-12-02,19.6,63,6.7,Gurugram
2015-12-03,18.1,64,9.3,Gurugram
2015-12-04,18.5,62,10.0,Gurugram
2015-12-05,18.5,61,4.4,Gurugram
2015-12-06,18.6,63,4.1,Gurugram
2015-12-07,18.3,71,6.0,Gurugram
2015-12-08,18.7,68,6.2,Gurugram
2015-12-09,18.4,70,9.8,Gurugram
2015-12-10,19.4,73,8.8,Gurugram
2015-12-11,17.6,63,9.1,Gurugram
2015-12-12,14.6,66,9.8,Gurugram
2015-12-13,14.3,59,8.8,Gurugram
2015-12-14,13.4,51,10.2,Gurugram
2015-12-15,13.7,50,11.1,Gurugram
2015-12-16,12.9,55,6.1,Gurugram
2015-12-17,13.3,62,7.0,Gurugram
2015-12-18,13.2,61,9.2,Gurugram
2015-12-19,13.6,58,7.8,Gurugram
2015-12-20,13.5,59,5.6,Gurugram
2015-12-21,13.1,62,5.7,Gurugram
2015-12-22,13.4,67,4.6,Gurugram
2015-12-23,12.8,67,7.9,Gurugram
2015-12-24,12.8,59,11.5,Gurugram
2015-12-25,12.1,51,10.2,Gurugram
2015-12-26,13.6,48,11.1,Gurugram
2015-12-27,15.3,54,11.0,Gurugram
2015-12-28,16.9,55,12.4,Gurugram
2015-12-29,17.0,54,12.3,Gurugram
2015-12-30,16.2,61,7.7,Gurugram
2015-12-31,15.3,64,7.5,Gurugram
2016-01-01,14.7,67,6.0,Gurugram
2016-01-02,14.6,64,7.8,Gurugram
2016-01-03,15.0,61,10.0,Gurugram
2016-01-04,16.2,63,5.6,Gurugram
2016-01-05,18.2,68,6.0,Gurugram
2016-01-06,18.4,74,7.8,Gurugram
2016-01-07,17.8,76,5.4,Gurugram
2016-01-08,17.1,75,9.0,Gurugram
2016-01-09,15.6,63,12.2,Gurugram
2016-01-10,15.8,67,7.2,Gurugram
2016-01-11,16.2,71,6.0,Gurugram
2016-01-12,16.7,71,9.7,Gurugram
2016-01-13,15.9,75,6.5,Gurugram
2016-01-14,14.2,76,5.5,Gurugram
2016-01-15,13.1,75,8.3,Gurugram
2016-01-16,12.9,74,9.8,Gurugram
2016-01-17,13.0,75,4.3,Gurugram
2016-01-18,12.9,76,4.7,Gurugram
2016-01-19,12.3,75,6.5,Gurugram
2016-01-20,12.1,72,7.1,Gurugram
2016-01-21,11.4,74,8.5,Gurugram
2016-01-22,11.3,75,5.0,Gurugram
2016-01-23,12.3,77,5.8,Gurugram
2016-01-24,12.1,78,6.2,Gurugram
2016-01-25,10.7,80,6.6,Gurugram
2016-01-26,13.1,75,4.3,Gurugram
2016-01-27,15.8,76,5.3,Gurugram
2016-01-28,15.8,72,8.3,Gurugram
2016-01-29,17.1,72,5.4,Gurugram
2016-01-30,19.4,74,5.9,Gurugram
2016-01-31,17.5,76,10.5,Gurugram
2016-02-01,15.2,64,9.5,Gurugram
2016-02-02,14.3,57,9.7,Gurugram
2016-02-03,14.3,53,11.9,Gurugram
2016-02-04,14.7,51,10.4,Gurugram
2016-02-05,14.7,56,7.9,Gurugram
2016-02-06,16.2,56,7.4,Gurugram
2016-02-07,15.7,71,9.1,Gurugram
2016-02-08,15.0,73,7.8,Gurugram
2016-02-09,15.8,69,8.2,Gurugram
2016-02-10,16.6,64,5.5,Gurugram
2016-02-11,17.8,50,10.2,Gurugram
2016-02-12,16.5,62,5.5,Gurugram
2016-02-13,16.3,61,9.9,Gurugram
2016-02-14,15.9,65,9.0,Gurugram
2016-02-15,15.7,58,7.6,Gurugram
2016-02-16,15.8,53,7.1,Gurugram
2016-02-17,18.0,52,7.6,Gurugram
2016-02-18,20.2,62,7.0,Gurugram
2016-02-19,22.6,66,5.2,Gurugram
2016-02-20,22.1,72,8.3,Gurugram
2016-02-21,19.3,63,14.3,Gurugram
2016-02-22,19.1,50,15.6,Gurugram
2016-02-23,19.4,51,10.8,Gurugram
2016-02-24,18.8,53,5.9,Gurugram
2016-02-25,20.1,55,8.6,Gurugram
2016-02-26,20.8,57,7.5,Gurugram
2016-02-27,21.1,58,5.2,Gurugram
2016-02-28,21.8,59,6.3,Gurugram
2016-02-29,22.3,60,7.0,Gurugram
2016-03-01,23.0,59,5.2,Gurugram
2016-03-02,23.7,61,5.3,Gurugram
2016-03-03,23.9,57,6.5,Gurugram
2016-03-04,24.1,50,7.7,Gurugram
2016-03-05,22.5,60,11.7,Gurugram
2016-03-06,20.3,75,9.7,Gurugram
2016-03-07,21.2,69,6.3,Gurugram
2016-03-08,21.7,66,8.6,Gurugram
2016-03-09,21.6,61,9.2,Gurugram
2016-03-10,22.6,61,8.3,Gurugram
2016-03-11,23.6,62,9.4,Gurugram
2016-03-12,21.1,77,10.9,Gurugram
2016-03-13,21.4,69,11.8,Gurugram
2016-03-14,20.7,73,7.1,Gurugram
2016-03-15,21.0,64,6.9,Gurugram
2016-03-16,21.0,54,10.5,Gurugram
2016-03-17,23.1,54,10.2,Gurugram
2016-03-18,24.1,56,10.0,Gurugram
2016-03-19,24.2,59,6.9,Gurugram
2016-03-20,24.9,56,7.6,Gurugram
2016-03-21,24.1,45,14.7,Gurugram
2016-03-22,22.6,35,19.2,Gurugram
2016-03-23,23.7,38,13.2,Gurugram
2016-03-24,25.1,45,6.5,Gurugram
2016-03-25,26.8,48,8.1,Gurugram
2016-03-26,25.2,52,13.1,Gurugram
2016-03-27,24.7,44,11.0,Gurugram
2016-03-28,24.4,41,9.4,Gurugram
2016-03-29,25.3,41,9.8,Gurugram
2016-03-30,26.8,42,5.8,Gurugram
2016-03-31,28.4,37,6.6,Gurugram
2016-04-01,29.2,39,10.4,Gurugram
2016-04-02,30.1,41,6.9,Gurugram
2016-04-03,32.0,39,5.2,Gurugram
2016-04-04,30.1,33,9.4,Gurugram
2016-04-05,29.0,35,11.3,Gurugram
2016-04-06,28.5,30,6.8,Gurugram
2016-04-07,27.1,37,11.3,Gurugram
2016-04-08,27.1,36,6.3,Gurugram
2016-04-09,28.9,26,7.9,Gurugram
2016-04-10,29.5,29,9.0,Gurugram
2016-04-11,28.3,33,15.5,Gurugram
2016-04-12,27.9,34,17.2,Gurugram
2016-04-13,29.8,30,16.5,Gurugram
2016-04-14,31.2,29,11.7,Gurugram
2016-04-15,32.1,30,9.3,Gurugram
2016-04-16,32.7,30,9.9,Gurugram
2016-04-17,33.3,25,8.3,Gurugram
2016-04-18,32.8,30,7.8,Gurugram
2016-04-19,31.5,34,5.6,Gurugram
2016-04-20,31.6,24,12.7,Gurugram
2016-04-21,32.0,23,15.7,Gurugram
2016-04-22,31.8,24,7.2,Gurugram
2016-04-23,29.9,22,11.2,Gurugram
2016-04-24,29.1,20,9.6,Gurugram
2016-04-25,30.2,17,8.8,Gurugram
2016-04-26,30.7,22,6.7,Gurugram
2016-04-27,31.1,22,8.3,Gurugram
2016-04-28,31.5,19,10.2,Gurugram
2016-04-29,31.3,19,9.9,Gurugram
2016-04-30,31.5,19,9.2,Gurugram
2016-05-01,32.9,19,10.9,Gurugram
2016-05-02,34.3,19,7.5,Gurugram
2016-05-03,32.5,30,10.2,Gurugram
2016-05-04,31.4,45,12.6,Gurugram
2016-05-05,29.7,47,12.4,Gurugram
2016-05-06,29.3,53,5.6,Gurugram
2016-05-07,31.1,39,6.8,Gurugram
2016-05-08,31.4,42,10.1,Gurugram
2016-05-09,32.4,40,13.4,Gurugram
2016-05-10,32.5,44,13.7,Gurugram
2016-05-11,32.2,48,10.9,Gurugram
2016-05-12,32.8,47,7.0,Gurugram
2016-05-13,34.9,29,7.7,Gurugram
2016-05-14,35.0,29,7.3,Gurugram
2016-05-15,34.9,30,7.5,Gurugram
2016-05-16,35.2,26,9.6,Gurugram
2016-05-17,35.1,22,10.7,Gurugram
2016-05-18,35.4,23,6.9,Gurugram
2016-05-19,35.1,33,13.4,Gurugram
2016-05-20,34.8,41,14.3,Gurugram
2016-05-21,34.6,50,13.5,Gurugram
2016-05-22,35.2,46,10.2,Gurugram
2016-05-23,34.2,47,8.4,Gurugram
2016-05-24,32.4,55,10.7,Gurugram
2016-05-25,32.1,50,8.5,Gurugram
2016-05-26,33.4,46,9.1,Gurugram
2016-05-27,35.2,34,13.0,Gurugram
2016-05-28,34.3,35,14.2,Gurugram
2016-05-29,32.3,48,12.7,Gurugram
2016-05-30,29.4,65,10.7,Gurugram
2016-05-31,32.2,54,8.4,Gurugram
2016-06-01,34.2,46,8.7,Gurugram
2016-06-02,35.0,36,10.3,Gurugram
2016-06-03,35.0,36,6.6,Gurugram
2016-06-04,35.7,40,7.4,Gurugram
2016-06-05,34.7,52,12.2,Gurugram
2016-06-06,34.6,50,11.9,Gurugram
2016-06-07,34.5,50,12.4,Gurugram
2016-06-08,34.5,47,10.5,Gurugram
2016-06-09,34.5,49,10.4,Gurugram
2016-06-10,34.7,49,7.7,Gurugram
2016-06-11,34.3,49,10.1,Gurugram
2016-06-12,33.2,54,9.7,Gurugram
2016-06-13,34.4,47,11.5,Gurugram
2016-06-14,32.2,60,9.7,Gurugram
2016-06-15,32.8,57,8.3,Gurugram
2016-06-16,33.3,56,13.9,Gurugram
2016-06-17,33.2,58,10.7,Gurugram
2016-06-18,32.2,62,13.2,Gurugram
2016-06-19,32.9,60,12.5,Gurugram
2016-06-20,33.5,60,13.4,Gurugram
2016-06-21,31.5,69,13.3,Gurugram
2016-06-22,30.9,69,8.7,Gurugram
2016-06-23,33.3,60,7.6,Gurugram
2016-06-24,34.1,56,8.4,Gurugram
2016-06-25,34.9,55,11.3,Gurugram
2016-06-26,33.0,63,11.8,Gurugram
2016-06-27,32.3,66,8.2,Gurugram
2016-06-28,30.3,76,9.6,Gurugram
2016-06-29,32.2,68,9.0,Gurugram
2016-06-30,33.6,63,6.6,Gurugram
2016-07-01,32.3,70,9.8,Gurugram
2016-07-02,28.1,85,8.1,Gurugram
2016-07-03,27.2,89,7.2,Gurugram
2016-07-04,29.1,80,4.2,Gurugram
2016-07-05,31.1,74,6.4,Gurugram
2016-07-06,30.4,76,7.7,Gurugram
2016-07-07,30.7,75,8.7,Gurugram
2016-07-08,31.3,73,7.4,Gurugram
2016-07-09,30.9,74,7.8,Gurugram
2016-07-10,31.4,73,5.6,Gurugram
2016-07-11,29.5,80,9.9,Gurugram
2016-07-12,29.1,82,9.5,Gurugram
2016-07-13,29.7,79,7.6,Gurugram
2016-07-14,28.9,86,4.1,Gurugram
2016-07-15,27.8,90,6.7,Gurugram
2016-07-16,26.6,94,5.1,Gurugram
2016-07-17,26.4,92,8.7,Gurugram
2016-07-18,28.5,83,9.0,Gurugram
2016-07-19,29.8,77,11.7,Gurugram
2016-07-20,31.0,67,12.5,Gurugram
2016-07-21,31.4,66,11.0,Gurugram
2016-07-22,31.3,68,6.7,Gurugram
2016-07-23,29.3,78,8.7,Gurugram
2016-07-24,29.1,81,5.8,Gurugram
2016-07-25,29.6,81,4.6,Gurugram
2016-07-26,28.4,85,12.3,Gurugram
2016-07-27,27.3,86,12.3,Gurugram
2016-07-28,26.7,89,6.1,Gurugram
2016-07-29,26.0,93,5.7,Gurugram
2016-07-30,26.9,88,6.4,Gurugram
2016-07-31,27.0,88,5.5,Gurugram
2016-08-01,27.1,88,9.5,Gurugram
2016-08-02,27.6,85,11.0,Gurugram
2016-08-03,29.1,79,9.7,Gurugram
2016-08-04,29.5,79,9.6,Gurugram
2016-08-05,30.1,80,7.5,Gurugram
2016-08-06,28.9,83,12.1,Gurugram
2016-08-07,28.9,79,9.9,Gurugram
2016-08-08,28.9,81,11.4,Gurugram
2016-08-09,27.7,84,10.7,Gurugram
2016-08-10,27.5,86,10.6,Gurugram
2016-08-11,26.7,90,5.9,Gurugram
2016-08-12,27.3,88,5.0,Gurugram
2016-08-13,28.0,87,5.0,Gurugram
2016-08-14,27.9,87,6.9,Gurugram
2016-08-15,29.1,78,12.2,Gurugram
2016-08-16,29.5,71,14.4,Gurugram
2016-08-17,28.3,75,7.3,Gurugram
2016-08-18,27.6,87,4.6,Gurugram
2016-08-19,28.9,82,5.6,Gurugram
2016-08-20,28.7,79,13.4,Gurugram
2016-08-21,27.9,76,12.4,Gurugram
2016-08-22,27.9,78,10.1,Gurugram
2016-08-23,28.5,81,7.2,Gurugram
2016-08-24,27.3,84,13.9,Gurugram
2016-08-25,28.4,84,7.9,Gurugram
2016-08-26,29.0,81,5.1,Gurugram
2016-08-27,28.3,85,8.8,Gurugram
2016-08-28,28.8,84,7.4,Gurugram
2016-08-29,27.4,88,5.0,Gurugram
2016-08-30,27.1,88,3.0,Gurugram
2016-08-31,26.9,89,5.8,Gurugram
2016-09-01,27.2,86,5.8,Gurugram
2016-09-02,28.3,79,11.3,Gurugram
2016-09-03,28.3,73,15.6,Gurugram
2016-09-04,28.3,72,13.7,Gurugram
2016-09-05,28.0,70,14.8,Gurugram
2016-09-06,28.3,68,15.8,Gurugram
2016-09-07,28.4,66,12.9,Gurugram
2016-09-08,28.6,66,12.2,Gurugram
2016-09-09,29.0,65,12.7,Gurugram
2016-09-10,29.2,63,13.5,Gurugram
2016-09-11,29.1,62,11.4,Gurugram
2016-09-12,29.0,63,11.5,Gurugram
2016-09-13,29.3,66,7.0,Gurugram
2016-09-14,28.2,76,6.6,Gurugram
2016-09-15,28.9,73,4.9,Gurugram
2016-09-16,29.3,69,5.6,Gurugram
2016-09-17,28.8,71,4.4,Gurugram
2016-09-18,29.0,73,6.6,Gurugram
2016-09-19,29.1,72,4.5,Gurugram
2016-09-20,30.1,64,5.5,Gurugram
2016-09-21,29.9,69,9.9,Gurugram
2016-09-22,27.5,81,13.5,Gurugram
2016-09-23,27.8,76,5.4,Gurugram
2016-09-24,28.4,75,6.4,Gurugram
2016-09-25,27.9,74,6.0,Gurugram
2016-09-26,28.5,72,5.6,Gurugram
2016-09-27,29.0,71,6.3,Gurugram
2016-09-28,29.5,66,6.1,Gurugram
2016-09-29,29.4,69,6.2,Gurugram
2016-09-30,29.4,69,4.7,Gurugram
2016-10-01,30.0,69,6.3,Gurugram
2016-10-02,30.1,71,6.4,Gurugram
2016-10-03,29.5,75,5.1,Gurugram
2016-10-04,29.4,76,3.5,Gurugram
2016-10-05,28.2,79,5.5,Gurugram
2016-10-06,28.4,76,4.6,Gurugram
2016-10-07,28.7,70,6.5,Gurugram
2016-10-08,28.6,63,7.4,Gurugram
2016-10-09,28.6,58,4.8,Gurugram
2016-10-10,27.2,57,7.1,Gurugram
2016-10-11,26.6,51,9.0,Gurugram
2016-10-12,26.5,47,9.5,Gurugram
2016-10-13,26.3,45,9.7,Gurugram
2016-10-14,25.4,46,7.8,Gurugram
2016-10-15,25.6,50,7.0,Gurugram
2016-10-16,25.8,50,7.0,Gurugram
2016-10-17,26.0,49,7.6,Gurugram
2016-10-18,24.9,49,7.1,Gurugram
2016-10-19,25.3,47,6.8,Gurugram
2016-10-20,26.0,36,10.1,Gurugram
2016-10-21,26.4,39,11.1,Gurugram
2016-10-22,26.3,42,11.3,Gurugram
2016-10-23,25.5,46,11.3,Gurugram
2016-10-24,25.4,46,10.1,Gurugram
2016-10-25,25.8,45,10.7,Gurugram
2016-10-26,25.2,50,7.0,Gurugram
2016-10-27,24.2,52,9.1,Gurugram
2016-10-28,23.8,46,7.5,Gurugram
2016-10-29,24.1,45,5.9,Gurugram
2016-10-30,23.5,58,6.1,Gurugram
2016-10-31,23.7,60,5.5,Gurugram
2016-11-01,22.9,61,5.7,Gurugram
2016-11-02,23.3,61,5.7,Gurugram
2016-11-03,23.2,62,4.9,Gurugram
2016-11-04,22.9,60,6.6,Gurugram
2016-11-05,22.7,59,8.2,Gurugram
2016-11-06,22.4,58,6.6,Gurugram
2016-11-07,22.3,56,9.3,Gurugram
2016-11-08,22.5,48,12.5,Gurugram
2016-11-09,21.8,49,9.7,Gurugram
2016-11-10,21.1,55,7.0,Gurugram
2016-11-11,21.2,61,7.2,Gurugram
2016-11-12,22.0,56,8.2,Gurugram
2016-11-13,22.0,54,4.9,Gurugram
2016-11-14,21.7,62,4.6,Gurugram
2016-11-15,21.4,51,6.7,Gurugram
2016-11-16,20.2,50,8.4,Gurugram
2016-11-17,20.0,50,11.8,Gurugram
2016-11-18,20.1,54,10.1,Gurugram
2016-11-19,19.7,54,6.9,Gurugram
2016-11-20,19.7,60,5.9,Gurugram
2016-11-21,20.4,58,6.7,Gurugram
2016-11-22,20.3,53,9.5,Gurugram
2016-11-23,20.6,57,10.1,Gurugram
2016-11-24,19.8,56,9.7,Gurugram
2016-11-25,21.1,43,16.9,Gurugram
2016-11-26,21.8,39,16.9,Gurugram
2016-11-27,21.5,42,14.2,Gurugram
2016-11-28,20.9,40,12.6,Gurugram
2016-11-29,18.8,52,6.5,Gurugram
2016-11-30,19.2,68,7.8,Gurugram
2016-12-01,20.0,74,5.8,Gurugram
2016-12-02,19.3,71,5.7,Gurugram
2016-12-03,18.2,60,6.5,Gurugram
2016-12-04,17.7,57,7.5,Gurugram
2016-12-05,18.0,61,8.3,Gurugram
2016-12-06,18.1,66,5.5,Gurugram
2016-12-07,18.3,69,4.6,Gurugram
2016-12-08,17.5,73,4.6,Gurugram
2016-12-09,17.9,71,4.6,Gurugram
2016-12-10,18.8,72,7.9,Gurugram
2016-12-11,19.4,69,6.0,Gurugram
2016-12-12,18.7,67,6.7,Gurugram
2016-12-13,18.2,72,6.7,Gurugram
2016-12-14,17.5,69,8.9,Gurugram
2016-12-15,16.3,60,11.0,Gurugram
2016-12-16,15.3,62,7.0,Gurugram
2016-12-17,15.1,66,7.9,Gurugram
2016-12-18,14.8,63,8.4,Gurugram
2016-12-19,15.0,62,10.7,Gurugram
2016-12-20,17.1,57,16.1,Gurugram
2016-12-21,17.4,52,15.0,Gurugram
2016-12-22,16.7,58,7.5,Gurugram
2016-12-23,16.5,65,3.7,Gurugram
2016-12-24,16.4,72,9.9,Gurugram
2016-12-25,16.0,78,9.4,Gurugram
2016-12-26,16.0,74,10.7,Gurugram
2016-12-27,15.7,65,9.4,Gurugram
2016-12-28,16.1,65,6.1,Gurugram
2016-12-29,15.8,75,8.4,Gurugram
2016-12-30,16.2,80,10.0,Gurugram
2016-12-31,15.8,79,9.9,Gurugram
2017-01-01,15.6,80,8.9,Gurugram
2017-01-02,15.2,84,6.8,Gurugram
2017-01-03,15.7,77,4.9,Gurugram
2017-01-04,16.0,77,7.8,Gurugram
2017-01-05,16.5,76,6.6,Gurugram
2017-01-06,16.5,77,10.4,Gurugram
2017-01-07,14.5,84,9.2,Gurugram
2017-01-08,13.5,80,8.6,Gurugram
2017-01-09,12.2,77,8.7,Gurugram
2017-01-10,10.2,65,9.5,Gurugram
2017-01-11,8.9,62,10.0,Gurugram
2017-01-12,9.6,65,8.8,Gurugram
2017-01-13,9.7,68,8.9,Gurugram
2017-01-14,10.5,68,7.2,Gurugram
2017-01-15,13.2,66,6.4,Gurugram
2017-01-16,14.0,64,11.0,Gurugram
2017-01-17,9.9,78,8.3,Gurugram
2017-01-18,10.8,76,8.3,Gurugram
2017-01-19,12.2,69,11.7,Gurugram
2017-01-20,11.0,72,10.1,Gurugram
2017-01-21,12.2,71,7.5,Gurugram
2017-01-22,14.6,78,7.7,Gurugram
2017-01-23,15.5,77,8.2,Gurugram
2017-01-24,16.6,75,6.2,Gurugram
2017-01-25,18.3,77,13.4,Gurugram
2017-01-26,16.3,91,12.6,Gurugram
2017-01-27,14.1,83,11.7,Gurugram
2017-01-28,13.5,84,8.1,Gurugram
2017-01-29,14.1,85,11.6,Gurugram
2017-01-30,14.6,82,6.5,Gurugram
2017-01-31,14.8,87,6.6,Gurugram
2017-02-01,14.6,80,7.2,Gurugram
2017-02-02,15.3,76,5.0,Gurugram
2017-02-03,14.6,82,5.2,Gurugram
2017-02-04,17.3,81,16.0,Gurugram
2017-02-05,17.8,79,12.2,Gurugram
2017-02-06,15.2,80,10.0,Gurugram
2017-02-07,13.2,79,9.5,Gurugram
2017-02-08,14.3,74,7.4,Gurugram
2017-02-09,14.0,75,9.4,Gurugram
2017-02-10,13.4,73,11.1,Gurugram
2017-02-11,13.4,70,8.0,Gurugram
2017-02-12,14.4,75,7.1,Gurugram
2017-02-13,14.4,74,9.4,Gurugram
2017-02-14,14.7,72,9.9,Gurugram
2017-02-15,16.1,70,9.6,Gurugram
2017-02-16,18.7,69,10.8,Gurugram
2017-02-17,18.8,71,10.0,Gurugram
2017-02-18,19.4,72,9.5,Gurugram
2017-02-19,20.8,67,7.1,Gurugram
2017-02-20,21.8,65,7.9,Gurugram
2017-02-21,19.1,62,9.6,Gurugram
2017-02-22,17.9,62,7.8,Gurugram
2017-02-23,16.5,51,11.8,Gurugram
2017-02-24,17.0,44,13.7,Gurugram
2017-02-25,17.7,45,13.4,Gurugram
2017-02-26,17.4,54,11.9,Gurugram
2017-02-27,18.3,55,9.6,Gurugram
2017-02-28,20.9,51,5.6,Gurugram
2017-03-01,21.8,58,8.7,Gurugram
2017-03-02,19.4,69,7.6,Gurugram
2017-03-03,18.5,52,9.5,Gurugram
2017-03-04,16.7,53,11.4,Gurugram
2017-03-05,17.4,51,11.6,Gurugram
2017-03-06,18.0,52,11.0,Gurugram
2017-03-07,19.6,50,7.8,Gurugram
2017-03-08,20.1,52,10.5,Gurugram
2017-03-09,18.8,64,8.8,Gurugram
2017-03-10,16.9,77,11.1,Gurugram
2017-03-11,16.1,72,10.5,Gurugram
2017-03-12,15.6,64,8.8,Gurugram
2017-03-13,15.8,54,10.8,Gurugram
2017-03-14,17.0,55,7.9,Gurugram
2017-03-15,18.9,55,9.1,Gurugram
2017-03-16,19.6,56,7.9,Gurugram
2017-03-17,19.3,60,10.9,Gurugram
2017-03-18,20.1,53,7.8,Gurugram
2017-03-19,20.9,60,7.9,Gurugram
2017-03-20,20.8,60,10.9,Gurugram
2017-03-21,22.9,51,10.3,Gurugram
2017-03-22,24.6,54,10.4,Gurugram
2017-03-23,25.1,53,7.1,Gurugram
2017-03-24,25.1,51,10.7,Gurugram
2017-03-25,24.2,46,11.5,Gurugram
2017-03-26,25.7,43,12.7,Gurugram
2017-03-27,27.6,43,14.3,Gurugram
2017-03-28,27.6,50,9.9,Gurugram
2017-03-29,28.5,45,11.5,Gurugram
2017-03-30,28.2,42,11.3,Gurugram
2017-03-31,28.4,45,9.6,Gurugram
2017-04-01,28.2,39,10.9,Gurugram
2017-04-02,27.7,35,11.8,Gurugram
2017-04-03,27.9,36,9.1,Gurugram
2017-04-04,28.1,36,9.8,Gurugram
2017-04-05,28.3,42,19.8,Gurugram
2017-04-06,28.1,40,16.8,Gurugram
2017-04-07,25.1,41,7.9,Gurugram
2017-04-08,23.9,27,9.7,Gurugram
2017-04-09,24.6,25,14.7,Gurugram
2017-04-10,25.1,24,17.3,Gurugram
2017-04-11,27.2,26,15.9,Gurugram
2017-04-12,28.2,30,13.4,Gurugram
2017-04-13,30.3,28,6.7,Gurugram
2017-04-14,30.3,29,8.4,Gurugram
2017-04-15,30.2,30,10.3,Gurugram
2017-04-16,30.4,32,8.7,Gurugram
2017-04-17,31.5,38,10.2,Gurugram
2017-04-18,32.0,33,9.1,Gurugram
2017-04-19,32.3,23,10.4,Gurugram
2017-04-20,32.7,27,8.2,Gurugram
2017-04-21,32.5,37,9.7,Gurugram
2017-04-22,32.0,43,9.7,Gurugram
2017-04-23,30.4,40,9.3,Gurugram
2017-04-24,29.5,32,9.9,Gurugram
2017-04-25,29.4,28,11.9,Gurugram
2017-04-26,29.1,27,10.3,Gurugram
2017-04-27,29.9,27,8.3,Gurugram
2017-04-28,29.5,31,9.6,Gurugram
2017-04-29,29.9,32,7.3,Gurugram
2017-04-30,29.3,36,11.9,Gurugram
2017-05-01,28.6,36,7.1,Gurugram
2017-05-02,30.4,27,6.2,Gurugram
2017-05-03,30.2,32,8.0,Gurugram
2017-05-04,30.5,30,13.1,Gurugram
2017-05-05,30.5,28,9.1,Gurugram
2017-05-06,32.4,27,6.5,Gurugram
2017-05-07,33.5,25,7.3,Gurugram
2017-05-08,33.6,25,8.4,Gurugram
2017-05-09,33.3,29,12.3,Gurugram
2017-05-10,32.3,42,13.6,Gurugram
2017-05-11,32.6,41,9.4,Gurugram
2017-05-12,32.8,37,8.6,Gurugram
2017-05-13,33.1,34,9.7,Gurugram
2017-05-14,34.3,25,8.6,Gurugram
2017-05-15,34.6,22,10.4,Gurugram
2017-05-16,33.1,27,10.9,Gurugram
2017-05-17,30.9,39,7.8,Gurugram
2017-05-18,31.6,40,9.5,Gurugram
2017-05-19,33.0,36,8.6,Gurugram
2017-05-20,32.5,33,7.9,Gurugram
2017-05-21,31.7,36,9.7,Gurugram
2017-05-22,30.2,46,7.1,Gurugram
2017-05-23,30.9,45,8.7,Gurugram
2017-05-24,32.7,39,8.0,Gurugram
2017-05-25,33.2,39,8.8,Gurugram
2017-05-26,34.9,34,9.9,Gurugram
2017-05-27,33.2,45,16.1,Gurugram
2017-05-28,32.7,51,16.6,Gurugram
2017-05-29,30.2,55,13.4,Gurugram
2017-05-30,30.4,57,7.5,Gurugram
2017-05-31,31.0,56,12.5,Gurugram
2017-06-01,31.4,56,7.0,Gurugram
2017-06-02,32.9,45,7.9,Gurugram
2017-06-03,35.4,35,12.0,Gurugram
2017-06-04,37.2,25,15.5,Gurugram
2017-06-05,38.0,29,19.4,Gurugram
2017-06-06,36.6,38,16.6,Gurugram
2017-06-07,32.1,57,12.0,Gurugram
2017-06-08,31.7,56,5.9,Gurugram
2017-06-09,31.1,53,7.0,Gurugram
2017-06-10,32.0,51,5.7,Gurugram
2017-06-11,31.9,46,7.4,Gurugram
2017-06-12,32.6,42,9.4,Gurugram
2017-06-13,33.5,38,10.3,Gurugram
2017-06-14,34.3,34,12.4,Gurugram
2017-06-15,33.0,47,10.1,Gurugram
2017-06-16,31.0,50,6.9,Gurugram
2017-06-17,30.5,62,7.9,Gurugram
2017-06-18,30.8,66,8.1,Gurugram
2017-06-19,31.5,64,10.0,Gurugram
2017-06-20,30.1,68,5.7,Gurugram
2017-06-21,29.0,68,9.8,Gurugram
2017-06-22,29.1,67,8.1,Gurugram
2017-06-23,29.4,68,6.5,Gurugram
2017-06-24,31.8,59,4.8,Gurugram
2017-06-25,33.5,54,8.6,Gurugram
2017-06-26,33.7,58,10.5,Gurugram
2017-06-27,33.0,60,11.1,Gurugram
2017-06-28,29.6,79,11.6,Gurugram
2017-06-29,28.2,83,12.0,Gurugram
2017-06-30,27.9,86,8.5,Gurugram
2017-07-01,28.4,85,5.5,Gurugram
2017-07-02,28.1,86,8.7,Gurugram
2017-07-03,29.3,79,4.4,Gurugram
2017-07-04,31.0,72,15.2,Gurugram
2017-07-05,31.0,68,12.3,Gurugram
2017-07-06,30.7,66,9.1,Gurugram
2017-07-07,30.4,72,9.5,Gurugram
2017-07-08,31.3,68,8.6,Gurugram
2017-07-09,32.5,59,11.8,Gurugram
2017-07-10,32.6,55,14.9,Gurugram
2017-07-11,30.9,62,10.5,Gurugram
2017-07-12,28.4,78,10.9,Gurugram
2017-07-13,29.4,70,12.6,Gurugram
2017-07-14,29.9,72,12.7,Gurugram
2017-07-15,29.6,76,12.6,Gurugram
2017-07-16,29.9,78,8.8,Gurugram
2017-07-17,30.0,78,8.3,Gurugram
2017-07-18,29.9,80,6.5,Gurugram
2017-07-19,31.3,73,5.8,Gurugram
2017-07-20,29.6,77,10.0,Gurugram
2017-07-21,29.6,76,11.4,Gurugram
2017-07-22,28.1,81,16.7,Gurugram
2017-07-23,27.8,82,17.3,Gurugram
2017-07-24,27.7,82,14.6,Gurugram
2017-07-25,27.7,83,12.6,Gurugram
2017-07-26,28.9,77,10.6,Gurugram
2017-07-27,29.7,73,11.8,Gurugram
2017-07-28,29.5,72,14.5,Gurugram
2017-07-29,28.9,76,16.5,Gurugram
2017-07-30,28.7,79,8.8,Gurugram
2017-07-31,27.3,85,7.5,Gurugram
2017-08-01,26.3,93,10.0,Gurugram
2017-08-02,28.2,82,9.8,Gurugram
2017-08-03,29.2,73,14.4,Gurugram
2017-08-04,29.2,73,9.9,Gurugram
2017-08-05,29.7,71,6.9,Gurugram
2017-08-06,29.6,76,6.6,Gurugram
2017-08-07,28.6,84,4.9,Gurugram
2017-08-08,28.4,87,4.0,Gurugram
2017-08-09,27.7,89,5.6,Gurugram
2017-08-10,28.7,81,12.0,Gurugram
2017-08-11,30.2,70,17.5,Gurugram
2017-08-12,29.8,69,18.9,Gurugram
2017-08-13,29.7,70,15.0,Gurugram
2017-08-14,29.5,69,8.3,Gurugram
2017-08-15,29.5,71,9.2,Gurugram
2017-08-16,30.5,65,12.6,Gurugram
2017-08-17,31.1,64,12.1,Gurugram
2017-08-18,31.0,64,10.5,Gurugram
2017-08-19,28.2,84,12.4,Gurugram
2017-08-20,29.4,75,12.3,Gurugram
2017-08-21,29.1,79,10.5,Gurugram
2017-08-22,29.1,80,8.6,Gurugram
2017-08-23,28.1,86,7.3,Gurugram
2017-08-24,28.7,84,6.3,Gurugram
2017-08-25,28.2,85,4.5,Gurugram
2017-08-26,27.4,88,5.0,Gurugram
2017-08-27,28.4,83,6.2,Gurugram
2017-08-28,27.6,82,13.1,Gurugram
2017-08-29,28.0,79,16.0,Gurugram
2017-08-30,28.1,81,14.5,Gurugram
2017-08-31,26.4,90,9.8,Gurugram
2017-09-01,26.8,85,9.6,Gurugram
2017-09-02,25.6,87,9.1,Gurugram
2017-09-03,27.6,79,5.7,Gurugram
2017-09-04,28.5,78,9.9,Gurugram
2017-09-05,28.3,79,8.9,Gurugram
2017-09-06,28.6,75,6.8,Gurugram
2017-09-07,27.6,81,7.0,Gurugram
2017-09-08,28.2,81,5.9,Gurugram
2017-09-09,28.8,77,7.3,Gurugram
2017-09-10,30.0,70,5.9,Gurugram
2017-09-11,29.8,71,5.9,Gurugram
2017-09-12,29.4,71,5.7,Gurugram
2017-09-13,29.7,70,6.0,Gurugram
2017-09-14,29.6,72,4.9,Gurugram
2017-09-15,29.3,70,6.9,Gurugram
2017-09-16,28.5,69,6.1,Gurugram
2017-09-17,28.8,66,9.2,Gurugram
2017-09-18,29.0,64,9.1,Gurugram
2017-09-19,29.3,74,5.5,Gurugram
2017-09-20,29.4,67,5.8,Gurugram
2017-09-21,29.1,70,10.4,Gurugram
2017-09-22,25.9,82,12.6,Gurugram
2017-09-23,24.3,90,10.1,Gurugram
2017-09-24,25.8,79,11.4,Gurugram
2017-09-25,28.1,71,8.4,Gurugram
2017-09-26,28.6,67,5.9,Gurugram
2017-09-27,28.9,61,6.4,Gurugram
2017-09-28,28.9,59,6.7,Gurugram
2017-09-29,28.9,61,7.0,Gurugram
2017-09-30,29.3,59,7.0,Gurugram
2017-10-01,29.0,53,7.5,Gurugram
2017-10-02,29.8,48,8.0,Gurugram
2017-10-03,28.4,49,7.8,Gurugram
2017-10-04,28.5,58,7.9,Gurugram
2017-10-05,28.4,62,8.5,Gurugram
2017-10-06,28.3,53,8.0,Gurugram
2017-10-07,28.0,48,6.8,Gurugram
2017-10-08,28.1,54,6.3,Gurugram
2017-10-09,28.7,55,5.9,Gurugram
2017-10-10,28.6,52,6.5,Gurugram
2017-10-11,28.5,52,7.1,Gurugram
2017-10-12,28.2,53,6.6,Gurugram
2017-10-13,27.9,48,7.2,Gurugram
2017-10-14,28.2,49,7.4,Gurugram
2017-10-15,28.0,50,5.5,Gurugram
2017-10-16,27.9,49,7.1,Gurugram
2017-10-17,26.5,50,8.7,Gurugram
2017-10-18,26.2,56,7.9,Gurugram
2017-10-19,27.1,62,6.0,Gurugram
2017-10-20,27.9,56,6.4,Gurugram
2017-10-21,27.6,50,6.8,Gurugram
2017-10-22,27.1,47,9.3,Gurugram
2017-10-23,26.5,49,6.6,Gurugram
2017-10-24,26.1,50,8.4,Gurugram
2017-10-25,24.9,45,6.9,Gurugram
2017-10-26,24.8,49,8.0,Gurugram
2017-10-27,24.1,58,7.7,Gurugram
2017-10-28,24.9,57,7.1,Gurugram
2017-10-29,24.5,55,7.1,Gurugram
2017-10-30,23.6,59,6.3,Gurugram
2017-10-31,23.9,62,5.5,Gurugram
2017-11-01,24.5,59,8.5,Gurugram
2017-11-02,24.2,66,6.6,Gurugram
2017-11-03,23.8,67,6.2,Gurugram
2017-11-04,23.0,69,6.5,Gurugram
2017-11-05,23.2,67,5.2,Gurugram
2017-11-06,23.2,63,6.0,Gurugram
2017-11-07,22.7,69,6.0,Gurugram
2017-11-08,22.4,68,6.4,Gurugram
2017-11-09,22.4,69,6.7,Gurugram
2017-11-10,21.6,68,7.0,Gurugram
2017-11-11,21.1,67,6.7,Gurugram
2017-11-12,21.0,68,6.5,Gurugram
2017-11-13,21.2,64,7.0,Gurugram
2017-11-14,21.2,63,12.3,Gurugram
2017-11-15,21.1,60,9.4,Gurugram
2017-11-16,20.3,62,8.5,Gurugram
2017-11-17,19.7,70,8.3,Gurugram
2017-11-18,19.8,69,8.9,Gurugram
2017-11-19,18.6,53,10.8,Gurugram
2017-11-20,16.4,53,9.5,Gurugram
2017-11-21,15.9,53,11.0,Gurugram
2017-11-22,16.0,52,9.9,Gurugram
2017-11-23,15.9,48,10.5,Gurugram
2017-11-24,16.1,49,8.9,Gurugram
2017-11-25,16.3,54,8.9,Gurugram
2017-11-26,17.0,58,7.7,Gurugram
2017-11-27,16.3,60,10.8,Gurugram
2017-11-28,16.8,57,8.7,Gurugram
2017-11-29,17.8,60,6.7,Gurugram
2017-11-30,17.6,64,6.0,Gurugram
2017-12-01,16.7,59,5.2,Gurugram
2017-12-02,16.6,55,5.2,Gurugram
2017-12-03,16.5,56,4.3,Gurugram
2017-12-04,16.6,60,4.9,Gurugram
2017-12-05,17.4,60,5.5,Gurugram
2017-12-06,17.1,53,7.1,Gurugram
2017-12-07,17.0,37,9.4,Gurugram
2017-12-08,15.6,40,9.9,Gurugram
2017-12-09,16.1,44,6.3,Gurugram
2017-12-10,16.5,57,5.2,Gurugram
2017-12-11,16.5,66,8.0,Gurugram
2017-12-12,16.0,84,5.0,Gurugram
2017-12-13,13.7,85,5.9,Gurugram
2017-12-14,12.6,75,8.4,Gurugram
2017-12-15,12.3,72,10.2,Gurugram
2017-12-16,12.0,67,12.4,Gurugram
2017-12-17,13.1,54,14.1,Gurugram
2017-12-18,14.9,48,15.7,Gurugram
2017-12-19,14.4,59,10.9,Gurugram
2017-12-20,14.9,72,7.6,Gurugram
2017-12-21,15.4,78,8.2,Gurugram
2017-12-22,15.7,69,12.1,Gurugram
2017-12-23,14.8,65,12.7,Gurugram
2017-12-24,14.9,66,5.5,Gurugram
2017-12-25,14.4,70,8.4,Gurugram
2017-12-26,13.8,73,9.3,Gurugram
2017-12-27,14.7,67,6.5,Gurugram
2017-12-28,15.2,68,5.7,Gurugram
2017-12-29,14.1,75,7.1,Gurugram
2017-12-30,14.2,73,5.6,Gurugram
2017-12-31,13.3,73,5.4,Gurugram
2018-01-01,12.5,66,6.4,Gurugram
2018-01-02,13.1,68,4.8,Gurugram
2018-01-03,12.1,72,6.4,Gurugram
2018-01-04,11.5,75,6.3,Gurugram
2018-01-05,12.2,74,6.9,Gurugram
2018-01-06,11.9,77,6.7,Gurugram
2018-01-07,11.1,72,9.8,Gurugram
2018-01-08,11.5,72,9.8,Gurugram
2018-01-09,11.3,74,9.1,Gurugram
2018-01-10,12.5,71,11.6,Gurugram
2018-01-11,13.0,67,12.0,Gurugram
2018-01-12,14.6,57,8.1,Gurugram
2018-01-13,14.0,67,7.0,Gurugram
2018-01-14,12.7,70,9.3,Gurugram
2018-01-15,12.9,67,10.9,Gurugram
2018-01-16,13.7,59,9.7,Gurugram
2018-01-17,13.7,71,11.1,Gurugram
2018-01-18,15.2,76,6.2,Gurugram
2018-01-19,15.0,76,8.5,Gurugram
2018-01-20,13.5,68,10.8,Gurugram
2018-01-21,12.8,60,6.6,Gurugram
2018-01-22,13.8,68,8.9,Gurugram
2018-01-23,13.5,79,12.9,Gurugram
2018-01-24,12.3,84,7.8,Gurugram
2018-01-25,12.3,82,10.3,Gurugram
2018-01-26,12.2,82,7.8,Gurugram
2018-01-27,11.9,80,8.0,Gurugram
2018-01-28,12.4,76,8.2,Gurugram
2018-01-29,12.9,77,9.4,Gurugram
2018-01-30,15.6,70,13.2,Gurugram
2018-01-31,16.7,68,14.3,Gurugram
2018-02-01,16.7,71,8.7,Gurugram
2018-02-02,16.1,76,8.0,Gurugram
2018-02-03,15.4,64,8.4,Gurugram
2018-02-04,13.2,64,10.1,Gurugram
2018-02-05,14.1,59,7.1,Gurugram
2018-02-06,15.3,54,9.4,Gurugram
2018-02-07,13.6,55,10.4,Gurugram
2018-02-08,14.0,59,7.5,Gurugram
2018-02-09,13.6,64,8.2,Gurugram
2018-02-10,16.1,53,6.7,Gurugram
2018-02-11,16.3,56,11.8,Gurugram
2018-02-12,16.1,78,15.1,Gurugram
2018-02-13,15.3,81,7.1,Gurugram
2018-02-14,15.1,67,12.1,Gurugram
2018-02-15,16.4,66,13.2,Gurugram
2018-02-16,17.0,70,9.9,Gurugram
2018-02-17,17.4,69,10.0,Gurugram
2018-02-18,17.0,65,9.1,Gurugram
2018-02-19,17.3,58,7.2,Gurugram
2018-02-20,18.1,63,8.4,Gurugram
2018-02-21,20.7,62,6.0,Gurugram
2018-02-22,21.1,66,6.1,Gurugram
2018-02-23,21.4,70,6.0,Gurugram
2018-02-24,21.3,72,8.9,Gurugram
2018-02-25,20.5,72,8.9,Gurugram
2018-02-26,20.1,64,14.3,Gurugram
2018-02-27,20.9,64,10.2,Gurugram
2018-02-28,21.0,69,7.3,Gurugram
2018-03-01,21.2,67,7.6,Gurugram
2018-03-02,22.2,62,7.7,Gurugram
2018-03-03,22.1,62,7.4,Gurugram
2018-03-04,21.0,62,9.7,Gurugram
2018-03-05,19.9,60,9.1,Gurugram
2018-03-06,19.6,54,10.9,Gurugram
2018-03-07,20.2,56,10.1,Gurugram
2018-03-08,21.8,54,4.9,Gurugram
2018-03-09,22.1,56,8.4,Gurugram
2018-03-10,22.3,52,10.3,Gurugram
2018-03-11,22.3,56,9.6,Gurugram
2018-03-12,22.9,56,9.7,Gurugram
2018-03-13,24.3,50,8.4,Gurugram
2018-03-14,24.9,38,8.3,Gurugram
2018-03-15,23.3,44,9.6,Gurugram
2018-03-16,22.4,49,8.5,Gurugram
2018-03-17,21.2,44,11.2,Gurugram
2018-03-18,22.2,43,10.0,Gurugram
2018-03-19,23.8,41,6.9,Gurugram
2018-03-20,24.3,48,5.9,Gurugram
2018-03-21,23.5,55,10.3,Gurugram
2018-03-22,22.4,59,7.1,Gurugram
2018-03-23,22.3,55,8.6,Gurugram
2018-03-24,23.3,51,9.4,Gurugram
2018-03-25,24.2,46,11.2,Gurugram
2018-03-26,24.9,45,11.7,Gurugram
2018-03-27,25.5,43,9.0,Gurugram
2018-03-28,27.0,39,10.2,Gurugram
2018-03-29,26.1,38,12.3,Gurugram
2018-03-30,26.4,35,13.1,Gurugram
2018-03-31,25.6,47,11.0,Gurugram
2018-04-01,26.4,45,10.7,Gurugram
2018-04-02,27.7,46,8.6,Gurugram
2018-04-03,29.0,42,8.9,Gurugram
2018-04-04,29.0,39,7.9,Gurugram
2018-04-05,28.1,49,7.7,Gurugram
2018-04-06,27.4,54,7.4,Gurugram
2018-04-07,27.1,52,11.1,Gurugram
2018-04-08,27.0,53,14.0,Gurugram
2018-04-09,25.7,60,10.4,Gurugram
2018-04-10,26.9,57,8.8,Gurugram
2018-04-11,25.5,62,12.2,Gurugram
2018-04-12,25.4,60,6.2,Gurugram
2018-04-13,25.7,47,6.9,Gurugram
2018-04-14,26.9,36,8.8,Gurugram
2018-04-15,28.2,36,7.1,Gurugram
2018-04-16,29.4,35,10.3,Gurugram
2018-04-17,28.9,37,7.7,Gurugram
2018-04-18,28.6,30,13.0,Gurugram
2018-04-19,29.2,30,10.6,Gurugram
2018-04-20,30.5,25,16.5,Gurugram
2018-04-21,26.4,31,10.6,Gurugram
2018-04-22,27.0,26,12.9,Gurugram
2018-04-23,27.8,23,12.7,Gurugram
2018-04-24,29.2,22,10.6,Gurugram
2018-04-25,31.1,22,9.3,Gurugram
2018-04-26,32.5,20,9.8,Gurugram
2018-04-27,30.9,41,12.7,Gurugram
2018-04-28,30.9,43,13.8,Gurugram
2018-04-29,30.9,41,9.7,Gurugram
2018-04-30,31.3,38,11.1,Gurugram
2018-05-01,31.0,50,17.4,Gurugram
2018-05-02,30.0,54,17.7,Gurugram
2018-05-03,28.8,58,15.7,Gurugram
2018-05-04,29.2,55,13.2,Gurugram
2018-05-05,30.4,48,7.8,Gurugram
2018-05-06,30.8,38,10.9,Gurugram
2018-05-07,30.0,37,8.7,Gurugram
2018-05-08,27.0,47,9.0,Gurugram
2018-05-09,27.3,47,8.4,Gurugram
2018-05-10,29.7,40,7.1,Gurugram
2018-05-11,31.8,39,6.4,Gurugram
2018-05-12,31.9,41,10.1,Gurugram
2018-05-13,29.2,58,10.7,Gurugram
2018-05-14,29.5,56,7.5,Gurugram
2018-05-15,30.5,53,8.5,Gurugram
2018-05-16,30.7,49,6.6,Gurugram
2018-05-17,31.3,35,7.2,Gurugram
2018-05-18,31.6,34,7.2,Gurugram
2018-05-19,31.3,42,7.2,Gurugram
2018-05-20,31.6,35,8.9,Gurugram
2018-05-21,32.5,21,10.6,Gurugram
2018-05-22,34.1,23,9.1,Gurugram
2018-05-23,34.1,26,9.3,Gurugram
2018-05-24,33.3,28,9.9,Gurugram
2018-05-25,34.1,30,6.7,Gurugram
2018-05-26,34.6,19,7.9,Gurugram
2018-05-27,34.6,18,10.7,Gurugram
2018-05-28,34.2,29,8.3,Gurugram
2018-05-29,34.1,31,12.0,Gurugram
2018-05-30,32.7,48,13.8,Gurugram
2018-05-31,33.8,45,9.9,Gurugram
2018-06-01,34.0,47,16.1,Gurugram
2018-06-02,33.2,47,14.2,Gurugram
2018-06-03,33.0,52,12.4,Gurugram
2018-06-04,34.9,44,15.5,Gurugram
2018-06-05,35.3,45,15.8,Gurugram
2018-06-06,33.9,53,11.5,Gurugram
2018-06-07,34.2,52,8.0,Gurugram
2018-06-08,35.1,51,14.8,Gurugram
2018-06-09,31.3,70,14.0,Gurugram
2018-06-10,31.6,68,6.2,Gurugram
2018-06-11,34.2,50,11.0,Gurugram
2018-06-12,35.3,42,13.5,Gurugram
2018-06-13,36.1,38,17.3,Gurugram
2018-06-14,35.7,37,19.4,Gurugram
2018-06-15,35.0,36,16.9,Gurugram
2018-06-16,34.8,41,14.5,Gurugram
2018-06-17,32.0,56,10.0,Gurugram
2018-06-18,30.9,57,7.8,Gurugram
2018-06-19,32.0,54,7.2,Gurugram
2018-06-20,34.2,48,4.7,Gurugram
2018-06-21,34.8,43,7.2,Gurugram
2018-06-22,35.7,39,5.4,Gurugram
2018-06-23,35.4,39,7.9,Gurugram
2018-06-24,35.0,42,6.9,Gurugram
2018-06-25,35.8,37,11.9,Gurugram
2018-06-26,32.4,53,6.9,Gurugram
2018-06-27,29.2,78,9.0,Gurugram
2018-06-28,28.5,82,14.3,Gurugram
2018-06-29,29.2,78,15.5,Gurugram
2018-06-30,29.4,80,6.8,Gurugram
2018-07-01,30.8,73,11.9,Gurugram
2018-07-02,30.9,70,11.3,Gurugram
2018-07-03,31.1,65,8.9,Gurugram
2018-07-04,29.5,73,9.1,Gurugram
2018-07-05,30.8,70,5.1,Gurugram
2018-07-06,31.2,67,7.4,Gurugram
2018-07-07,32.0,63,6.9,Gurugram
2018-07-08,32.7,61,6.7,Gurugram
2018-07-09,33.0,62,9.6,Gurugram
2018-07-10,33.2,65,10.5,Gurugram
2018-07-11,31.9,71,9.1,Gurugram
2018-07-12,30.0,78,7.9,Gurugram
2018-07-13,29.1,81,7.6,Gurugram
2018-07-14,28.6,83,7.8,Gurugram
2018-07-15,29.4,82,9.3,Gurugram
2018-07-16,29.4,83,9.8,Gurugram
2018-07-17,30.4,80,9.1,Gurugram
2018-07-18,30.3,79,9.9,Gurugram
2018-07-19,29.9,82,6.1,Gurugram
2018-07-20,29.1,86,4.2,Gurugram
2018-07-21,28.5,89,5.1,Gurugram
2018-07-22,27.5,89,5.2,Gurugram
2018-07-23,28.7,85,6.5,Gurugram
2018-07-24,29.9,78,4.9,Gurugram
2018-07-25,28.5,86,7.3,Gurugram
2018-07-26,26.9,90,7.8,Gurugram
2018-07-27,26.9,89,6.9,Gurugram
2018-07-28,28.0,84,11.9,Gurugram
2018-07-29,29.0,80,8.8,Gurugram
2018-07-30,29.3,77,11.3,Gurugram
2018-07-31,29.8,75,11.2,Gurugram
2018-08-01,30.1,73,11.8,Gurugram
2018-08-02,30.6,67,10.9,Gurugram
2018-08-03,30.6,65,12.7,Gurugram
2018-08-04,30.6,63,12.0,Gurugram
2018-08-05,29.5,69,11.6,Gurugram
2018-08-06,26.8,84,6.6,Gurugram
2018-08-07,26.6,91,5.0,Gurugram
2018-08-08,27.7,87,8.0,Gurugram
2018-08-09,29.2,80,8.6,Gurugram
2018-08-10,29.5,82,5.2,Gurugram
2018-08-11,29.8,77,13.6,Gurugram
2018-08-12,29.2,76,8.7,Gurugram
2018-08-13,29.2,74,5.4,Gurugram
2018-08-14,29.7,75,6.9,Gurugram
2018-08-15,29.0,83,7.4,Gurugram
2018-08-16,29.1,85,6.7,Gurugram
2018-08-17,29.5,82,9.7,Gurugram
2018-08-18,29.4,83,7.2,Gurugram
2018-08-19,28.7,87,6.1,Gurugram
2018-08-20,29.3,84,4.7,Gurugram
2018-08-21,29.5,84,6.4,Gurugram
2018-08-22,29.2,84,6.5,Gurugram
2018-08-23,28.2,87,8.5,Gurugram
2018-08-24,28.6,83,9.9,Gurugram
2018-08-25,28.5,78,11.8,Gurugram
2018-08-26,28.8,77,8.4,Gurugram
2018-08-27,27.8,87,4.0,Gurugram
2018-08-28,27.6,89,6.8,Gurugram
2018-08-29,28.0,88,5.7,Gurugram
2018-08-30,29.1,85,6.3,Gurugram
2018-08-31,29.8,78,9.6,Gurugram
2018-09-01,28.6,82,6.6,Gurugram
2018-09-02,26.6,90,5.1,Gurugram
2018-09-03,26.6,89,3.9,Gurugram
2018-09-04,26.6,91,4.4,Gurugram
2018-09-05,27.8,83,8.8,Gurugram
2018-09-06,28.0,81,6.5,Gurugram
2018-09-07,27.9,86,5.8,Gurugram
2018-09-08,27.3,85,13.8,Gurugram
2018-09-09,26.7,83,14.1,Gurugram
2018-09-10,27.4,83,6.4,Gurugram
2018-09-11,27.7,83,8.2,Gurugram
2018-09-12,28.7,75,13.3,Gurugram
2018-09-13,28.5,70,12.8,Gurugram
2018-09-14,27.7,71,8.6,Gurugram
2018-09-15,27.7,68,8.0,Gurugram
2018-09-16,27.9,67,8.0,Gurugram
2018-09-17,27.7,73,7.3,Gurugram
2018-09-18,27.7,67,8.3,Gurugram
2018-09-19,27.8,67,7.9,Gurugram
2018-09-20,28.2,70,5.7,Gurugram
2018-09-21,27.3,76,13.5,Gurugram
2018-09-22,24.9,88,16.2,Gurugram
2018-09-23,25.6,88,20.3,Gurugram
2018-09-24,24.7,91,14.6,Gurugram
2018-09-25,25.0,83,13.2,Gurugram
2018-09-26,25.8,82,7.2,Gurugram
2018-09-27,26.5,78,5.2,Gurugram
2018-09-28,27.2,74,5.5,Gurugram
2018-09-29,26.4,69,6.2,Gurugram
2018-09-30,26.3,76,9.3,Gurugram
2018-10-01,26.8,70,6.7,Gurugram
2018-10-02,27.3,66,6.2,Gurugram
2018-10-03,26.6,62,6.0,Gurugram
2018-10-04,26.2,69,5.9,Gurugram
2018-10-05,26.1,69,6.0,Gurugram
2018-10-06,25.4,66,7.3,Gurugram
2018-10-07,25.6,65,6.1,Gurugram
2018-10-08,26.6,62,4.6,Gurugram
2018-10-09,26.0,69,8.3,Gurugram
2018-10-10,25.5,74,10.9,Gurugram
2018-10-11,24.5,77,8.7,Gurugram
2018-10-12,23.9,68,6.1,Gurugram
2018-10-13,23.3,63,8.0,Gurugram
2018-10-14,23.1,59,9.1,Gurugram
2018-10-15,25.0,54,4.6,Gurugram
2018-10-16,25.3,61,7.8,Gurugram
2018-10-17,25.3,61,6.7,Gurugram
2018-10-18,25.0,67,9.6,Gurugram
2018-10-19,25.0,58,6.5,Gurugram
2018-10-20,24.7,53,6.2,Gurugram
2018-10-21,23.5,52,8.3,Gurugram
2018-10-22,22.6,48,8.1,Gurugram
2018-10-23,22.3,48,7.3,Gurugram
2018-10-24,23.4,52,6.5,Gurugram
2018-10-25,23.1,57,6.7,Gurugram
2018-10-26,23.0,59,7.4,Gurugram
2018-10-27,23.3,58,6.4,Gurugram
2018-10-28,23.1,60,7.0,Gurugram
2018-10-29,23.4,60,5.9,Gurugram
2018-10-30,23.3,62,4.7,Gurugram
2018-10-31,22.8,64,6.0,Gurugram
2018-11-01,23.0,63,5.3,Gurugram
2018-11-02,24.4,60,7.7,Gurugram
2018-11-03,24.0,62,14.6,Gurugram
2018-11-04,22.1,59,9.1,Gurugram
2018-11-05,19.6,62,8.3,Gurugram
2018-11-06,19.4,51,10.9,Gurugram
2018-11-07,18.9,40,7.0,Gurugram
2018-11-08,19.5,49,4.8,Gurugram
2018-11-09,20.0,59,4.8,Gurugram
2018-11-10,20.6,62,4.5,Gurugram
2018-11-11,21.5,60,4.5,Gurugram
2018-11-12,21.3,66,5.6,Gurugram
2018-11-13,22.3,68,6.6,Gurugram
2018-11-14,21.7,69,7.4,Gurugram
2018-11-15,20.6,72,8.6,Gurugram
2018-11-16,18.9,63,12.2,Gurugram
2018-11-17,18.5,63,9.1,Gurugram
2018-11-18,20.3,62,7.7,Gurugram
2018-11-19,21.1,61,11.9,Gurugram
2018-11-20,20.2,71,7.1,Gurugram
2018-11-21,19.0,66,9.9,Gurugram
2018-11-22,19.4,56,6.5,Gurugram
2018-11-23,19.3,56,10.6,Gurugram
2018-11-24,18.7,56,13.1,Gurugram
2018-11-25,18.1,60,7.1,Gurugram
2018-11-26,18.6,64,6.9,Gurugram
2018-11-27,19.0,69,7.1,Gurugram
2018-11-28,19.2,73,5.3,Gurugram
2018-11-29,18.5,73,6.8,Gurugram
2018-11-30,17.4,73,9.8,Gurugram
2018-12-01,17.2,66,8.4,Gurugram
2018-12-02,17.7,56,4.7,Gurugram
2018-12-03,17.7,60,3.8,Gurugram
2018-12-04,16.5,67,6.2,Gurugram
2018-12-05,16.0,71,6.0,Gurugram
2018-12-06,16.2,68,6.8,Gurugram
2018-12-07,15.6,71,8.5,Gurugram
2018-12-08,15.8,69,6.4,Gurugram
2018-12-09,15.7,67,5.0,Gurugram
2018-12-10,16.1,68,8.3,Gurugram
2018-12-11,15.8,69,5.6,Gurugram
2018-12-12,15.0,73,8.2,Gurugram
2018-12-13,13.8,78,7.7,Gurugram
2018-12-14,12.9,73,7.7,Gurugram
2018-12-15,12.5,73,9.0,Gurugram
2018-12-16,12.1,69,8.9,Gurugram
2018-12-17,11.8,73,9.4,Gurugram
2018-12-18,11.9,70,9.3,Gurugram
2018-12-19,12.0,70,7.9,Gurugram
2018-12-20,12.3,69,6.1,Gurugram
2018-12-21,11.1,71,7.7,Gurugram
2018-12-22,11.3,71,6.1,Gurugram
2018-12-23,12.3,71,7.9,Gurugram
2018-12-24,12.7,70,6.9,Gurugram
2018-12-25,11.0,72,9.9,Gurugram
2018-12-26,10.6,68,7.2,Gurugram
2018-12-27,11.5,65,6.5,Gurugram
2018-12-28,10.5,70,10.8,Gurugram
2018-12-29,10.7,65,8.9,Gurugram
2018-12-30,12.8,60,3.9,Gurugram
2018-12-31,12.2,69,7.9,Gurugram
2019-01-01,11.9,72,6.7,Gurugram
2019-01-02,13.9,72,7.5,Gurugram
2019-01-03,12.3,76,8.7,Gurugram
2019-01-04,11.8,74,6.8,Gurugram
2019-01-05,13.4,69,12.7,Gurugram
2019-01-06,12.7,78,9.0,Gurugram
2019-01-07,11.5,81,8.4,Gurugram
2019-01-08,11.6,77,9.3,Gurugram
2019-01-09,12.0,72,11.1,Gurugram
2019-01-10,12.0,70,6.4,Gurugram
2019-01-11,12.6,70,6.3,Gurugram
2019-01-12,13.1,71,5.9,Gurugram
2019-01-13,14.1,73,6.5,Gurugram
2019-01-14,11.8,62,12.3,Gurugram
2019-01-15,11.1,58,11.6,Gurugram
2019-01-16,11.8,66,6.6,Gurugram
2019-01-17,12.2,72,7.5,Gurugram
2019-01-18,11.9,73,8.0,Gurugram
2019-01-19,13.8,68,6.2,Gurugram
2019-01-20,16.5,75,6.9,Gurugram
2019-01-21,16.2,78,15.1,Gurugram
2019-01-22,14.7,85,13.6,Gurugram
2019-01-23,13.0,86,6.1,Gurugram
2019-01-24,13.1,85,6.8,Gurugram
2019-01-25,11.5,81,8.1,Gurugram
2019-01-26,10.3,68,8.9,Gurugram
2019-01-27,9.0,71,10.1,Gurugram
2019-01-28,9.4,66,10.8,Gurugram
2019-01-29,9.9,65,11.1,Gurugram
2019-01-30,10.8,70,8.0,Gurugram
2019-01-31,13.2,67,11.8,Gurugram
2019-02-01,13.9,74,8.3,Gurugram
2019-02-02,12.0,83,8.2,Gurugram
2019-02-03,12.0,82,7.3,Gurugram
2019-02-04,13.1,76,6.2,Gurugram
2019-02-05,15.6,77,8.4,Gurugram
2019-02-06,17.3,84,13.3,Gurugram
2019-02-07,15.8,88,20.2,Gurugram
2019-02-08,12.3,69,8.4,Gurugram
2019-02-09,12.0,67,11.4,Gurugram
2019-02-10,12.0,72,7.5,Gurugram
2019-02-11,13.7,67,5.3,Gurugram
2019-02-12,15.2,72,4.3,Gurugram
2019-02-13,16.7,71,7.7,Gurugram
2019-02-14,16.9,81,15.9,Gurugram
2019-02-15,15.7,84,7.8,Gurugram
2019-02-16,14.0,84,8.7,Gurugram
2019-02-17,14.4,80,9.6,Gurugram
2019-02-18,16.5,71,12.3,Gurugram
2019-02-19,17.2,72,6.7,Gurugram
2019-02-20,17.4,80,13.4,Gurugram
2019-02-21,19.3,77,11.3,Gurugram
2019-02-22,17.8,72,13.5,Gurugram
2019-02-23,14.9,63,13.3,Gurugram
2019-02-24,15.2,66,7.5,Gurugram
2019-02-25,15.7,61,8.0,Gurugram
2019-02-26,15.7,66,13.1,Gurugram
2019-02-27,13.2,80,6.9,Gurugram
2019-02-28,12.8,70,8.9,Gurugram
2019-03-01,13.9,66,8.4,Gurugram
2019-03-02,15.1,71,6.7,Gurugram
2019-03-03,15.7,80,9.2,Gurugram
2019-03-04,16.6,81,6.8,Gurugram
2019-03-05,15.6,71,9.5,Gurugram
2019-03-06,16.4,63,9.8,Gurugram
2019-03-07,17.5,59,6.2,Gurugram
2019-03-08,17.9,61,9.1,Gurugram
2019-03-09,17.8,66,10.8,Gurugram
2019-03-10,17.5,54,8.8,Gurugram
2019-03-11,20.2,52,15.2,Gurugram
2019-03-12,19.3,59,10.2,Gurugram
2019-03-13,17.6,66,6.5,Gurugram
2019-03-14,17.0,73,10.6,Gurugram
2019-03-15,17.3,67,9.6,Gurugram
2019-03-16,17.5,58,8.8,Gurugram
2019-03-17,19.6,50,7.5,Gurugram
2019-03-18,19.9,51,6.9,Gurugram
2019-03-19,21.6,50,8.6,Gurugram
2019-03-20,23.2,46,13.3,Gurugram
2019-03-21,22.3,51,9.8,Gurugram
2019-03-22,21.3,44,11.4,Gurugram
2019-03-23,21.7,41,12.7,Gurugram
2019-03-24,23.4,48,10.9,Gurugram
2019-03-25,21.6,62,11.4,Gurugram
2019-03-26,21.8,60,10.4,Gurugram
2019-03-27,23.4,52,7.1,Gurugram
2019-03-28,25.7,53,7.0,Gurugram
2019-03-29,27.0,53,5.7,Gurugram
2019-03-30,26.7,54,8.2,Gurugram
2019-03-31,25.7,43,12.8,Gurugram
2019-04-01,24.8,33,12.0,Gurugram
2019-04-02,25.5,38,7.8,Gurugram
2019-04-03,26.0,39,7.5,Gurugram
2019-04-04,27.9,39,8.2,Gurugram
2019-04-05,29.0,41,7.0,Gurugram
2019-04-06,29.0,43,8.3,Gurugram
2019-04-07,28.4,50,9.7,Gurugram
2019-04-08,27.1,53,12.1,Gurugram
2019-04-09,28.5,45,8.3,Gurugram
2019-04-10,29.0,42,7.3,Gurugram
2019-04-11,29.8,37,8.0,Gurugram
2019-04-12,29.3,36,9.3,Gurugram
2019-04-13,29.7,38,10.8,Gurugram
2019-04-14,30.2,35,11.7,Gurugram
2019-04-15,30.6,32,10.5,Gurugram
2019-04-16,26.1,51,13.3,Gurugram
2019-04-17,21.6,74,11.9,Gurugram
2019-04-18,22.5,66,5.8,Gurugram
2019-04-19,23.9,55,8.1,Gurugram
2019-04-20,25.7,49,7.0,Gurugram
2019-04-21,27.9,42,8.9,Gurugram
2019-04-22,29.8,39,7.9,Gurugram
2019-04-23,31.8,35,8.0,Gurugram
2019-04-24,32.5,34,10.1,Gurugram
2019-04-25,33.0,35,12.4,Gurugram
2019-04-26,32.6,33,11.4,Gurugram
2019-04-27,32.7,24,15.3,Gurugram
2019-04-28,32.6,21,13.8,Gurugram
2019-04-29,32.5,21,9.0,Gurugram
2019-04-30,33.7,20,12.2,Gurugram
2019-05-01,32.3,25,7.9,Gurugram
2019-05-02,31.2,34,14.8,Gurugram
2019-05-03,30.5,34,10.2,Gurugram
2019-05-04,30.3,26,12.0,Gurugram
2019-05-05,30.4,21,11.4,Gurugram
2019-05-06,31.0,22,10.7,Gurugram
2019-05-07,31.6,22,14.0,Gurugram
2019-05-08,32.8,20,13.0,Gurugram
2019-05-09,33.6,21,16.2,Gurugram
2019-05-10,34.0,21,14.2,Gurugram
2019-05-11,31.4,32,12.0,Gurugram
2019-05-12,31.1,32,9.6,Gurugram
2019-05-13,31.9,30,7.5,Gurugram
2019-05-14,29.6,44,8.1,Gurugram
2019-05-15,30.0,45,7.6,Gurugram
2019-05-16,29.7,47,8.4,Gurugram
2019-05-17,27.9,59,7.4,Gurugram
2019-05-18,27.3,60,11.6,Gurugram
2019-05-19,29.9,43,9.7,Gurugram
2019-05-20,31.8,35,9.4,Gurugram
2019-05-21,32.1,34,9.3,Gurugram
2019-05-22,32.2,38,9.0,Gurugram
2019-05-23,32.5,41,7.2,Gurugram
2019-05-24,30.5,47,11.3,Gurugram
2019-05-25,30.7,41,12.6,Gurugram
2019-05-26,31.1,37,10.0,Gurugram
2019-05-27,32.8,30,9.8,Gurugram
2019-05-28,32.9,23,11.0,Gurugram
2019-05-29,33.9,24,9.3,Gurugram
2019-05-30,35.1,24,8.8,Gurugram
2019-05-31,36.0,21,10.3,Gurugram
2019-06-01,36.0,25,9.4,Gurugram
2019-06-02,35.6,38,12.5,Gurugram
2019-06-03,35.0,44,15.9,Gurugram
2019-06-04,35.0,41,13.8,Gurugram
2019-06-05,35.6,39,9.0,Gurugram
2019-06-06,35.3,35,10.5,Gurugram
2019-06-07,34.0,41,9.1,Gurugram
2019-06-08,35.1,34,8.0,Gurugram
2019-06-09,36.2,25,7.8,Gurugram
2019-06-10,36.9,23,7.7,Gurugram
2019-06-11,37.0,24,11.3,Gurugram
2019-06-12,34.9,41,11.7,Gurugram
2019-06-13,35.2,38,11.4,Gurugram
2019-06-14,35.6,31,14.0,Gurugram
2019-06-15,36.3,25,13.7,Gurugram
2019-06-16,33.4,44,18.9,Gurugram
2019-06-17,33.1,48,16.8,Gurugram
2019-06-18,30.2,58,7.0,Gurugram
2019-06-19,30.3,56,7.0,Gurugram
2019-06-20,31.1,50,6.9,Gurugram
2019-06-21,32.4,52,6.7,Gurugram
2019-06-22,33.6,44,8.1,Gurugram
2019-06-23,33.8,49,12.8,Gurugram
2019-06-24,31.5,60,8.5,Gurugram
2019-06-25,32.3,62,5.4,Gurugram
2019-06-26,34.2,50,7.9,Gurugram
2019-06-27,34.3,41,10.3,Gurugram
2019-06-28,35.0,40,13.2,Gurugram
2019-06-29,35.5,39,12.0,Gurugram
2019-06-30,36.2,37,11.5,Gurugram
2019-07-01,35.2,42,7.0,Gurugram
2019-07-02,35.1,45,7.4,Gurugram
2019-07-03,33.5,56,11.2,Gurugram
2019-07-04,33.1,58,10.2,Gurugram
2019-07-05,30.7,72,4.9,Gurugram
2019-07-06,30.6,71,6.3,Gurugram
2019-07-07,31.3,67,4.9,Gurugram
2019-07-08,31.9,67,6.8,Gurugram
2019-07-09,30.5,73,8.6,Gurugram
2019-07-10,31.5,71,10.2,Gurugram
2019-07-11,33.5,55,14.7,Gurugram
2019-07-12,33.9,48,15.7,Gurugram
2019-07-13,34.3,45,19.6,Gurugram
2019-07-14,33.1,49,16.6,Gurugram
2019-07-15,30.0,70,9.4,Gurugram
2019-07-16,27.2,86,10.4,Gurugram
2019-07-17,27.6,83,9.2,Gurugram
2019-07-18,27.9,80,4.7,Gurugram
2019-07-19,29.4,77,5.1,Gurugram
2019-07-20,29.9,80,7.4,Gurugram
2019-07-21,29.9,79,8.6,Gurugram
2019-07-22,30.7,78,7.3,Gurugram
2019-07-23,31.8,74,6.0,Gurugram
2019-07-24,31.4,74,10.0,Gurugram
2019-07-25,27.4,86,7.0,Gurugram
2019-07-26,27.1,87,8.9,Gurugram
2019-07-27,26.5,90,12.6,Gurugram
2019-07-28,27.9,87,14.8,Gurugram
2019-07-29,29.2,79,14.6,Gurugram
2019-07-30,29.0,78,11.8,Gurugram
2019-07-31,29.2,77,9.1,Gurugram
2019-08-01,29.4,81,9.0,Gurugram
2019-08-02,28.7,85,6.4,Gurugram
2019-08-03,28.2,88,7.6,Gurugram
2019-08-04,28.9,87,4.9,Gurugram
2019-08-05,29.1,85,5.9,Gurugram
2019-08-06,27.9,88,7.5,Gurugram
2019-08-07,27.9,88,5.1,Gurugram
2019-08-08,30.0,79,9.7,Gurugram
2019-08-09,29.4,73,22.0,Gurugram
2019-08-10,28.8,78,19.2,Gurugram
2019-08-11,29.6,77,8.5,Gurugram
2019-08-12,29.4,78,8.5,Gurugram
2019-08-13,29.4,81,9.8,Gurugram
2019-08-14,28.2,86,4.4,Gurugram
2019-08-15,28.6,84,13.0,Gurugram
2019-08-16,27.7,84,16.1,Gurugram
2019-08-17,26.1,89,18.8,Gurugram
2019-08-18,27.0,85,10.3,Gurugram
2019-08-19,27.9,83,5.5,Gurugram
2019-08-20,28.5,82,9.3,Gurugram
2019-08-21,29.2,77,8.8,Gurugram
2019-08-22,28.7,81,6.9,Gurugram
2019-08-23,29.2,80,5.7,Gurugram
2019-08-24,29.1,80,6.8,Gurugram
2019-08-25,27.5,87,8.2,Gurugram
2019-08-26,28.5,85,8.5,Gurugram
2019-08-27,29.7,79,6.6,Gurugram
2019-08-28,30.4,77,9.0,Gurugram
2019-08-29,30.0,80,9.0,Gurugram
2019-08-30,29.9,81,5.3,Gurugram
2019-08-31,30.5,76,5.5,Gurugram
2019-09-01,28.8,84,9.6,Gurugram
2019-09-02,29.5,82,4.7,Gurugram
2019-09-03,30.4,79,4.5,Gurugram
2019-09-04,29.2,84,8.0,Gurugram
2019-09-05,29.4,83,7.5,Gurugram
2019-09-06,29.8,81,7.9,Gurugram
2019-09-07,28.9,83,9.2,Gurugram
2019-09-08,29.4,81,6.8,Gurugram
2019-09-09,30.2,76,4.8,Gurugram
2019-09-10,30.7,72,5.6,Gurugram
2019-09-11,31.4,71,5.9,Gurugram
2019-09-12,30.6,77,13.0,Gurugram
2019-09-13,30.1,76,10.9,Gurugram
2019-09-14,29.0,77,11.6,Gurugram
2019-09-15,28.3,81,7.5,Gurugram
2019-09-16,29.7,77,5.5,Gurugram
2019-09-17,29.6,76,8.8,Gurugram
2019-09-18,28.8,78,11.2,Gurugram
2019-09-19,27.0,79,12.8,Gurugram
2019-09-20,27.3,81,7.4,Gurugram
2019-09-21,27.5,82,6.0,Gurugram
2019-09-22,27.2,82,9.4,Gurugram
2019-09-23,26.8,79,8.2,Gurugram
2019-09-24,27.0,80,8.8,Gurugram
2019-09-25,27.3,79,11.5,Gurugram
2019-09-26,27.7,76,14.8,Gurugram
2019-09-27,26.8,77,12.5,Gurugram
2019-09-28,25.7,82,11.7,Gurugram
2019-09-29,25.3,82,9.3,Gurugram
2019-09-30,25.8,82,7.8,Gurugram
2019-10-01,25.5,84,8.0,Gurugram
2019-10-02,26.9,77,5.1,Gurugram
2019-10-03,27.9,70,3.8,Gurugram
2019-10-04,26.1,73,7.4,Gurugram
2019-10-05,26.4,63,9.0,Gurugram
2019-10-06,26.5,61,6.6,Gurugram
2019-10-07,26.5,60,10.2,Gurugram
2019-10-08,26.0,58,6.7,Gurugram
2019-10-09,25.5,60,6.4,Gurugram
2019-10-10,26.1,59,4.5,Gurugram
2019-10-11,26.3,54,6.3,Gurugram
2019-10-12,26.8,57,6.6,Gurugram
2019-10-13,27.0,53,6.9,Gurugram
2019-10-14,27.1,55,7.6,Gurugram
2019-10-15,27.0,59,5.4,Gurugram
2019-10-16,27.6,55,6.2,Gurugram
2019-10-17,26.8,62,7.8,Gurugram
2019-10-18,26.2,65,9.5,Gurugram
2019-10-19,25.4,67,4.5,Gurugram
2019-10-20,25.4,51,8.5,Gurugram
2019-10-21,24.5,52,9.9,Gurugram
2019-10-22,23.8,49,11.2,Gurugram
2019-10-23,24.1,52,8.2,Gurugram
2019-10-24,24.4,60,7.0,Gurugram
2019-10-25,24.4,61,7.7,Gurugram
2019-10-26,24.4,61,6.6,Gurugram
2019-10-27,24.3,58,8.0,Gurugram
2019-10-28,24.4,56,6.1,Gurugram
2019-10-29,24.6,62,5.4,Gurugram
2019-10-30,25.2,62,6.8,Gurugram
2019-10-31,24.8,63,7.2,Gurugram
2019-11-01,25.4,63,6.1,Gurugram
2019-11-02,24.0,70,8.4,Gurugram
2019-11-03,23.4,72,7.8,Gurugram
2019-11-04,23.3,64,10.5,Gurugram
2019-11-05,22.3,60,10.4,Gurugram
2019-11-06,23.4,59,8.4,Gurugram
2019-11-07,21.9,71,9.8,Gurugram
2019-11-08,21.8,73,7.1,Gurugram
2019-11-09,21.2,64,9.8,Gurugram
2019-11-10,20.5,61,8.5,Gurugram
2019-11-11,20.1,61,7.5,Gurugram
2019-11-12,19.5,62,7.1,Gurugram
2019-11-13,20.7,66,6.1,Gurugram
2019-11-14,21.4,69,6.4,Gurugram
2019-11-15,20.7,71,8.6,Gurugram
2019-11-16,21.4,68,11.9,Gurugram
2019-11-17,21.2,64,15.3,Gurugram
2019-11-18,19.4,68,11.3,Gurugram
2019-11-19,19.0,69,7.7,Gurugram
2019-11-20,18.9,66,5.6,Gurugram
2019-11-21,19.8,64,5.9,Gurugram
2019-11-22,20.3,67,6.1,Gurugram
2019-11-23,20.2,66,8.4,Gurugram
2019-11-24,20.0,67,9.0,Gurugram
2019-11-25,19.7,70,6.0,Gurugram
2019-11-26,20.2,67,8.9,Gurugram
2019-11-27,18.9,74,6.8,Gurugram
2019-11-28,18.4,83,12.7,Gurugram
2019-11-29,17.7,81,6.1,Gurugram
2019-11-30,16.4,80,8.2,Gurugram
2019-12-01,14.8,76,8.0,Gurugram
2019-12-02,14.8,72,9.0,Gurugram
2019-12-03,14.7,69,10.0,Gurugram
2019-12-04,14.3,73,6.6,Gurugram
2019-12-05,14.6,75,6.4,Gurugram
2019-12-06,14.7,84,7.0,Gurugram
2019-12-07,15.6,79,5.6,Gurugram
2019-12-08,15.3,79,6.8,Gurugram
2019-12-09,15.2,73,5.6,Gurugram
2019-12-10,14.8,72,6.4,Gurugram
2019-12-11,15.4,73,6.1,Gurugram
2019-12-12,15.7,78,13.7,Gurugram
2019-12-13,15.0,85,12.1,Gurugram
2019-12-14,12.6,84,4.4,Gurugram
2019-12-15,12.4,82,7.7,Gurugram
2019-12-16,11.5,83,8.9,Gurugram
2019-12-17,10.8,82,8.9,Gurugram
2019-12-18,11.4,79,8.1,Gurugram
2019-12-19,11.3,79,5.9,Gurugram
2019-12-20,12.3,78,4.5,Gurugram
2019-12-21,12.6,85,5.7,Gurugram
2019-12-22,11.4,85,8.7,Gurugram
2019-12-23,11.7,80,8.2,Gurugram
2019-12-24,9.4,90,6.6,Gurugram
2019-12-25,8.1,88,8.7,Gurugram
2019-12-26,8.0,85,9.8,Gurugram
2019-12-27,6.8,88,7.3,Gurugram
2019-12-28,6.5,91,5.1,Gurugram
2019-12-29,6.7,88,5.5,Gurugram
2019-12-30,6.2,91,6.4,Gurugram
2019-12-31,6.4,82,7.9,Gurugram
2020-01-01,9.4,80,8.0,Gurugram
2020-01-02,12.9,79,8.3,Gurugram
2020-01-03,13.5,81,6.7,Gurugram
2020-01-04,13.5,79,5.8,Gurugram
2020-01-05,13.1,75,7.5,Gurugram
2020-01-06,13.5,76,6.2,Gurugram
2020-01-07,14.0,83,9.8,Gurugram
2020-01-08,13.0,91,9.1,Gurugram
2020-01-09,9.8,82,10.9,Gurugram
2020-01-10,9.1,80,10.9,Gurugram
2020-01-11,10.3,75,7.3,Gurugram
2020-01-12,12.2,75,6.9,Gurugram
2020-01-13,14.5,83,12.6,Gurugram
2020-01-14,13.2,83,9.3,Gurugram
2020-01-15,11.7,86,7.5,Gurugram
2020-01-16,12.0,91,7.5,Gurugram
2020-01-17,12.8,89,7.7,Gurugram
2020-01-18,12.2,89,5.8,Gurugram
2020-01-19,10.8,86,8.4,Gurugram
2020-01-20,11.3,84,6.9,Gurugram
2020-01-21,12.5,83,6.6,Gurugram
2020-01-22,11.8,84,9.0,Gurugram
2020-01-23,11.9,68,14.7,Gurugram
2020-01-24,12.2,62,14.9,Gurugram
2020-01-25,11.6,74,7.3,Gurugram
2020-01-26,13.5,78,6.3,Gurugram
2020-01-27,14.6,74,8.1,Gurugram
2020-01-28,14.1,82,13.1,Gurugram
2020-01-29,12.7,83,6.9,Gurugram
2020-01-30,11.8,80,9.9,Gurugram
2020-01-31,11.4,77,8.5,Gurugram
2020-02-01,11.6,76,7.1,Gurugram
2020-02-02,10.6,79,9.7,Gurugram
2020-02-03,11.5,73,7.2,Gurugram
2020-02-04,13.0,73,8.3,Gurugram
2020-02-05,12.6,76,9.2,Gurugram
2020-02-06,11.4,75,6.7,Gurugram
2020-02-07,12.3,72,6.8,Gurugram
2020-02-08,11.7,76,9.1,Gurugram
2020-02-09,13.0,73,7.2,Gurugram
2020-02-10,12.8,73,8.3,Gurugram
2020-02-11,13.7,71,6.6,Gurugram
2020-02-12,15.4,69,10.7,Gurugram
2020-02-13,18.5,59,15.0,Gurugram
2020-02-14,18.1,52,18.3,Gurugram
2020-02-15,16.8,48,13.7,Gurugram
2020-02-16,16.4,60,9.5,Gurugram
2020-02-17,16.6,57,9.1,Gurugram
2020-02-18,16.8,51,10.8,Gurugram
2020-02-19,18.0,55,14.9,Gurugram
2020-02-20,20.0,61,20.7,Gurugram
2020-02-21,16.3,83,16.7,Gurugram
2020-02-22,17.4,82,8.3,Gurugram
2020-02-23,17.4,83,7.2,Gurugram
2020-02-24,17.1,80,8.4,Gurugram
2020-02-25,17.6,73,9.6,Gurugram
2020-02-26,18.7,69,6.8,Gurugram
2020-02-27,19.5,75,8.3,Gurugram
2020-02-28,20.5,72,16.4,Gurugram
2020-02-29,18.7,82,15.0,Gurugram
2020-03-01,18.9,81,8.9,Gurugram
2020-03-02,19.5,79,6.0,Gurugram
2020-03-03,19.5,70,7.0,Gurugram
2020-03-04,19.3,72,8.8,Gurugram
2020-03-05,18.6,77,13.2,Gurugram
2020-03-06,16.5,85,16.3,Gurugram
2020-03-07,15.7,85,9.9,Gurugram
2020-03-08,16.2,78,7.3,Gurugram
2020-03-09,16.4,68,11.9,Gurugram
2020-03-10,16.9,65,7.1,Gurugram
2020-03-11,18.7,72,13.3,Gurugram
2020-03-12,19.7,64,13.0,Gurugram
2020-03-13,18.3,63,9.0,Gurugram
2020-03-14,16.6,81,11.2,Gurugram
2020-03-15,16.2,76,6.5,Gurugram
2020-03-16,17.4,76,9.0,Gurugram
2020-03-17,18.8,71,9.8,Gurugram
2020-03-18,20.3,66,10.0,Gurugram
2020-03-19,21.0,67,6.9,Gurugram
2020-03-20,21.5,66,8.3,Gurugram
2020-03-21,21.9,68,5.5,Gurugram
2020-03-22,22.1,66,7.6,Gurugram
2020-03-23,22.4,62,5.0,Gurugram
2020-03-24,24.0,60,7.8,Gurugram
2020-03-25,23.5,63,8.6,Gurugram
2020-03-26,23.5,59,11.0,Gurugram
2020-03-27,21.3,75,10.4,Gurugram
2020-03-28,21.0,69,9.1,Gurugram
2020-03-29,21.8,58,12.8,Gurugram
2020-03-30,21.8,55,10.8,Gurugram
2020-03-31,22.5,56,10.2,Gurugram
2020-04-01,23.8,55,7.4,Gurugram
2020-04-02,23.1,52,12.9,Gurugram
2020-04-03,22.0,46,10.8,Gurugram
2020-04-04,22.9,49,10.5,Gurugram
2020-04-05,24.0,52,8.8,Gurugram
2020-04-06,26.1,46,9.1,Gurugram
2020-04-07,24.5,47,11.9,Gurugram
2020-04-08,24.6,48,11.0,Gurugram
2020-04-09,23.9,48,10.2,Gurugram
2020-04-10,25.5,45,7.8,Gurugram
2020-04-11,27.2,41,8.0,Gurugram
2020-04-12,27.5,43,9.3,Gurugram
2020-04-13,28.9,42,10.0,Gurugram
2020-04-14,30.2,39,7.3,Gurugram
2020-04-15,30.6,34,10.7,Gurugram
2020-04-16,30.1,35,9.9,Gurugram
2020-04-17,29.3,34,11.0,Gurugram
2020-04-18,29.4,36,13.8,Gurugram
2020-04-19,27.7,43,9.4,Gurugram
2020-04-20,26.3,44,8.9,Gurugram
2020-04-21,26.2,50,8.4,Gurugram
2020-04-22,27.7,40,7.5,Gurugram
2020-04-23,28.9,37,9.9,Gurugram
2020-04-24,28.9,39,5.9,Gurugram
2020-04-25,28.6,41,8.1,Gurugram
2020-04-26,27.3,54,13.7,Gurugram
2020-04-27,25.5,68,15.6,Gurugram
2020-04-28,26.4,65,8.8,Gurugram
2020-04-29,28.6,54,6.7,Gurugram
2020-04-30,29.4,50,10.4,Gurugram
2020-05-01,30.8,52,10.5,Gurugram
2020-05-02,29.8,55,18.3,Gurugram
2020-05-03,27.8,65,14.9,Gurugram
2020-05-04,27.2,66,6.4,Gurugram
2020-05-05,28.6,50,7.1,Gurugram
2020-05-06,28.6,43,7.0,Gurugram
2020-05-07,28.9,43,11.0,Gurugram
2020-05-08,30.8,38,9.1,Gurugram
2020-05-09,31.6,39,9.9,Gurugram
2020-05-10,29.9,51,12.5,Gurugram
2020-05-11,29.4,55,11.0,Gurugram
2020-05-12,29.7,52,10.0,Gurugram
2020-05-13,29.8,54,7.9,Gurugram
2020-05-14,30.2,54,7.4,Gurugram
2020-05-15,31.0,42,10.7,Gurugram
2020-05-16,31.4,32,11.2,Gurugram
2020-05-17,31.7,31,10.1,Gurugram
2020-05-18,31.4,28,8.7,Gurugram
2020-05-19,31.9,23,8.8,Gurugram
2020-05-20,30.5,25,12.1,Gurugram
2020-05-21,32.1,24,12.5,Gurugram
2020-05-22,34.1,24,7.2,Gurugram
2020-05-23,35.2,24,10.1,Gurugram
2020-05-24,35.9,21,12.8,Gurugram
2020-05-25,35.6,21,11.8,Gurugram
2020-05-26,36.6,18,11.8,Gurugram
2020-05-27,36.5,18,11.6,Gurugram
2020-05-28,33.6,38,18.8,Gurugram
2020-05-29,29.9,60,19.5,Gurugram
2020-05-30,28.1,62,12.2,Gurugram
2020-05-31,26.8,69,8.3,Gurugram
2020-06-01,27.9,66,5.7,Gurugram
2020-06-02,28.8,61,6.1,Gurugram
2020-06-03,29.8,58,5.9,Gurugram
2020-06-04,29.6,57,6.2,Gurugram
2020-06-05,28.9,60,8.4,Gurugram
2020-06-06,29.0,61,7.2,Gurugram
2020-06-07,30.5,59,9.3,Gurugram
2020-06-08,30.7,60,6.4,Gurugram
2020-06-09,32.8,51,7.2,Gurugram
2020-06-10,33.3,52,7.5,Gurugram
2020-06-11,33.3,54,5.0,Gurugram
2020-06-12,33.7,51,9.0,Gurugram
2020-06-13,33.5,54,8.4,Gurugram
2020-06-14,33.6,55,8.1,Gurugram
2020-06-15,34.1,49,8.4,Gurugram
2020-06-16,33.8,47,10.4,Gurugram
2020-06-17,34.0,50,11.2,Gurugram
2020-06-18,34.6,49,9.3,Gurugram
2020-06-19,35.6,48,13.3,Gurugram
2020-06-20,33.4,54,10.9,Gurugram
2020-06-21,33.2,53,8.6,Gurugram
2020-06-22,31.6,62,7.0,Gurugram
2020-06-23,31.4,64,13.3,Gurugram
2020-06-24,30.5,71,11.1,Gurugram
2020-06-25,31.8,66,6.1,Gurugram
2020-06-26,32.4,64,9.7,Gurugram
2020-06-27,33.5,58,12.2,Gurugram
2020-06-28,34.8,50,13.7,Gurugram
2020-06-29,34.7,50,10.7,Gurugram
2020-06-30,32.5,62,12.8,Gurugram
2020-07-01,33.2,59,8.0,Gurugram
